date,baseline,stoch,rsi,stoch_and_rsi
2024-03-18,-2414.19,-1022.65,196.48,0.00
2024-03-19,-4707.58,-2983.06,-1245.64,-2060.37
2024-03-20,-4454.86,-6944.77,-2513.83,-3560.83
2024-03-21,-3121.27,-2871.39,-1775.49,-1097.31
2024-03-22,-5830.73,-5364.48,-2883.26,-1991.99
2024-03-26,-7679.19,-5613.65,-6804.60,-3111.95
2024-03-27,-7540.13,-6464.76,-3354.79,-2861.86
2024-03-28,-4763.94,-6897.51,-3920.38,-1486.85
2024-04-01,-5384.93,-4835.42,-3123.78,-1131.93
2024-04-02,-1480.58,-2249.77,-839.26,-1938.31
2024-04-03,-5327.18,-1916.77,186.82,248.08
2024-04-04,-6877.31,-6468.84,-3081.60,-1675.64
2024-04-05,-2606.79,-4854.88,-4243.73,-1506.60
2024-04-08,-749.59,-805.14,0.00,0.00
2024-04-09,-7429.67,-5598.76,-4628.86,-3848.11
2024-04-10,-6688.51,-5776.14,-4314.49,-2090.57
2024-04-12,-5825.05,-7804.14,-7011.05,-4120.01
2024-04-15,-4515.09,-3213.44,-6081.67,-3497.76
2024-04-16,-139.37,-21.08,-6.61,-21.08
2024-04-18,-4000.36,-3018.05,-3834.18,1634.61
2024-04-19,-2781.20,-2137.04,-1534.97,-1759.37
2024-04-22,-3782.61,-1603.92,-1702.77,-691.23
2024-04-23,-6014.77,-5405.74,-3293.59,-1024.06
2024-04-24,-185.46,0.00,0.00,0.00
2024-04-25,-1625.63,-6222.52,-4942.90,-3165.23
2024-04-26,-1679.63,-1986.22,-818.50,557.47
2024-04-29,-4972.64,-3865.32,-3839.70,-2947.11
2024-04-30,-4709.60,-7155.22,-4559.85,-3410.26
2024-05-02,-989.54,178.20,-987.74,0.00
2024-05-03,-6162.98,-5077.70,-1829.74,-653.94
2024-05-06,-2330.98,1240.41,-161.97,282.59
2024-05-07,1996.09,-7797.26,-8708.97,-4751.80
2024-05-08,-1912.41,-3506.52,-1286.72,-2513.96
2024-05-09,-10404.52,-11074.64,-11511.26,-7257.80
2024-05-10,-871.26,0.30,1.33,0.00
2024-05-13,-2531.77,-1791.80,-527.72,-840.72
2024-05-14,-3704.89,-3763.47,-2994.27,-413.70
2024-05-15,-3522.08,-6368.73,-4127.28,-3332.36
2024-05-16,218.05,-2969.78,-3488.19,-4937.87
2024-05-17,-2838.50,-1375.47,-1730.76,-568.69
2024-05-21,-8134.15,-5016.59,-7086.31,-2186.89
2024-05-22,-4947.51,-3019.52,-3039.79,-1222.98
2024-05-23,-6139.39,-1700.39,447.41,332.77
2024-05-24,-3884.85,-640.85,165.36,-177.64
2024-05-27,-4877.69,-1453.40,-2610.19,-2012.43
2024-05-28,-7098.61,-5360.06,-4356.15,-3397.88
2024-05-29,-4429.38,-2620.47,-1809.66,-1987.82
2024-05-30,-2578.24,-4726.97,-3413.74,-4540.09
2024-05-31,-4975.00,-4084.58,-3716.74,-3551.09
2024-06-03,-904.28,-860.67,-817.54,-817.54
2024-06-04,-16788.66,-7172.64,-10031.79,3353.02
2024-06-05,8586.80,12520.30,86.47,4202.01
2024-06-06,-5109.94,-8763.09,-1312.85,-1312.85
2024-06-07,-11165.34,1939.17,-4748.70,-1958.74
2024-06-10,-2418.18,-2588.27,-2394.80,-636.56
2024-06-11,-67.89,-834.23,0.00,0.00
2024-06-12,-5253.92,-5509.42,-3332.46,-1314.44
2024-06-13,-2259.63,-2039.97,-898.55,119.46
2024-06-14,-6109.89,-1669.13,-4252.89,-806.78
2024-06-18,-5615.36,-5943.43,-5435.40,-3745.15
2024-06-19,-897.24,-919.76,0.00,0.00
2024-06-20,-4016.39,-990.29,-886.72,135.73
2024-06-21,-2747.57,-4842.32,-2517.23,-1984.95
2024-06-24,-5034.67,-4464.16,-2428.37,-1030.50
2024-06-25,-5575.16,-2160.95,-1671.15,133.68
2024-06-26,-2591.21,-3169.45,-907.69,-649.80
2024-06-27,-608.72,315.92,0.00,0.00
2024-06-28,-803.49,-3750.69,211.52,0.00
2024-07-01,-5203.44,-3600.04,-1651.39,-939.57
2024-07-02,-8956.68,-6833.20,-5296.54,-2528.74
2024-07-03,-7080.66,-3037.93,-2242.92,-2056.21
2024-07-04,-4345.04,-2919.94,-1858.15,365.75
2024-07-05,-1585.83,-1579.41,-1601.53,-1579.41
2024-07-08,-6440.48,-3660.65,-4745.80,-1288.78
2024-07-09,-4571.78,-6334.09,-3679.95,-4036.24
2024-07-10,-3332.08,731.94,-976.13,1159.70
2024-07-11,-2827.89,-1005.02,-881.85,0.00
2024-07-12,-4485.85,-4086.09,-2349.75,-884.55
2024-07-15,-4262.18,-2520.70,-3411.28,-1800.11
2024-07-16,-9850.77,-6333.01,-1776.75,-1547.25
2024-07-18,-1521.29,-1842.98,-1240.00,474.62
2024-07-19,-4236.88,-2501.97,-4065.97,-1697.96
2024-07-22,-1634.01,-395.26,-665.71,-1006.54
2024-07-23,-1928.20,3580.21,1993.49,4722.30
2024-07-24,-5806.92,-3402.63,-2490.37,-1635.88
2024-07-25,-8189.33,-7798.88,-3557.84,1072.36
2024-07-26,-7492.66,-4779.09,-5484.23,-2975.77
2024-07-29,-1936.58,-1885.98,-13.02,-13.02
2024-07-30,-5568.79,-5092.03,-2423.51,-912.42
2024-07-31,-7461.86,-1776.03,-3654.73,-863.22
2024-08-01,-7365.51,-2462.62,-2746.95,-1581.88
2024-08-02,-9809.33,-7196.57,-3530.68,-2191.59
2024-08-05,672.94,2208.45,2202.77,839.07
2024-08-06,-2234.43,-728.87,-1072.35,-1011.19
2024-08-07,-7463.94,-6188.07,-3636.62,-1864.03
2024-08-08,-6424.81,-4348.43,-1065.31,-1065.31
2024-08-09,-5770.88,-7281.34,-1760.28,-2242.89
2024-08-12,-3888.34,-4519.74,-878.26,-1058.77
2024-08-13,-7983.68,-8175.80,-3624.78,-3523.98
2024-08-14,283.46,-942.10,214.38,0.00
2024-08-16,-3638.51,-4153.52,-4455.36,-944.04
2024-08-19,-4413.45,-3860.43,-2869.61,-2259.22
2024-08-20,-1293.50,-1687.51,-1675.66,-48.11
2024-08-21,-5417.31,-4212.96,-3258.90,-1760.18
2024-08-22,-162.22,-920.85,-910.89,0.00
2024-08-23,-6085.65,-6072.96,-2871.34,-2049.75
2024-08-26,-4100.33,-5094.75,-2236.87,-2236.87
2024-08-27,-6162.99,-5585.34,-6710.53,-4286.26
2024-08-28,-2596.32,-1461.67,-1792.15,-1792.15
2024-08-29,-9402.87,-6088.34,-5423.03,-3731.86
2024-08-30,-901.53,-46.97,0.00,0.00
2024-09-02,-6688.17,-7567.57,-1028.09,-809.56
2024-09-03,-4325.62,-4797.94,-1056.44,-1235.28
2024-09-04,-3514.89,-3364.20,-2768.00,-1029.15
2024-09-05,-2067.81,-3724.31,-2567.45,-1702.30
2024-09-06,-3519.67,-1130.76,-2054.94,-1012.01
2024-09-09,-6200.19,-1252.17,-1500.33,-1230.31
2024-09-10,-8296.96,-3600.06,-2201.42,-12.83
2024-09-11,-8754.22,-7658.53,-4320.46,-3180.45
2024-09-12,-4082.22,-3494.30,-1138.39,0.00
2024-09-13,-5012.79,-2974.20,-1055.96,-738.47
2024-09-16,-3192.41,-3904.10,-4013.16,-2077.28
2024-09-17,-5749.13,-1928.54,-1311.81,-954.70
2024-09-18,-4612.63,-5887.03,-3042.20,-1475.32
2024-09-19,-8169.47,-4414.93,-5396.16,-3051.26
2024-09-20,-7583.64,-2550.95,-3109.77,-2837.81
2024-09-23,-1557.52,108.27,-642.67,108.27
2024-09-24,-10635.39,-5961.88,-4758.07,-4660.87
2024-09-25,-6637.74,-4618.94,-2857.06,-460.55
2024-09-26,-4545.76,-4790.45,-6229.82,456.00
2024-09-27,-3629.89,-4440.88,856.73,-642.59
2024-09-30,-5050.46,-4869.83,-1759.75,-387.39
2024-10-01,276.18,309.84,302.48,309.84
2024-10-03,-4541.07,-3623.23,-2478.73,385.59
2024-10-04,-10481.70,-6793.77,-9088.38,-6815.63
2024-10-07,-3117.65,-2711.99,-2676.89,-1595.18
2024-10-08,-1765.31,-5351.80,656.63,-3398.38
2024-10-09,-971.69,-837.71,-776.79,0.00
2024-10-10,-3062.19,-6636.35,-4258.42,-1642.73
2024-10-11,-6158.04,-1145.45,-607.99,-543.34
2024-10-14,-6631.11,-4858.99,-2250.47,-1775.20
2024-10-15,-3078.94,-4350.21,51.20,-915.31
2024-10-16,-10589.12,-6344.25,-4745.20,-3557.26
2024-10-17,-2152.77,-1264.93,-1264.93,-1264.93
2024-10-18,-6303.52,-2449.73,-150.56,244.06
2024-10-21,-2541.73,-3742.65,-2747.67,-1792.31
2024-10-22,-4047.32,-5946.52,-2753.72,-5946.52
2024-10-23,-5561.31,-1303.71,537.65,0.00
2024-10-24,-8304.04,-6038.13,-2914.29,-1150.43
2024-10-25,-1039.88,-1010.92,0.00,0.00
2024-10-28,-8963.58,-4367.54,595.81,-2269.40
2024-10-29,-8613.31,-3067.65,-5501.04,23.03
2024-10-30,-3720.92,-2594.09,-2088.56,-2212.00
2024-10-31,-5304.70,-1234.21,-1037.44,449.92
2024-11-04,-2225.82,-2474.73,-3030.39,-1185.14
2024-11-05,-7335.86,-2731.54,-1840.06,-1612.34
2024-11-06,-3763.81,-4716.56,-4853.37,-4330.03
2024-11-07,-8492.14,-2297.84,-3759.35,-2035.42
2024-11-08,-4466.28,-4958.79,-3353.48,-776.40
2024-11-11,-6933.52,-7621.68,-8772.45,-7217.52
2024-11-12,-3971.85,-2893.79,-7628.40,-4416.41
2024-11-13,-1295.67,-816.25,438.56,311.11
2024-11-14,-7562.62,-7797.47,-6193.40,-3263.38
2024-11-18,-687.06,150.12,-830.56,0.00
2024-11-19,-7066.34,-7158.50,-6074.01,-2813.14
2024-11-21,-2150.53,-1629.20,-3058.60,-906.82
2024-11-22,-11986.18,-10499.96,-9665.07,-5616.74
2024-11-25,-2072.48,265.35,-3197.85,-998.79
2024-11-26,-985.94,-992.79,0.00,0.00
2024-11-27,-7649.40,-7195.24,-3553.42,-1115.31
2024-11-28,-5190.18,-5847.46,360.66,0.00
2024-11-29,-8477.63,-3400.50,-3639.20,-456.65
2024-12-02,-5458.95,-2615.17,-1349.03,-901.14
2024-12-03,-3746.77,-229.22,-540.30,-820.78
2024-12-04,-965.30,-133.63,30.79,0.00
2024-12-05,-5659.24,-2896.25,-5554.61,-5155.31
2024-12-06,-3820.35,-1916.56,-830.32,-830.32
2024-12-09,-5257.82,-3962.77,-3143.09,-1585.44
2024-12-10,-8516.90,-3402.16,-4006.78,148.67
2024-12-11,-5160.22,-1114.07,-3819.78,498.74
2024-12-12,-1017.94,-963.43,-1847.94,-904.43
2024-12-13,-6802.39,-7988.09,-3723.74,-2246.24
2024-12-16,-6290.96,-3938.11,-2002.01,-1134.41
2024-12-17,-6942.74,-6551.02,-3653.13,-4186.15
2024-12-18,-6049.99,-1001.05,-990.98,-319.37
2024-12-19,-7027.18,-1432.15,-3072.64,-549.44
2024-12-20,306.20,0.00,0.00,0.00
2024-12-23,-8305.95,-4611.43,-3946.81,-1970.70
2024-12-24,-2468.09,-1844.41,-1930.93,-947.94
2024-12-26,-7329.76,-2533.11,-1904.58,-858.52
2024-12-27,-3989.65,-5920.25,-3897.15,-2822.14
2024-12-30,-3137.41,-4836.95,-6653.53,-3709.87
2024-12-31,-4261.08,-1542.30,691.93,-732.64
2025-01-01,-6234.23,-1813.91,-706.88,-979.39
2025-01-02,-5305.23,-4300.06,-5007.47,-5131.35
2025-01-03,-8124.64,-4557.64,-5075.87,-2935.48
2025-01-06,-9303.34,-811.21,-5888.54,-385.56
2025-01-07,-6499.07,-3302.88,-1656.86,-1871.81
2025-01-08,-3808.85,-7313.51,-933.30,85.00
2025-01-09,-5193.20,-550.28,-5894.76,-1041.73
2025-01-10,-7652.21,-7022.41,-1900.42,-2516.55
2025-01-13,119.03,0.00,0.00,0.00
2025-01-14,-10168.13,-6341.70,-6731.91,-4230.44
2025-01-15,-5912.16,-720.41,564.87,-1465.06
2025-01-16,-6708.73,-6078.99,-5025.78,-3193.83
2025-01-17,-6163.03,-2681.71,-4958.36,-2711.24
2025-01-20,-2564.17,-2737.28,-1518.42,-1670.94
2025-01-21,651.78,0.00,303.14,0.00
2025-01-22,-3058.28,-3089.82,-1116.65,-1277.44
2025-01-23,-6797.19,-4784.41,-7217.94,-2780.94
2025-01-24,-11834.67,-3625.66,-6683.64,-2953.39
2025-01-27,-6099.04,-5059.51,-2749.31,-763.47
2025-01-28,-5563.33,-3296.87,-4178.00,-125.46
2025-01-29,-1049.72,-1007.92,0.00,0.00
2025-01-30,-4372.33,-1037.38,-2255.77,420.98
2025-01-31,-7650.05,-8233.33,-5975.69,-6009.27
2025-02-01,-6121.99,3361.36,-3702.28,-414.33
2025-02-03,-10950.58,-9380.90,-5071.53,-2730.13
2025-02-04,-6752.81,-5086.98,-5700.55,-951.76
2025-02-05,-3693.48,-3131.49,-2275.02,-1760.30
2025-02-06,-1905.47,-149.95,-71.55,0.00
2025-02-07,-6374.53,-4802.01,-2651.92,-2089.10
2025-02-10,-9688.11,-9012.57,-4257.43,-2232.14
2025-02-11,-11618.69,-9575.94,-12203.96,-11078.83
2025-02-12,-3782.74,412.66,115.39,0.00
2025-02-13,-7009.00,-3477.45,-3394.73,-2476.02
2025-02-14,-2488.28,-2279.03,0.00,0.00
2025-02-17,-4522.79,-4676.86,-2878.60,-1191.24
2025-02-18,-4207.57,-4558.41,-2244.57,-2244.57
2025-02-19,-3582.31,-5349.29,-3212.47,-2410.69
2025-02-20,-6929.46,-3277.97,-3293.83,-959.35
2025-02-21,-5435.90,-2384.74,-4414.86,-3240.96
2025-02-24,-5592.21,-1708.24,-865.58,161.57
2025-02-25,-8465.80,-4872.84,-6949.05,-2814.04
2025-02-27,-9375.49,-6623.24,-3765.78,-642.19
2025-02-28,-11184.04,-7912.89,-5887.96,-4468.04
2025-03-03,-3236.14,-2829.37,-2781.25,-643.03
2025-03-04,-3463.64,-1715.46,25.68,-1425.34
2025-03-05,-10002.29,-7556.08,-4631.59,-3980.56
2025-03-06,-10816.48,-6303.17,-2648.08,-1505.50
2025-03-07,-3811.45,-3322.72,-2975.28,-1020.76
2025-03-10,170.96,162.60,156.23,15.59
2025-03-11,-5082.86,-3847.91,-2392.77,0.00
2025-03-12,-3110.20,-2606.24,31.63,-264.73
2025-03-13,-8193.09,-5772.83,-3436.50,-2001.87
2025-03-17,-8818.56,-2392.79,-3353.14,-1349.48
2025-03-18,-1014.43,-1003.43,-976.37,-1003.43
2025-03-19,-6443.72,-4135.93,-2314.92,-1926.24
2025-03-20,-5984.97,-4456.49,-4269.63,-2440.66
2025-03-21,-5183.70,-5171.09,-8180.24,-3953.48
2025-03-24,-3780.34,-3124.39,-608.59,-658.77
2025-03-25,-1763.51,-2861.89,1510.32,-95.84
2025-03-26,-1812.15,-1093.59,-1032.87,-1032.87
2025-03-27,-2802.89,-2644.14,389.96,-1017.31
2025-03-28,-4892.15,-4771.03,-3229.01,-2449.21
2025-04-01,-3589.42,-2794.04,-546.11,514.89
2025-04-02,-2607.77,-3087.65,-1127.54,-1104.60
2025-04-03,-902.62,-243.22,-741.14,0.00
2025-04-04,-11407.42,-5954.95,-4723.27,-3350.90
2025-04-07,-1177.76,1938.02,3612.16,1618.30
2025-04-08,-8792.07,-9708.01,-4358.82,-4885.67
2025-04-09,-10241.68,-4266.52,-2446.61,804.27
2025-04-11,-148.91,-156.67,0.00,0.00
2025-04-15,-3681.69,-4170.81,-1696.94,-754.42
2025-04-16,-6205.16,-4628.73,-1021.61,-607.81
2025-04-17,-9451.37,-3417.97,-2211.54,-2189.95
2025-04-21,-7377.64,-3701.73,-2893.12,-918.39
2025-04-22,-8618.72,-6537.55,-4776.49,-4846.52
2025-04-23,-3983.69,-2739.10,-2499.85,-1847.29
2025-04-24,-5070.72,-1916.02,-2828.61,223.29
2025-04-25,-10065.87,-2963.50,-8078.17,-2323.32
2025-04-28,-5083.26,-4688.89,-1806.67,-1628.93
2025-04-29,-8638.03,-5091.00,-3330.48,-2503.55
2025-04-30,-6805.98,-6791.33,-4818.52,-4706.21
2025-05-02,-8302.67,-10293.94,-4516.26,-5199.05
2025-05-05,-893.70,0.00,0.00,0.00
2025-05-06,-5095.07,-4525.44,-5027.53,-2910.53
2025-05-07,-3823.11,-3390.67,-2062.12,-2026.91
2025-05-08,-7032.50,-4899.36,-5294.67,-4203.36
2025-05-09,-6033.04,-4551.26,-2099.37,0.00
2025-05-12,-1663.24,-1738.01,295.33,115.31
2025-05-13,-2351.14,446.47,-2234.75,168.86
2025-05-14,-4183.26,-2206.28,416.68,-507.84
2025-05-15,-9304.55,-11781.66,-11994.56,-7283.75
2025-05-16,-7558.29,-5170.54,-3132.15,-977.57
2025-05-19,-2350.48,-2528.61,-153.97,0.00
2025-05-20,-7977.97,-7514.94,-5921.81,-5723.99
2025-05-21,-918.18,-837.37,0.00,0.00
2025-05-22,-2075.05,-1480.04,-3648.80,-1820.97
2025-05-23,-2596.65,-2461.29,-3119.51,-1157.01
2025-05-26,-4177.15,-789.83,-811.44,-944.08
2025-05-27,-57.45,-455.16,-500.29,-602.59
2025-05-28,-1803.91,-3687.79,-861.97,-846.97
2025-05-29,-82.53,-788.32,-787.61,-793.17
2025-05-30,-5644.20,-4558.53,-1823.76,-1823.76
2025-06-02,-7966.68,-3276.41,-5396.81,-673.75
2025-06-03,-4067.32,-1104.05,-1953.62,-903.02
2025-06-04,-4229.49,-2857.45,-1173.81,-1005.82
2025-06-05,-8396.58,-4833.61,-2788.96,-2944.07
2025-06-06,-1130.68,-73.16,0.00,0.00
2025-06-09,-3470.18,-4931.20,-2360.18,-919.68
2025-06-10,-4265.67,-2438.40,-2499.00,-1374.76
2025-06-11,-6014.82,-6800.27,-4931.13,-5778.15
2025-06-12,-6054.18,-7514.37,-10265.60,-5454.99
2025-06-13,-5240.13,-2994.21,-1786.06,-1055.86
2025-06-16,-4387.59,-1220.56,-1682.15,0.00
2025-06-17,-7260.91,-4691.62,-3606.95,-2726.22
2025-06-18,-5697.86,-2889.60,-850.58,-23.65
2025-06-19,-5285.04,-5364.41,-4315.67,-2798.94
2025-06-20,-1851.25,-798.88,284.43,69.47
2025-06-23,-2801.93,-4982.06,-2011.39,-1981.27
2025-06-24,-7189.19,-5533.27,-2649.05,-2580.77
2025-06-25,-4285.95,-3367.04,-1163.19,-1065.72
2025-06-26,-8117.24,-3275.06,-1935.96,-800.23
2025-06-27,-4929.56,-4350.63,-1178.93,-2770.40
2025-06-30,-1372.01,-1108.89,-91.27,-138.55
2025-07-01,-6832.19,-4356.71,-3774.33,-2145.91
2025-07-02,-7218.96,-2866.56,-3691.40,-1614.98
2025-07-03,-3754.63,-2665.13,-14.01,-126.18
2025-07-04,-4347.67,-3199.22,-3417.75,-1415.66
2025-07-07,-7882.50,-2073.72,-2714.53,-1465.51
2025-07-08,-360.58,-100.89,-246.78,-259.68
2025-07-09,-3056.13,-665.48,-2190.09,-59.50
2025-07-10,-6190.41,-5543.70,-2873.50,-2501.05
2025-07-11,-7325.53,-4515.04,-1710.04,318.76
2025-07-14,-3560.01,-3576.10,-436.07,435.56
2025-07-15,-7475.05,-6897.16,-4460.23,-3562.82
2025-07-16,-965.86,-850.98,-807.21,-85.37
2025-07-17,-2495.50,-2936.12,-2494.88,-2483.89
2025-07-18,-5300.00,-3632.03,-2536.75,-1106.81
2025-07-21,-3097.85,-3675.49,-849.66,-863.57
2025-07-22,-6418.24,-3545.83,-2601.40,-2333.97
2025-07-23,-4912.96,-3071.51,-1943.75,-1885.39
2025-07-24,-1644.94,-618.81,-1651.11,-601.55
2025-07-25,-8671.11,-894.68,-5889.81,-55.73
2025-07-28,-7362.68,-6257.96,-5073.26,-5090.15
2025-07-29,-2158.28,-161.70,-913.95,0.00
2025-07-30,-3490.62,-4084.02,-2063.08,-3068.62
2025-07-31,-3483.62,-5384.34,-1580.19,-2458.12
2025-08-01,-304.25,42.47,-1438.59,0.00
2025-08-04,-2561.46,-3770.39,-590.91,-1085.78
2025-08-05,-6360.54,-1778.75,-2525.31,-646.93
2025-08-06,-7281.66,-7371.31,-2726.74,-808.18
2025-08-07,-6488.32,-3808.03,-2607.96,-136.90
2025-08-08,-5404.14,-1460.01,-1643.21,158.41
2025-08-11,-3220.50,-5352.07,-2306.97,-2308.93
2025-08-12,-8101.70,-7322.02,-5544.06,-2109.64
2025-08-13,-7093.78,-7728.29,-6329.35,-5949.51
2025-08-14,-7023.11,-3428.47,-2238.97,-2334.57
2025-08-18,-6531.93,-6635.76,-4777.53,-3052.77
2025-08-19,-5902.04,-8187.22,-5738.44,-4693.10
2025-08-20,-9301.89,-6579.39,-6165.92,-3929.21
2025-08-21,-9426.51,-5633.63,-5947.71,-2314.33
2025-08-22,-5999.26,-6012.12,-3640.96,-2914.67
2025-08-25,-1555.94,-1499.59,0.00,0.00
2025-08-26,-5125.28,-6327.56,-1231.47,-1578.42
2025-08-28,-3630.74,-2986.21,-3604.92,-2583.19
2025-08-29,-5286.28,-4755.96,-3925.70,-3303.92
2025-09-01,-6559.96,-4656.38,-2027.85,-2010.65
2025-09-02,-145.56,-80.37,0.00,0.00
2025-09-03,-5088.62,-6096.93,-4332.49,-2749.14
2025-09-04,-7676.25,-5280.99,-3861.15,-3277.85
2025-09-05,-9016.14,-8672.14,-5564.76,-5676.54
2025-09-08,-6590.42,-4606.46,-2766.23,-838.03
2025-09-09,-5572.73,-4268.01,-2660.26,-136.02
2025-09-10,-187.54,-595.56,-595.56,-595.56
2025-09-11,-6234.32,-5388.38,-2886.21,-2663.44
2025-09-12,-6866.40,-3424.01,-2779.69,-1550.82
2025-09-15,-5504.03,-3220.77,-1366.44,-1045.44
2025-09-16,-5835.83,-3499.02,-3642.08,-1789.62
2025-09-17,-5073.76,-4770.80,-2323.41,-1555.62
2025-09-18,-889.61,0.00,0.00,0.00
2025-09-19,-6113.95,-2490.06,-4251.40,-1861.34
2025-09-22,-4204.52,-4741.67,-2671.99,-2828.15
2025-09-23,-818.94,-3468.21,-634.88,118.04
2025-09-24,-7480.61,-7408.53,-4342.03,-4752.13
2025-09-25,-6542.85,-5632.08,-5645.16,-4646.63
2025-09-26,-1726.86,-579.80,-879.27,-561.17
2025-09-29,-5933.19,-4445.72,-1714.55,345.23
2025-09-30,-7154.07,-5740.92,-4373.61,-2670.03
2025-10-01,-5462.02,-2662.94,-2539.01,-2554.70
2025-10-03,-7529.56,-4269.32,-3611.17,-2364.10
2025-10-06,-9047.47,-4891.30,-2509.39,-1341.74
2025-10-07,-4842.75,-3564.03,-595.38,-1990.68
2025-10-08,-7514.51,-4469.30,-3839.47,-1956.84
2025-10-09,-5609.68,-4551.78,-1794.30,-1953.87
2025-10-10,-5397.61,-2163.32,-2639.94,-1120.83
2025-10-13,-3276.40,-3795.64,-2055.60,0.00
2025-10-14,-5476.07,-1333.18,-1699.17,-1004.97
2025-10-15,-5352.75,-3042.64,-5009.40,-2394.86
2025-10-16,-5318.43,-3565.00,-6216.70,-4149.25
2025-10-17,-5722.37,-5285.67,-2522.07,-1805.42
2025-10-20,134.88,0.00,0.00,0.00
2025-10-23,-8143.61,-7932.84,-3580.19,-1169.33
2025-10-24,-7195.77,-2333.34,-2112.00,-1355.60
2025-10-27,-5566.63,-4074.09,-2571.73,-793.49
2025-10-28,-1603.18,-898.51,-1595.56,-784.10
2025-10-29,-6138.87,-3809.37,-5654.30,-1138.83
2025-10-30,-6253.25,-3941.36,-1538.35,-914.56
2025-10-31,-5216.18,-4625.51,-2846.58,-396.56
2025-11-03,-6723.98,-4829.36,-2258.04,-1554.72
2025-11-04,-4403.85,-3243.14,-1108.04,570.25
2025-11-06,-5628.86,-4413.59,-4696.40,-1918.42
2025-11-07,-3240.89,-3750.21,-1621.39,-1110.37
2025-11-10,-5741.36,-2311.70,-1686.63,-2464.17
2025-11-11,-4266.69,-4000.51,418.20,-1213.65
2025-11-12,-2948.72,-2508.20,-2035.34,-1743.79
2025-11-13,-759.65,-1407.77,0.00,0.00
2025-11-14,-4704.29,-1987.75,-811.41,-13.02
2025-11-17,-4263.75,-3564.84,-1845.34,-1505.38
2025-11-18,-6310.57,-6757.54,-2374.01,141.08
2025-11-19,-6638.32,-6621.43,-3001.98,-2822.48
2025-11-20,-6002.82,-5301.20,-1954.95,-1208.15
2025-11-21,-844.66,-887.74,-884.48,-125.20
2025-11-24,-5086.13,-6448.66,-1907.20,-1958.51
2025-11-25,-4778.17,-3883.81,-713.39,-174.69
2025-11-26,-3357.36,-1809.10,-73.30,-97.48
2025-11-27,-4660.00,-5032.12,-3951.12,-2427.48
2025-11-28,-3884.28,-4560.82,-2269.86,-2196.18
2025-12-01,-5277.86,-3153.07,124.85,207.75
2025-12-02,-4786.08,-2046.46,-3067.88,-1053.54
2025-12-03,-5278.17,-2987.41,-2459.96,-1723.98
2025-12-04,-8222.21,-4858.82,-2200.94,-332.62
2025-12-05,-5902.13,-2826.50,-2767.03,-1798.12
2025-12-08,-8680.24,-7728.54,-7183.85,-7319.16
2025-12-09,-5586.14,-6539.95,-4107.14,-1862.16
2025-12-10,-6313.48,-5373.81,-3644.21,-3442.33
2025-12-11,-6012.79,-5099.12,-6351.28,-3578.69
2025-12-12,-4606.92,-5908.38,-831.98,-803.12
2025-12-15,-170.84,-1609.13,-784.67,-784.67
2025-12-16,-8305.85,-5419.20,-1075.55,-166.41
2025-12-17,-4112.45,-5609.55,-3368.13,-2815.12
2025-12-18,-8430.18,-4801.75,-4315.31,-2471.92
2025-12-19,-5158.83,-4921.67,-3242.44,-1881.35
2025-12-22,-3578.12,-5044.35,-4005.74,-3596.21
2025-12-23,-738.83,-172.09,-184.28,0.00
2025-12-24,-6720.74,-7045.05,-1863.10,-1023.08
2025-12-26,-4497.61,-4692.48,-4830.84,-561.49
2025-12-29,-7050.14,-3678.13,-899.03,38.06
2025-12-30,-5257.18,-4027.42,-4578.44,-1864.20
2025-12-31,-1405.69,-799.01,0.00,0.00
2026-01-01,-7382.74,-4562.37,-4018.03,-2311.56
2026-01-02,-7017.23,-4490.42,-3145.21,-2949.99
2026-01-05,-3970.48,-2462.64,-1322.39,-281.86
2026-01-06,-7031.34,-6454.14,-2371.12,-2627.44
2026-01-07,-5169.59,-2170.47,-3369.22,-3374.75
2026-01-08,-890.03,363.00,0.00,0.00
2026-01-09,-4560.09,-5826.31,-7729.02,-4033.77
2026-01-12,-1841.45,-3915.99,-1202.69,-849.66
2026-01-13,-6150.09,-1125.93,-3771.61,-1549.15
2026-01-14,-6534.01,-4220.31,-3366.53,284.74
2026-01-16,-1874.13,-919.54,-955.86,15.41
2026-01-19,-8521.57,-5567.58,-2576.50,454.18
2026-01-20,-7651.57,-9968.18,-7306.92,-6289.19
2026-01-21,-4157.78,-3622.55,39.95,-442.32
2026-01-22,-4318.22,-1074.78,-1791.54,-701.89
2026-01-23,-8154.86,-8021.38,-195.58,1557.15
2026-01-27,-5733.24,-3412.48,-4478.94,-984.34
2026-01-28,-4161.24,-762.71,1198.15,156.75
2026-01-29,-2436.79,-1475.40,-1303.53,-245.55
2026-01-30,-6652.67,218.24,-3125.63,-596.24
2026-02-01,-1107.76,-1358.53,-1358.53,-1358.53
2026-02-02,-7111.01,-7122.49,-4502.43,-3202.58
2026-02-03,-9904.76,-1818.33,-2522.94,-1250.94
2026-02-04,-3443.79,-3651.23,-1347.08,-1764.08
2026-02-05,-6116.60,-6261.58,-2985.76,-997.66
2026-02-06,-5228.46,-2043.26,735.78,-740.19
2026-02-09,-766.48,-98.14,0.00,0.00
2026-02-10,-4325.41,-1036.64,-2823.40,-985.06
2026-02-11,-5139.67,-3699.69,-2792.94,-1926.89
2026-02-12,-3150.94,-832.19,-664.06,211.71
2026-02-13,-6535.02,-5304.68,-3511.84,-2810.35
2026-02-16,-1191.73,-4872.97,-3393.72,-1042.72
2026-02-17,-106.70,0.00,0.00,0.00
2026-02-18,-6388.72,-2845.78,-1811.17,-1304.29
2026-02-19,-9468.13,-5172.47,-6547.16,-3069.53
2026-02-20,-6167.11,-5306.93,-2687.10,-1619.29
2026-02-23,-2820.42,-2625.11,-3919.65,-2984.71
2026-02-24,-1022.83,-2650.25,-1228.49,-159.48
2026-02-25,-1727.94,-1789.36,-1716.57,-879.32
2026-02-26,-8145.86,-2738.05,-4120.43,-865.32
2026-02-27,-1628.78,-961.43,-1164.58,-1325.46
2026-03-02,-8575.62,-6215.65,-2942.71,-2155.23
2026-03-04,-1022.62,-4233.67,-3452.55,-3412.15
2026-03-05,-924.65,10.95,0.00,0.00
2026-03-06,-5919.28,-5318.08,-3057.14,-483.07
2026-03-09,-9532.48,-3158.66,-2875.23,-2189.25
2026-03-10,-6948.81,-3952.57,-3618.06,-1831.07
2026-03-11,-3947.75,-7655.16,-5139.75,-5091.51
2026-03-12,-6065.83,-6592.79,13.81,579.87
