cell,phase,params,seeds,window,x_med,cagr_med,cagr_min,cagr_max,cagr_worst_seed,dd_med,dd_worst,calmar_med,n_med,win_med,avg_win,avg_loss,mean_tr,median_tr,streak,tpy,signals,passed_up,yearly_med,runtime_s
p6F_piv10_sma15,p6f,"{""pivot_n"": 10, ""near_pct"": 0.2, ""rs_min"": 70.0, ""stop_pct"": 0.08, ""exit_kind"": ""sma15"", ""breakeven_at"": 0.0, ""slots"": 16, ""sizing"": ""fixed"", ""risk_pct"": 0.02, ""cap_pct"": 0.3, ""size_pct"": 0.0625, ""cost_bps"": 25.0, ""fill"": ""realistic"", ""gate"": """", ""gate_sma"": 200, ""tax"": true, ""cash_yield"": 0.05, ""start"": ""2012-01-01"", ""end"": ""2026-09-01"", ""selection"": ""random"", ""capwin"": 0.0, ""drop_topn"": 0}",10,2012-01-01:2026-09-01,192.64,43.16,38.08,47.08,38.08,-26.92,-30.29,1.595,4321,43.6,11.24,-3.52,2.902,-0.842,45,294.7,38213,33873,"{""2012"": 29.8, ""2013"": 5.4, ""2014"": 100.3, ""2015"": 1.9, ""2016"": 23.8, ""2017"": 114.5, ""2018"": -8.0, ""2019"": 14.8, ""2020"": 131.1, ""2021"": 125.9, ""2022"": 24.8, ""2023"": 68.8, ""2024"": 65.8, ""2025"": 9.9, ""2026"": 27.0}",8.0
p6F_piv10_sma20,p6f,"{""pivot_n"": 10, ""near_pct"": 0.2, ""rs_min"": 70.0, ""stop_pct"": 0.08, ""exit_kind"": ""sma20"", ""breakeven_at"": 0.0, ""slots"": 16, ""sizing"": ""fixed"", ""risk_pct"": 0.02, ""cap_pct"": 0.3, ""size_pct"": 0.0625, ""cost_bps"": 25.0, ""fill"": ""realistic"", ""gate"": """", ""gate_sma"": 200, ""tax"": true, ""cash_yield"": 0.05, ""start"": ""2012-01-01"", ""end"": ""2026-09-01"", ""selection"": ""random"", ""capwin"": 0.0, ""drop_topn"": 0}",10,2012-01-01:2026-09-01,149.48,40.69,37.11,42.88,37.11,-29.39,-34.33,1.33,3455,42.6,13.09,-3.8,3.376,-1.02,40,235.6,38213,34744,"{""2012"": 29.0, ""2013"": 12.4, ""2014"": 93.2, ""2015"": 0.2, ""2016"": 15.0, ""2017"": 97.1, ""2018"": -14.4, ""2019"": 18.5, ""2020"": 133.6, ""2021"": 123.4, ""2022"": 12.6, ""2023"": 67.2, ""2024"": 55.6, ""2025"": 8.9, ""2026"": 34.0}",8.2
p6F_piv10_sma50,p6f,"{""pivot_n"": 10, ""near_pct"": 0.2, ""rs_min"": 70.0, ""stop_pct"": 0.08, ""exit_kind"": ""sma50"", ""breakeven_at"": 0.0, ""slots"": 16, ""sizing"": ""fixed"", ""risk_pct"": 0.02, ""cap_pct"": 0.3, ""size_pct"": 0.0625, ""cost_bps"": 25.0, ""fill"": ""realistic"", ""gate"": """", ""gate_sma"": 200, ""tax"": true, ""cash_yield"": 0.05, ""start"": ""2012-01-01"", ""end"": ""2026-09-01"", ""selection"": ""random"", ""capwin"": 0.0, ""drop_topn"": 0}",10,2012-01-01:2026-09-01,67.5,33.24,28.1,37.07,28.1,-36.35,-47.6,0.95,1654,44.3,20.39,-5.34,5.979,-1.007,17,112.8,38213,36558,"{""2012"": 50.8, ""2013"": 15.6, ""2014"": 79.2, ""2015"": -7.3, ""2016"": 27.2, ""2017"": 93.6, ""2018"": -15.0, ""2019"": 7.2, ""2020"": 59.5, ""2021"": 107.8, ""2022"": 2.3, ""2023"": 66.6, ""2024"": 57.9, ""2025"": -6.2, ""2026"": 18.8}",7.4
p6F_piv15_sma15,p6f,"{""pivot_n"": 15, ""near_pct"": 0.2, ""rs_min"": 70.0, ""stop_pct"": 0.08, ""exit_kind"": ""sma15"", ""breakeven_at"": 0.0, ""slots"": 16, ""sizing"": ""fixed"", ""risk_pct"": 0.02, ""cap_pct"": 0.3, ""size_pct"": 0.0625, ""cost_bps"": 25.0, ""fill"": ""realistic"", ""gate"": """", ""gate_sma"": 200, ""tax"": true, ""cash_yield"": 0.05, ""start"": ""2012-01-01"", ""end"": ""2026-09-01"", ""selection"": ""random"", ""capwin"": 0.0, ""drop_topn"": 0}",10,2012-01-01:2026-09-01,154.32,41.01,35.53,45.5,35.53,-27.6,-30.94,1.504,4152,44.5,11.09,-3.67,2.882,-0.806,31,283.1,34263,30110,"{""2012"": 26.4, ""2013"": 8.4, ""2014"": 80.4, ""2015"": 7.0, ""2016"": 25.2, ""2017"": 103.6, ""2018"": -13.4, ""2019"": 15.4, ""2020"": 110.4, ""2021"": 129.6, ""2022"": 28.2, ""2023"": 60.2, ""2024"": 55.4, ""2025"": 8.6, ""2026"": 23.4}",7.6
p6F_piv15_sma20,p6f,"{""pivot_n"": 15, ""near_pct"": 0.2, ""rs_min"": 70.0, ""stop_pct"": 0.08, ""exit_kind"": ""sma20"", ""breakeven_at"": 0.0, ""slots"": 16, ""sizing"": ""fixed"", ""risk_pct"": 0.02, ""cap_pct"": 0.3, ""size_pct"": 0.0625, ""cost_bps"": 25.0, ""fill"": ""realistic"", ""gate"": """", ""gate_sma"": 200, ""tax"": true, ""cash_yield"": 0.05, ""start"": ""2012-01-01"", ""end"": ""2026-09-01"", ""selection"": ""random"", ""capwin"": 0.0, ""drop_topn"": 0}",10,2012-01-01:2026-09-01,118.49,38.46,36.06,43.11,36.06,-31.13,-34.53,1.224,3250,43.3,13.2,-4.16,3.429,-1.132,30,221.7,34263,31012,"{""2012"": 25.0, ""2013"": 15.8, ""2014"": 89.2, ""2015"": 5.6, ""2016"": 12.6, ""2017"": 110.7, ""2018"": -20.7, ""2019"": 14.2, ""2020"": 129.4, ""2021"": 123.4, ""2022"": 16.0, ""2023"": 55.2, ""2024"": 57.0, ""2025"": 13.8, ""2026"": 27.0}",8.4
p6F_piv15_sma50,p6f,"{""pivot_n"": 15, ""near_pct"": 0.2, ""rs_min"": 70.0, ""stop_pct"": 0.08, ""exit_kind"": ""sma50"", ""breakeven_at"": 0.0, ""slots"": 16, ""sizing"": ""fixed"", ""risk_pct"": 0.02, ""cap_pct"": 0.3, ""size_pct"": 0.0625, ""cost_bps"": 25.0, ""fill"": ""realistic"", ""gate"": """", ""gate_sma"": 200, ""tax"": true, ""cash_yield"": 0.05, ""start"": ""2012-01-01"", ""end"": ""2026-09-01"", ""selection"": ""random"", ""capwin"": 0.0, ""drop_topn"": 0}",10,2012-01-01:2026-09-01,52.91,31.05,26.77,36.19,26.77,-37.6,-45.14,0.81,1504,42.8,21.91,-5.67,6.144,-1.323,23,102.6,34263,32759,"{""2012"": 45.6, ""2013"": 15.1, ""2014"": 76.4, ""2015"": 3.0, ""2016"": 21.8, ""2017"": 103.2, ""2018"": -24.0, ""2019"": 8.9, ""2020"": 53.0, ""2021"": 105.6, ""2022"": 0.8, ""2023"": 55.8, ""2024"": 47.2, ""2025"": -6.3, ""2026"": 20.0}",8.2
p6F_piv20_sma15,p6f,"{""pivot_n"": 20, ""near_pct"": 0.2, ""rs_min"": 70.0, ""stop_pct"": 0.08, ""exit_kind"": ""sma15"", ""breakeven_at"": 0.0, ""slots"": 16, ""sizing"": ""fixed"", ""risk_pct"": 0.02, ""cap_pct"": 0.3, ""size_pct"": 0.0625, ""cost_bps"": 25.0, ""fill"": ""realistic"", ""gate"": """", ""gate_sma"": 200, ""tax"": true, ""cash_yield"": 0.05, ""start"": ""2012-01-01"", ""end"": ""2026-09-01"", ""selection"": ""random"", ""capwin"": 0.0, ""drop_topn"": 0}",10,2012-01-01:2026-09-01,130.73,39.42,36.54,41.08,36.54,-31.09,-36.16,1.24,4086,44.6,10.96,-3.71,2.845,-0.742,30,278.7,31959,27862,"{""2012"": 14.6, ""2013"": 7.4, ""2014"": 81.0, ""2015"": 11.2, ""2016"": 22.1, ""2017"": 102.2, ""2018"": -16.6, ""2019"": 14.6, ""2020"": 102.7, ""2021"": 145.8, ""2022"": 18.0, ""2023"": 68.8, ""2024"": 66.4, ""2025"": 8.9, ""2026"": 18.2}",8.6
p6F_piv20_sma20,p6f,"{""pivot_n"": 20, ""near_pct"": 0.2, ""rs_min"": 70.0, ""stop_pct"": 0.08, ""exit_kind"": ""sma20"", ""breakeven_at"": 0.0, ""slots"": 16, ""sizing"": ""fixed"", ""risk_pct"": 0.02, ""cap_pct"": 0.3, ""size_pct"": 0.0625, ""cost_bps"": 25.0, ""fill"": ""realistic"", ""gate"": """", ""gate_sma"": 200, ""tax"": true, ""cash_yield"": 0.05, ""start"": ""2012-01-01"", ""end"": ""2026-09-01"", ""selection"": ""random"", ""capwin"": 0.0, ""drop_topn"": 0}",10,2012-01-01:2026-09-01,89.06,35.76,32.9,40.06,32.9,-33.47,-36.01,1.108,3187,44.1,13.01,-4.34,3.328,-1.036,29,217.3,31959,28765,"{""2012"": 20.1, ""2013"": 14.8, ""2014"": 87.2, ""2015"": -2.2, ""2016"": 12.4, ""2017"": 96.4, ""2018"": -23.0, ""2019"": 13.4, ""2020"": 109.6, ""2021"": 111.6, ""2022"": 9.1, ""2023"": 64.8, ""2024"": 46.4, ""2025"": 15.6, ""2026"": 19.0}",8.7
p6F_piv20_sma50,p6f,"{""pivot_n"": 20, ""near_pct"": 0.2, ""rs_min"": 70.0, ""stop_pct"": 0.08, ""exit_kind"": ""sma50"", ""breakeven_at"": 0.0, ""slots"": 16, ""sizing"": ""fixed"", ""risk_pct"": 0.02, ""cap_pct"": 0.3, ""size_pct"": 0.0625, ""cost_bps"": 25.0, ""fill"": ""realistic"", ""gate"": """", ""gate_sma"": 200, ""tax"": true, ""cash_yield"": 0.05, ""start"": ""2012-01-01"", ""end"": ""2026-09-01"", ""selection"": ""random"", ""capwin"": 0.0, ""drop_topn"": 0}",10,2012-01-01:2026-09-01,56.7,31.7,27.08,35.31,27.08,-36.11,-43.63,0.865,1414,41.3,24.71,-6.03,6.698,-1.914,25,96.5,31959,30544,"{""2012"": 60.4, ""2013"": 5.7, ""2014"": 84.7, ""2015"": 1.0, ""2016"": 10.8, ""2017"": 102.4, ""2018"": -17.1, ""2019"": 4.1, ""2020"": 54.6, ""2021"": 114.8, ""2022"": 0.2, ""2023"": 76.0, ""2024"": 53.1, ""2025"": -2.3, ""2026"": 17.9}",8.9
p6F_piv30_sma15,p6f,"{""pivot_n"": 30, ""near_pct"": 0.2, ""rs_min"": 70.0, ""stop_pct"": 0.08, ""exit_kind"": ""sma15"", ""breakeven_at"": 0.0, ""slots"": 16, ""sizing"": ""fixed"", ""risk_pct"": 0.02, ""cap_pct"": 0.3, ""size_pct"": 0.0625, ""cost_bps"": 25.0, ""fill"": ""realistic"", ""gate"": """", ""gate_sma"": 200, ""tax"": true, ""cash_yield"": 0.05, ""start"": ""2012-01-01"", ""end"": ""2026-09-01"", ""selection"": ""random"", ""capwin"": 0.0, ""drop_topn"": 0}",10,2012-01-01:2026-09-01,106.17,37.46,35.43,42.9,35.43,-29.5,-34.91,1.28,4008,44.6,10.96,-3.81,2.781,-0.747,26,273.3,29714,25702,"{""2012"": 11.4, ""2013"": 7.2, ""2014"": 85.3, ""2015"": 11.6, ""2016"": 22.1, ""2017"": 114.0, ""2018"": -18.2, ""2019"": 13.5, ""2020"": 81.2, ""2021"": 140.8, ""2022"": 27.2, ""2023"": 65.0, ""2024"": 55.3, ""2025"": 13.1, ""2026"": 14.0}",9.0
p6F_piv30_sma20,p6f,"{""pivot_n"": 30, ""near_pct"": 0.2, ""rs_min"": 70.0, ""stop_pct"": 0.08, ""exit_kind"": ""sma20"", ""breakeven_at"": 0.0, ""slots"": 16, ""sizing"": ""fixed"", ""risk_pct"": 0.02, ""cap_pct"": 0.3, ""size_pct"": 0.0625, ""cost_bps"": 25.0, ""fill"": ""realistic"", ""gate"": """", ""gate_sma"": 200, ""tax"": true, ""cash_yield"": 0.05, ""start"": ""2012-01-01"", ""end"": ""2026-09-01"", ""selection"": ""random"", ""capwin"": 0.0, ""drop_topn"": 0}",10,2012-01-01:2026-09-01,77.17,34.5,31.25,38.01,31.25,-32.99,-36.82,1.076,3117,44.0,13.06,-4.35,3.276,-0.997,26,212.6,29714,26585,"{""2012"": 13.6, ""2013"": 16.0, ""2014"": 88.0, ""2015"": -1.2, ""2016"": 16.8, ""2017"": 113.2, ""2018"": -23.2, ""2019"": 12.9, ""2020"": 86.0, ""2021"": 109.8, ""2022"": 24.2, ""2023"": 55.2, ""2024"": 44.2, ""2025"": 14.2, ""2026"": 13.2}",8.7
p6F_piv30_sma50,p6f,"{""pivot_n"": 30, ""near_pct"": 0.2, ""rs_min"": 70.0, ""stop_pct"": 0.08, ""exit_kind"": ""sma50"", ""breakeven_at"": 0.0, ""slots"": 16, ""sizing"": ""fixed"", ""risk_pct"": 0.02, ""cap_pct"": 0.3, ""size_pct"": 0.0625, ""cost_bps"": 25.0, ""fill"": ""realistic"", ""gate"": """", ""gate_sma"": 200, ""tax"": true, ""cash_yield"": 0.05, ""start"": ""2012-01-01"", ""end"": ""2026-09-01"", ""selection"": ""random"", ""capwin"": 0.0, ""drop_topn"": 0}",10,2012-01-01:2026-09-01,51.9,30.9,22.91,36.1,22.91,-34.9,-42.29,0.882,1337,42.4,25.02,-6.47,6.919,-2.267,24,91.2,29714,28377,"{""2012"": 51.8, ""2013"": 9.6, ""2014"": 78.2, ""2015"": 0.2, ""2016"": 12.4, ""2017"": 96.9, ""2018"": -19.0, ""2019"": 15.3, ""2020"": 45.7, ""2021"": 107.4, ""2022"": 9.2, ""2023"": 71.2, ""2024"": 44.0, ""2025"": -13.3, ""2026"": 10.4}",8.0
p6F_piv50_sma15,p6f,"{""pivot_n"": 50, ""near_pct"": 0.2, ""rs_min"": 70.0, ""stop_pct"": 0.08, ""exit_kind"": ""sma15"", ""breakeven_at"": 0.0, ""slots"": 16, ""sizing"": ""fixed"", ""risk_pct"": 0.02, ""cap_pct"": 0.3, ""size_pct"": 0.0625, ""cost_bps"": 25.0, ""fill"": ""realistic"", ""gate"": """", ""gate_sma"": 200, ""tax"": true, ""cash_yield"": 0.05, ""start"": ""2012-01-01"", ""end"": ""2026-09-01"", ""selection"": ""random"", ""capwin"": 0.0, ""drop_topn"": 0}",10,2012-01-01:2026-09-01,152.67,40.9,36.1,42.47,36.1,-29.53,-35.75,1.344,3935,45.2,11.15,-3.79,2.993,-0.716,28,268.3,27618,23670,"{""2012"": 3.6, ""2013"": 12.6, ""2014"": 92.4, ""2015"": 17.1, ""2016"": 18.0, ""2017"": 112.7, ""2018"": -16.8, ""2019"": 8.2, ""2020"": 81.8, ""2021"": 132.4, ""2022"": 35.4, ""2023"": 67.4, ""2024"": 57.9, ""2025"": 20.5, ""2026"": 15.4}",8.6
p6F_piv50_sma20,p6f,"{""pivot_n"": 50, ""near_pct"": 0.2, ""rs_min"": 70.0, ""stop_pct"": 0.08, ""exit_kind"": ""sma20"", ""breakeven_at"": 0.0, ""slots"": 16, ""sizing"": ""fixed"", ""risk_pct"": 0.02, ""cap_pct"": 0.3, ""size_pct"": 0.0625, ""cost_bps"": 25.0, ""fill"": ""realistic"", ""gate"": """", ""gate_sma"": 200, ""tax"": true, ""cash_yield"": 0.05, ""start"": ""2012-01-01"", ""end"": ""2026-09-01"", ""selection"": ""random"", ""capwin"": 0.0, ""drop_topn"": 0}",10,2012-01-01:2026-09-01,105.7,37.4,34.76,40.46,34.76,-35.72,-41.98,1.064,3046,44.4,13.45,-4.35,3.536,-0.916,28,207.7,27618,24560,"{""2012"": 8.7, ""2013"": 22.2, ""2014"": 87.3, ""2015"": 6.0, ""2016"": 17.0, ""2017"": 105.4, ""2018"": -23.9, ""2019"": 7.4, ""2020"": 114.7, ""2021"": 118.6, ""2022"": 30.0, ""2023"": 63.7, ""2024"": 39.2, ""2025"": 20.8, ""2026"": 18.9}",8.6
p6F_piv50_sma50,p6f,"{""pivot_n"": 50, ""near_pct"": 0.2, ""rs_min"": 70.0, ""stop_pct"": 0.08, ""exit_kind"": ""sma50"", ""breakeven_at"": 0.0, ""slots"": 16, ""sizing"": ""fixed"", ""risk_pct"": 0.02, ""cap_pct"": 0.3, ""size_pct"": 0.0625, ""cost_bps"": 25.0, ""fill"": ""realistic"", ""gate"": """", ""gate_sma"": 200, ""tax"": true, ""cash_yield"": 0.05, ""start"": ""2012-01-01"", ""end"": ""2026-09-01"", ""selection"": ""random"", ""capwin"": 0.0, ""drop_topn"": 0}",10,2012-01-01:2026-09-01,43.68,29.38,26.49,32.78,26.49,-36.97,-41.1,0.805,1296,43.7,24.13,-6.66,6.84,-2.01,25,88.4,27618,26321,"{""2012"": 32.2, ""2013"": 15.3, ""2014"": 78.3, ""2015"": 2.5, ""2016"": 10.2, ""2017"": 103.8, ""2018"": -22.4, ""2019"": 8.6, ""2020"": 47.2, ""2021"": 109.1, ""2022"": 9.5, ""2023"": 52.2, ""2024"": 32.0, ""2025"": -6.7, ""2026"": 14.2}",8.7
p6F_piv75_sma15,p6f,"{""pivot_n"": 75, ""near_pct"": 0.2, ""rs_min"": 70.0, ""stop_pct"": 0.08, ""exit_kind"": ""sma15"", ""breakeven_at"": 0.0, ""slots"": 16, ""sizing"": ""fixed"", ""risk_pct"": 0.02, ""cap_pct"": 0.3, ""size_pct"": 0.0625, ""cost_bps"": 25.0, ""fill"": ""realistic"", ""gate"": """", ""gate_sma"": 200, ""tax"": true, ""cash_yield"": 0.05, ""start"": ""2012-01-01"", ""end"": ""2026-09-01"", ""selection"": ""random"", ""capwin"": 0.0, ""drop_topn"": 0}",10,2012-01-01:2026-09-01,135.22,39.74,32.93,44.89,32.93,-30.77,-37.2,1.251,3891,45.6,11.11,-3.78,2.975,-0.657,28,265.4,26489,22576,"{""2012"": 5.1, ""2013"": 10.7, ""2014"": 100.8, ""2015"": 18.4, ""2016"": 20.5, ""2017"": 119.6, ""2018"": -18.2, ""2019"": 11.2, ""2020"": 97.6, ""2021"": 141.3, ""2022"": 37.8, ""2023"": 57.1, ""2024"": 60.2, ""2025"": 19.8, ""2026"": 19.2}",9.1
p6F_piv75_sma20,p6f,"{""pivot_n"": 75, ""near_pct"": 0.2, ""rs_min"": 70.0, ""stop_pct"": 0.08, ""exit_kind"": ""sma20"", ""breakeven_at"": 0.0, ""slots"": 16, ""sizing"": ""fixed"", ""risk_pct"": 0.02, ""cap_pct"": 0.3, ""size_pct"": 0.0625, ""cost_bps"": 25.0, ""fill"": ""realistic"", ""gate"": """", ""gate_sma"": 200, ""tax"": true, ""cash_yield"": 0.05, ""start"": ""2012-01-01"", ""end"": ""2026-09-01"", ""selection"": ""random"", ""capwin"": 0.0, ""drop_topn"": 0}",10,2012-01-01:2026-09-01,106.69,37.45,34.52,39.82,34.52,-35.57,-39.38,1.061,3016,44.9,13.21,-4.34,3.577,-0.831,30,205.7,26489,23472,"{""2012"": 12.2, ""2013"": 17.6, ""2014"": 95.5, ""2015"": 7.4, ""2016"": 12.6, ""2017"": 113.0, ""2018"": -22.5, ""2019"": 6.2, ""2020"": 120.5, ""2021"": 109.4, ""2022"": 27.0, ""2023"": 56.9, ""2024"": 46.2, ""2025"": 15.2, ""2026"": 15.6}",8.8
p6F_piv75_sma50,p6f,"{""pivot_n"": 75, ""near_pct"": 0.2, ""rs_min"": 70.0, ""stop_pct"": 0.08, ""exit_kind"": ""sma50"", ""breakeven_at"": 0.0, ""slots"": 16, ""sizing"": ""fixed"", ""risk_pct"": 0.02, ""cap_pct"": 0.3, ""size_pct"": 0.0625, ""cost_bps"": 25.0, ""fill"": ""realistic"", ""gate"": """", ""gate_sma"": 200, ""tax"": true, ""cash_yield"": 0.05, ""start"": ""2012-01-01"", ""end"": ""2026-09-01"", ""selection"": ""random"", ""capwin"": 0.0, ""drop_topn"": 0}",10,2012-01-01:2026-09-01,45.25,29.69,26.82,36.94,26.82,-39.44,-43.7,0.746,1295,44.6,23.45,-6.63,6.821,-1.656,27,88.3,26489,25193,"{""2012"": 40.2, ""2013"": 5.7, ""2014"": 78.4, ""2015"": 7.8, ""2016"": 10.8, ""2017"": 103.2, ""2018"": -21.2, ""2019"": 2.8, ""2020"": 43.5, ""2021"": 131.4, ""2022"": 13.6, ""2023"": 56.4, ""2024"": 29.0, ""2025"": -3.2, ""2026"": 19.2}",8.5
p6F_piv120_sma15,p6f,"{""pivot_n"": 120, ""near_pct"": 0.2, ""rs_min"": 70.0, ""stop_pct"": 0.08, ""exit_kind"": ""sma15"", ""breakeven_at"": 0.0, ""slots"": 16, ""sizing"": ""fixed"", ""risk_pct"": 0.02, ""cap_pct"": 0.3, ""size_pct"": 0.0625, ""cost_bps"": 25.0, ""fill"": ""realistic"", ""gate"": """", ""gate_sma"": 200, ""tax"": true, ""cash_yield"": 0.05, ""start"": ""2012-01-01"", ""end"": ""2026-09-01"", ""selection"": ""random"", ""capwin"": 0.0, ""drop_topn"": 0}",10,2012-01-01:2026-09-01,113.82,38.11,36.18,42.84,36.18,-31.66,-36.08,1.237,3884,45.3,11.03,-3.81,2.881,-0.706,26,264.9,25390,21493,"{""2012"": 8.8, ""2013"": 10.2, ""2014"": 92.6, ""2015"": 21.2, ""2016"": 15.8, ""2017"": 100.1, ""2018"": -17.4, ""2019"": 10.0, ""2020"": 90.2, ""2021"": 135.4, ""2022"": 19.3, ""2023"": 65.9, ""2024"": 57.0, ""2025"": 17.0, ""2026"": 21.6}",8.6
p6F_piv120_sma20,p6f,"{""pivot_n"": 120, ""near_pct"": 0.2, ""rs_min"": 70.0, ""stop_pct"": 0.08, ""exit_kind"": ""sma20"", ""breakeven_at"": 0.0, ""slots"": 16, ""sizing"": ""fixed"", ""risk_pct"": 0.02, ""cap_pct"": 0.3, ""size_pct"": 0.0625, ""cost_bps"": 25.0, ""fill"": ""realistic"", ""gate"": """", ""gate_sma"": 200, ""tax"": true, ""cash_yield"": 0.05, ""start"": ""2012-01-01"", ""end"": ""2026-09-01"", ""selection"": ""random"", ""capwin"": 0.0, ""drop_topn"": 0}",10,2012-01-01:2026-09-01,90.94,36.01,33.38,39.32,33.38,-34.5,-37.89,1.072,3010,44.7,13.2,-4.37,3.467,-0.891,28,205.3,25390,22379,"{""2012"": 14.0, ""2013"": 12.8, ""2014"": 97.1, ""2015"": 9.4, ""2016"": 17.5, ""2017"": 101.5, ""2018"": -23.0, ""2019"": 9.2, ""2020"": 110.6, ""2021"": 115.6, ""2022"": 16.6, ""2023"": 59.6, ""2024"": 47.8, ""2025"": 7.6, ""2026"": 23.2}",7.7
p6F_piv120_sma50,p6f,"{""pivot_n"": 120, ""near_pct"": 0.2, ""rs_min"": 70.0, ""stop_pct"": 0.08, ""exit_kind"": ""sma50"", ""breakeven_at"": 0.0, ""slots"": 16, ""sizing"": ""fixed"", ""risk_pct"": 0.02, ""cap_pct"": 0.3, ""size_pct"": 0.0625, ""cost_bps"": 25.0, ""fill"": ""realistic"", ""gate"": """", ""gate_sma"": 200, ""tax"": true, ""cash_yield"": 0.05, ""start"": ""2012-01-01"", ""end"": ""2026-09-01"", ""selection"": ""random"", ""capwin"": 0.0, ""drop_topn"": 0}",10,2012-01-01:2026-09-01,38.23,28.19,26.29,31.52,26.29,-36.38,-42.43,0.776,1288,44.0,23.31,-6.75,6.534,-1.788,21,87.9,25390,24101,"{""2012"": 34.3, ""2013"": 5.7, ""2014"": 77.6, ""2015"": 10.6, ""2016"": 8.8, ""2017"": 95.0, ""2018"": -21.4, ""2019"": 7.6, ""2020"": 52.3, ""2021"": 125.8, ""2022"": 4.2, ""2023"": 60.3, ""2024"": 33.6, ""2025"": -5.2, ""2026"": 14.8}",6.8
p6F_gateoff200,p6f,"{""pivot_n"": 10, ""near_pct"": 0.2, ""rs_min"": 70.0, ""stop_pct"": 0.08, ""exit_kind"": ""sma15"", ""breakeven_at"": 0.0, ""slots"": 16, ""sizing"": ""fixed"", ""risk_pct"": 0.02, ""cap_pct"": 0.3, ""size_pct"": 0.0625, ""cost_bps"": 25.0, ""fill"": ""realistic"", ""gate"": """", ""gate_sma"": 200, ""tax"": true, ""cash_yield"": 0.05, ""start"": ""2012-01-01"", ""end"": ""2026-09-01"", ""selection"": ""random"", ""capwin"": 0.0, ""drop_topn"": 0}",10,2012-01-01:2026-09-01,192.64,43.16,38.08,47.08,38.08,-26.92,-30.29,1.595,4321,43.6,11.24,-3.52,2.902,-0.842,45,294.7,38213,33873,"{""2012"": 29.8, ""2013"": 5.4, ""2014"": 100.3, ""2015"": 1.9, ""2016"": 23.8, ""2017"": 114.5, ""2018"": -8.0, ""2019"": 14.8, ""2020"": 131.1, ""2021"": 125.9, ""2022"": 24.8, ""2023"": 68.8, ""2024"": 65.8, ""2025"": 9.9, ""2026"": 27.0}",8.3
p6F_gateNIFTYBEES200,p6f,"{""pivot_n"": 10, ""near_pct"": 0.2, ""rs_min"": 70.0, ""stop_pct"": 0.08, ""exit_kind"": ""sma15"", ""breakeven_at"": 0.0, ""slots"": 16, ""sizing"": ""fixed"", ""risk_pct"": 0.02, ""cap_pct"": 0.3, ""size_pct"": 0.0625, ""cost_bps"": 25.0, ""fill"": ""realistic"", ""gate"": ""NIFTYBEES"", ""gate_sma"": 200, ""tax"": true, ""cash_yield"": 0.05, ""start"": ""2012-01-01"", ""end"": ""2026-09-01"", ""selection"": ""random"", ""capwin"": 0.0, ""drop_topn"": 0}",10,2012-01-01:2026-09-01,73.48,34.05,32.27,36.13,32.27,-27.42,-28.93,1.266,3519,43.8,10.89,-3.37,2.847,-0.825,36,240.0,38213,26180,"{""2012"": 13.8, ""2013"": 7.5, ""2014"": 93.5, ""2015"": -7.1, ""2016"": 29.2, ""2017"": 104.9, ""2018"": -12.6, ""2019"": 7.1, ""2020"": 59.0, ""2021"": 129.6, ""2022"": 8.3, ""2023"": 81.6, ""2024"": 70.8, ""2025"": 16.4, ""2026"": -0.4}",4.7
p6F_gateNIFTYBEES100,p6f,"{""pivot_n"": 10, ""near_pct"": 0.2, ""rs_min"": 70.0, ""stop_pct"": 0.08, ""exit_kind"": ""sma15"", ""breakeven_at"": 0.0, ""slots"": 16, ""sizing"": ""fixed"", ""risk_pct"": 0.02, ""cap_pct"": 0.3, ""size_pct"": 0.0625, ""cost_bps"": 25.0, ""fill"": ""realistic"", ""gate"": ""NIFTYBEES"", ""gate_sma"": 100, ""tax"": true, ""cash_yield"": 0.05, ""start"": ""2012-01-01"", ""end"": ""2026-09-01"", ""selection"": ""random"", ""capwin"": 0.0, ""drop_topn"": 0}",10,2012-01-01:2026-09-01,85.56,35.42,30.68,37.06,30.68,-25.25,-31.41,1.384,3274,44.9,11.09,-3.38,3.091,-0.743,25,223.3,38213,24854,"{""2012"": 14.6, ""2013"": 9.1, ""2014"": 94.0, ""2015"": -3.0, ""2016"": 47.0, ""2017"": 90.6, ""2018"": -15.6, ""2019"": 13.6, ""2020"": 64.8, ""2021"": 111.4, ""2022"": 15.8, ""2023"": 58.6, ""2024"": 45.6, ""2025"": 17.4, ""2026"": 12.4}",4.6
p6F_gateNIFTYBEES150,p6f,"{""pivot_n"": 10, ""near_pct"": 0.2, ""rs_min"": 70.0, ""stop_pct"": 0.08, ""exit_kind"": ""sma15"", ""breakeven_at"": 0.0, ""slots"": 16, ""sizing"": ""fixed"", ""risk_pct"": 0.02, ""cap_pct"": 0.3, ""size_pct"": 0.0625, ""cost_bps"": 25.0, ""fill"": ""realistic"", ""gate"": ""NIFTYBEES"", ""gate_sma"": 150, ""tax"": true, ""cash_yield"": 0.05, ""start"": ""2012-01-01"", ""end"": ""2026-09-01"", ""selection"": ""random"", ""capwin"": 0.0, ""drop_topn"": 0}",10,2012-01-01:2026-09-01,116.42,38.32,34.51,38.98,34.51,-29.5,-33.55,1.273,3333,44.9,11.28,-3.39,3.218,-0.72,36,227.3,38213,25833,"{""2012"": 18.8, ""2013"": 6.0, ""2014"": 88.1, ""2015"": 2.2, ""2016"": 36.4, ""2017"": 93.6, ""2018"": -17.2, ""2019"": 7.6, ""2020"": 82.4, ""2021"": 154.8, ""2022"": 17.0, ""2023"": 78.4, ""2024"": 64.0, ""2025"": 16.9, ""2026"": 7.1}",5.2
p6F_slots8,p6f,"{""pivot_n"": 10, ""near_pct"": 0.2, ""rs_min"": 70.0, ""stop_pct"": 0.08, ""exit_kind"": ""sma15"", ""breakeven_at"": 0.0, ""slots"": 8, ""sizing"": ""fixed"", ""risk_pct"": 0.02, ""cap_pct"": 0.3, ""size_pct"": 0.125, ""cost_bps"": 25.0, ""fill"": ""realistic"", ""gate"": """", ""gate_sma"": 200, ""tax"": true, ""cash_yield"": 0.05, ""start"": ""2012-01-01"", ""end"": ""2026-09-01"", ""selection"": ""random"", ""capwin"": 0.0, ""drop_topn"": 0}",10,2012-01-01:2026-09-01,179.54,42.4,38.95,45.6,38.95,-31.72,-34.85,1.325,2105,43.9,11.29,-3.51,2.938,-0.817,26,143.5,38213,36088,"{""2012"": 25.2, ""2013"": 9.4, ""2014"": 92.4, ""2015"": 7.4, ""2016"": 19.0, ""2017"": 104.4, ""2018"": -10.1, ""2019"": 16.9, ""2020"": 132.9, ""2021"": 117.7, ""2022"": 21.6, ""2023"": 77.2, ""2024"": 68.8, ""2025"": 2.8, ""2026"": 29.8}",4.6
p6F_slots12,p6f,"{""pivot_n"": 10, ""near_pct"": 0.2, ""rs_min"": 70.0, ""stop_pct"": 0.08, ""exit_kind"": ""sma15"", ""breakeven_at"": 0.0, ""slots"": 12, ""sizing"": ""fixed"", ""risk_pct"": 0.02, ""cap_pct"": 0.3, ""size_pct"": 0.0833, ""cost_bps"": 25.0, ""fill"": ""realistic"", ""gate"": """", ""gate_sma"": 200, ""tax"": true, ""cash_yield"": 0.05, ""start"": ""2012-01-01"", ""end"": ""2026-09-01"", ""selection"": ""random"", ""capwin"": 0.0, ""drop_topn"": 0}",10,2012-01-01:2026-09-01,189.96,43.02,36.17,49.18,36.17,-28.55,-31.23,1.539,3211,43.6,11.28,-3.55,2.916,-0.841,36,219.0,38213,34990,"{""2012"": 25.6, ""2013"": 5.7, ""2014"": 98.6, ""2015"": 7.0, ""2016"": 24.4, ""2017"": 114.6, ""2018"": -7.0, ""2019"": 13.0, ""2020"": 138.5, ""2021"": 128.0, ""2022"": 20.7, ""2023"": 78.7, ""2024"": 61.4, ""2025"": 7.8, ""2026"": 30.9}",5.4
p6F_slots16,p6f,"{""pivot_n"": 10, ""near_pct"": 0.2, ""rs_min"": 70.0, ""stop_pct"": 0.08, ""exit_kind"": ""sma15"", ""breakeven_at"": 0.0, ""slots"": 16, ""sizing"": ""fixed"", ""risk_pct"": 0.02, ""cap_pct"": 0.3, ""size_pct"": 0.0625, ""cost_bps"": 25.0, ""fill"": ""realistic"", ""gate"": """", ""gate_sma"": 200, ""tax"": true, ""cash_yield"": 0.05, ""start"": ""2012-01-01"", ""end"": ""2026-09-01"", ""selection"": ""random"", ""capwin"": 0.0, ""drop_topn"": 0}",10,2012-01-01:2026-09-01,192.64,43.16,38.08,47.08,38.08,-26.92,-30.29,1.595,4321,43.6,11.24,-3.52,2.902,-0.842,45,294.7,38213,33873,"{""2012"": 29.8, ""2013"": 5.4, ""2014"": 100.3, ""2015"": 1.9, ""2016"": 23.8, ""2017"": 114.5, ""2018"": -8.0, ""2019"": 14.8, ""2020"": 131.1, ""2021"": 125.9, ""2022"": 24.8, ""2023"": 68.8, ""2024"": 65.8, ""2025"": 9.9, ""2026"": 27.0}",5.6
p6F_slots20,p6f,"{""pivot_n"": 10, ""near_pct"": 0.2, ""rs_min"": 70.0, ""stop_pct"": 0.08, ""exit_kind"": ""sma15"", ""breakeven_at"": 0.0, ""slots"": 20, ""sizing"": ""fixed"", ""risk_pct"": 0.02, ""cap_pct"": 0.3, ""size_pct"": 0.05, ""cost_bps"": 25.0, ""fill"": ""realistic"", ""gate"": """", ""gate_sma"": 200, ""tax"": true, ""cash_yield"": 0.05, ""start"": ""2012-01-01"", ""end"": ""2026-09-01"", ""selection"": ""random"", ""capwin"": 0.0, ""drop_topn"": 0}",10,2012-01-01:2026-09-01,198.35,43.43,38.57,45.42,38.57,-24.91,-28.5,1.689,5374,43.5,11.08,-3.52,2.914,-0.852,50,366.5,38213,32822,"{""2012"": 27.6, ""2013"": 6.6, ""2014"": 93.0, ""2015"": 7.0, ""2016"": 26.4, ""2017"": 109.7, ""2018"": -7.6, ""2019"": 14.4, ""2020"": 128.4, ""2021"": 116.8, ""2022"": 27.2, ""2023"": 66.9, ""2024"": 66.2, ""2025"": 7.0, ""2026"": 21.1}",5.9
p6F_slots25,p6f,"{""pivot_n"": 10, ""near_pct"": 0.2, ""rs_min"": 70.0, ""stop_pct"": 0.08, ""exit_kind"": ""sma15"", ""breakeven_at"": 0.0, ""slots"": 25, ""sizing"": ""fixed"", ""risk_pct"": 0.02, ""cap_pct"": 0.3, ""size_pct"": 0.04, ""cost_bps"": 25.0, ""fill"": ""realistic"", ""gate"": """", ""gate_sma"": 200, ""tax"": true, ""cash_yield"": 0.05, ""start"": ""2012-01-01"", ""end"": ""2026-09-01"", ""selection"": ""random"", ""capwin"": 0.0, ""drop_topn"": 0}",10,2012-01-01:2026-09-01,162.48,41.5,40.27,44.2,40.27,-24.27,-24.89,1.751,6644,43.7,11.07,-3.51,2.833,-0.839,56,453.1,38213,31550,"{""2012"": 23.9, ""2013"": 7.2, ""2014"": 94.8, ""2015"": 6.4, ""2016"": 25.5, ""2017"": 107.7, ""2018"": -6.4, ""2019"": 11.6, ""2020"": 113.0, ""2021"": 130.7, ""2022"": 22.2, ""2023"": 65.8, ""2024"": 63.2, ""2025"": 10.4, ""2026"": 24.5}",6.8
p6F_near0.05_rs0,p6f,"{""pivot_n"": 10, ""near_pct"": 0.05, ""rs_min"": 0, ""stop_pct"": 0.08, ""exit_kind"": ""sma15"", ""breakeven_at"": 0.0, ""slots"": 16, ""sizing"": ""fixed"", ""risk_pct"": 0.02, ""cap_pct"": 0.3, ""size_pct"": 0.0625, ""cost_bps"": 25.0, ""fill"": ""realistic"", ""gate"": """", ""gate_sma"": 200, ""tax"": true, ""cash_yield"": 0.05, ""start"": ""2012-01-01"", ""end"": ""2026-09-01"", ""selection"": ""random"", ""capwin"": 0.0, ""drop_topn"": 0}",10,2012-01-01:2026-09-01,56.78,31.69,27.37,34.37,27.37,-27.56,-30.34,1.134,4657,42.0,9.39,-3.04,2.206,-0.866,38,317.6,112763,108098,"{""2012"": 44.3, ""2013"": 15.0, ""2014"": 77.2, ""2015"": 8.8, ""2016"": 11.7, ""2017"": 66.8, ""2018"": -15.4, ""2019"": 8.2, ""2020"": 93.7, ""2021"": 86.4, ""2022"": 0.7, ""2023"": 56.3, ""2024"": 41.3, ""2025"": 11.2, ""2026"": 16.6}",10.6
p6F_near0.05_rs50,p6f,"{""pivot_n"": 10, ""near_pct"": 0.05, ""rs_min"": 50, ""stop_pct"": 0.08, ""exit_kind"": ""sma15"", ""breakeven_at"": 0.0, ""slots"": 16, ""sizing"": ""fixed"", ""risk_pct"": 0.02, ""cap_pct"": 0.3, ""size_pct"": 0.0625, ""cost_bps"": 25.0, ""fill"": ""realistic"", ""gate"": """", ""gate_sma"": 200, ""tax"": true, ""cash_yield"": 0.05, ""start"": ""2012-01-01"", ""end"": ""2026-09-01"", ""selection"": ""random"", ""capwin"": 0.0, ""drop_topn"": 0}",10,2012-01-01:2026-09-01,117.42,38.4,34.35,41.23,34.35,-30.12,-34.06,1.317,4444,43.3,10.1,-3.21,2.608,-0.834,39,303.1,61126,56622,"{""2012"": 30.5, ""2013"": 8.4, ""2014"": 86.8, ""2015"": 4.1, ""2016"": 20.6, ""2017"": 99.2, ""2018"": -10.0, ""2019"": 20.5, ""2020"": 106.5, ""2021"": 116.6, ""2022"": 7.1, ""2023"": 55.0, ""2024"": 57.2, ""2025"": 8.6, ""2026"": 24.3}",10.0
p6F_near0.05_rs70,p6f,"{""pivot_n"": 10, ""near_pct"": 0.05, ""rs_min"": 70, ""stop_pct"": 0.08, ""exit_kind"": ""sma15"", ""breakeven_at"": 0.0, ""slots"": 16, ""sizing"": ""fixed"", ""risk_pct"": 0.02, ""cap_pct"": 0.3, ""size_pct"": 0.0625, ""cost_bps"": 25.0, ""fill"": ""realistic"", ""gate"": """", ""gate_sma"": 200, ""tax"": true, ""cash_yield"": 0.05, ""start"": ""2012-01-01"", ""end"": ""2026-09-01"", ""selection"": ""random"", ""capwin"": 0.0, ""drop_topn"": 0}",10,2012-01-01:2026-09-01,174.62,42.2,39.68,48.04,39.68,-24.52,-27.84,1.697,4304,43.7,11.03,-3.4,2.85,-0.838,43,293.5,36842,32514,"{""2012"": 27.4, ""2013"": 9.0, ""2014"": 95.3, ""2015"": 6.6, ""2016"": 24.1, ""2017"": 115.5, ""2018"": -8.8, ""2019"": 13.0, ""2020"": 107.3, ""2021"": 130.8, ""2022"": 24.1, ""2023"": 58.2, ""2024"": 61.0, ""2025"": 12.4, ""2026"": 36.0}",9.3
p6F_near0.05_rs85,p6f,"{""pivot_n"": 10, ""near_pct"": 0.05, ""rs_min"": 85, ""stop_pct"": 0.08, ""exit_kind"": ""sma15"", ""breakeven_at"": 0.0, ""slots"": 16, ""sizing"": ""fixed"", ""risk_pct"": 0.02, ""cap_pct"": 0.3, ""size_pct"": 0.0625, ""cost_bps"": 25.0, ""fill"": ""realistic"", ""gate"": """", ""gate_sma"": 200, ""tax"": true, ""cash_yield"": 0.05, ""start"": ""2012-01-01"", ""end"": ""2026-09-01"", ""selection"": ""random"", ""capwin"": 0.0, ""drop_topn"": 0}",10,2012-01-01:2026-09-01,453.88,51.77,50.36,54.1,50.36,-33.52,-36.13,1.568,3971,45.0,12.26,-3.69,3.506,-0.77,28,270.8,18433,14461,"{""2012"": 32.8, ""2013"": 15.9, ""2014"": 117.2, ""2015"": 7.5, ""2016"": 32.2, ""2017"": 172.6, ""2018"": -18.6, ""2019"": 13.8, ""2020"": 175.0, ""2021"": 149.8, ""2022"": 35.0, ""2023"": 85.4, ""2024"": 69.1, ""2025"": 13.4, ""2026"": 20.3}",8.1
p6F_near0.1_rs0,p6f,"{""pivot_n"": 10, ""near_pct"": 0.1, ""rs_min"": 0, ""stop_pct"": 0.08, ""exit_kind"": ""sma15"", ""breakeven_at"": 0.0, ""slots"": 16, ""sizing"": ""fixed"", ""risk_pct"": 0.02, ""cap_pct"": 0.3, ""size_pct"": 0.0625, ""cost_bps"": 25.0, ""fill"": ""realistic"", ""gate"": """", ""gate_sma"": 200, ""tax"": true, ""cash_yield"": 0.05, ""start"": ""2012-01-01"", ""end"": ""2026-09-01"", ""selection"": ""random"", ""capwin"": 0.0, ""drop_topn"": 0}",10,2012-01-01:2026-09-01,61.18,32.38,27.58,34.92,27.58,-28.68,-33.41,1.119,4694,41.9,9.55,-3.09,2.231,-0.897,38,320.1,116148,111453,"{""2012"": 38.4, ""2013"": 16.8, ""2014"": 65.3, ""2015"": 3.6, ""2016"": 8.4, ""2017"": 68.2, ""2018"": -13.9, ""2019"": 11.0, ""2020"": 97.5, ""2021"": 90.8, ""2022"": 2.9, ""2023"": 52.5, ""2024"": 47.9, ""2025"": 7.2, ""2026"": 24.0}",12.9
p6F_near0.1_rs50,p6f,"{""pivot_n"": 10, ""near_pct"": 0.1, ""rs_min"": 50, ""stop_pct"": 0.08, ""exit_kind"": ""sma15"", ""breakeven_at"": 0.0, ""slots"": 16, ""sizing"": ""fixed"", ""risk_pct"": 0.02, ""cap_pct"": 0.3, ""size_pct"": 0.0625, ""cost_bps"": 25.0, ""fill"": ""realistic"", ""gate"": """", ""gate_sma"": 200, ""tax"": true, ""cash_yield"": 0.05, ""start"": ""2012-01-01"", ""end"": ""2026-09-01"", ""selection"": ""random"", ""capwin"": 0.0, ""drop_topn"": 0}",10,2012-01-01:2026-09-01,123.55,38.85,34.64,42.76,34.64,-27.73,-32.26,1.366,4450,43.0,10.38,-3.29,2.634,-0.861,33,303.5,63015,58535,"{""2012"": 28.4, ""2013"": 7.9, ""2014"": 81.1, ""2015"": 2.0, ""2016"": 21.2, ""2017"": 94.6, ""2018"": -4.4, ""2019"": 17.2, ""2020"": 104.0, ""2021"": 127.0, ""2022"": 7.8, ""2023"": 76.6, ""2024"": 54.6, ""2025"": 16.4, ""2026"": 21.2}",9.5
p6F_near0.1_rs70,p6f,"{""pivot_n"": 10, ""near_pct"": 0.1, ""rs_min"": 70, ""stop_pct"": 0.08, ""exit_kind"": ""sma15"", ""breakeven_at"": 0.0, ""slots"": 16, ""sizing"": ""fixed"", ""risk_pct"": 0.02, ""cap_pct"": 0.3, ""size_pct"": 0.0625, ""cost_bps"": 25.0, ""fill"": ""realistic"", ""gate"": """", ""gate_sma"": 200, ""tax"": true, ""cash_yield"": 0.05, ""start"": ""2012-01-01"", ""end"": ""2026-09-01"", ""selection"": ""random"", ""capwin"": 0.0, ""drop_topn"": 0}",10,2012-01-01:2026-09-01,196.0,43.32,40.8,46.04,40.8,-25.87,-29.61,1.677,4308,43.8,11.14,-3.49,2.907,-0.833,45,293.8,38150,33832,"{""2012"": 29.8, ""2013"": 7.6, ""2014"": 96.2, ""2015"": 4.6, ""2016"": 26.8, ""2017"": 114.8, ""2018"": -8.8, ""2019"": 13.7, ""2020"": 123.4, ""2021"": 126.4, ""2022"": 35.5, ""2023"": 67.2, ""2024"": 71.3, ""2025"": 5.5, ""2026"": 27.4}",8.8
p6F_near0.1_rs85,p6f,"{""pivot_n"": 10, ""near_pct"": 0.1, ""rs_min"": 85, ""stop_pct"": 0.08, ""exit_kind"": ""sma15"", ""breakeven_at"": 0.0, ""slots"": 16, ""sizing"": ""fixed"", ""risk_pct"": 0.02, ""cap_pct"": 0.3, ""size_pct"": 0.0625, ""cost_bps"": 25.0, ""fill"": ""realistic"", ""gate"": """", ""gate_sma"": 200, ""tax"": true, ""cash_yield"": 0.05, ""start"": ""2012-01-01"", ""end"": ""2026-09-01"", ""selection"": ""random"", ""capwin"": 0.0, ""drop_topn"": 0}",10,2012-01-01:2026-09-01,428.91,51.19,47.86,58.43,47.86,-35.33,-38.57,1.467,4030,44.6,12.35,-3.77,3.433,-0.822,28,274.9,19179,15148,"{""2012"": 36.0, ""2013"": 14.8, ""2014"": 119.6, ""2015"": 6.8, ""2016"": 32.2, ""2017"": 163.7, ""2018"": -23.0, ""2019"": 19.8, ""2020"": 172.7, ""2021"": 143.4, ""2022"": 34.6, ""2023"": 72.2, ""2024"": 55.2, ""2025"": 14.4, ""2026"": 27.2}",8.0
p6F_near0.2_rs0,p6f,"{""pivot_n"": 10, ""near_pct"": 0.2, ""rs_min"": 0, ""stop_pct"": 0.08, ""exit_kind"": ""sma15"", ""breakeven_at"": 0.0, ""slots"": 16, ""sizing"": ""fixed"", ""risk_pct"": 0.02, ""cap_pct"": 0.3, ""size_pct"": 0.0625, ""cost_bps"": 25.0, ""fill"": ""realistic"", ""gate"": """", ""gate_sma"": 200, ""tax"": true, ""cash_yield"": 0.05, ""start"": ""2012-01-01"", ""end"": ""2026-09-01"", ""selection"": ""random"", ""capwin"": 0.0, ""drop_topn"": 0}",10,2012-01-01:2026-09-01,62.06,32.51,27.71,35.28,27.71,-28.97,-33.13,1.068,4661,41.8,9.73,-3.13,2.245,-0.919,30,317.9,116361,111649,"{""2012"": 39.4, ""2013"": 20.5, ""2014"": 67.6, ""2015"": 9.9, ""2016"": 8.2, ""2017"": 71.3, ""2018"": -12.4, ""2019"": 7.4, ""2020"": 104.2, ""2021"": 91.5, ""2022"": 1.2, ""2023"": 54.2, ""2024"": 46.8, ""2025"": 5.0, ""2026"": 23.2}",11.8
p6F_near0.2_rs50,p6f,"{""pivot_n"": 10, ""near_pct"": 0.2, ""rs_min"": 50, ""stop_pct"": 0.08, ""exit_kind"": ""sma15"", ""breakeven_at"": 0.0, ""slots"": 16, ""sizing"": ""fixed"", ""risk_pct"": 0.02, ""cap_pct"": 0.3, ""size_pct"": 0.0625, ""cost_bps"": 25.0, ""fill"": ""realistic"", ""gate"": """", ""gate_sma"": 200, ""tax"": true, ""cash_yield"": 0.05, ""start"": ""2012-01-01"", ""end"": ""2026-09-01"", ""selection"": ""random"", ""capwin"": 0.0, ""drop_topn"": 0}",10,2012-01-01:2026-09-01,125.17,39.0,33.39,41.61,33.39,-29.9,-33.03,1.288,4473,43.3,10.37,-3.27,2.618,-0.837,37,305.0,63112,58610,"{""2012"": 28.4, ""2013"": 6.8, ""2014"": 77.7, ""2015"": 5.0, ""2016"": 15.6, ""2017"": 91.6, ""2018"": -7.2, ""2019"": 16.5, ""2020"": 99.0, ""2021"": 124.4, ""2022"": 10.0, ""2023"": 71.4, ""2024"": 60.3, ""2025"": 14.4, ""2026"": 26.5}",10.4
p6F_near0.2_rs70,p6f,"{""pivot_n"": 10, ""near_pct"": 0.2, ""rs_min"": 70, ""stop_pct"": 0.08, ""exit_kind"": ""sma15"", ""breakeven_at"": 0.0, ""slots"": 16, ""sizing"": ""fixed"", ""risk_pct"": 0.02, ""cap_pct"": 0.3, ""size_pct"": 0.0625, ""cost_bps"": 25.0, ""fill"": ""realistic"", ""gate"": """", ""gate_sma"": 200, ""tax"": true, ""cash_yield"": 0.05, ""start"": ""2012-01-01"", ""end"": ""2026-09-01"", ""selection"": ""random"", ""capwin"": 0.0, ""drop_topn"": 0}",10,2012-01-01:2026-09-01,192.64,43.16,38.08,47.08,38.08,-26.92,-30.29,1.595,4321,43.6,11.24,-3.52,2.902,-0.842,45,294.7,38213,33873,"{""2012"": 29.8, ""2013"": 5.4, ""2014"": 100.3, ""2015"": 1.9, ""2016"": 23.8, ""2017"": 114.5, ""2018"": -8.0, ""2019"": 14.8, ""2020"": 131.1, ""2021"": 125.9, ""2022"": 24.8, ""2023"": 68.8, ""2024"": 65.8, ""2025"": 9.9, ""2026"": 27.0}",9.0
p6F_near0.2_rs85,p6f,"{""pivot_n"": 10, ""near_pct"": 0.2, ""rs_min"": 85, ""stop_pct"": 0.08, ""exit_kind"": ""sma15"", ""breakeven_at"": 0.0, ""slots"": 16, ""sizing"": ""fixed"", ""risk_pct"": 0.02, ""cap_pct"": 0.3, ""size_pct"": 0.0625, ""cost_bps"": 25.0, ""fill"": ""realistic"", ""gate"": """", ""gate_sma"": 200, ""tax"": true, ""cash_yield"": 0.05, ""start"": ""2012-01-01"", ""end"": ""2026-09-01"", ""selection"": ""random"", ""capwin"": 0.0, ""drop_topn"": 0}",10,2012-01-01:2026-09-01,434.25,51.31,49.61,55.99,49.61,-34.0,-37.96,1.55,4009,45.1,12.21,-3.79,3.435,-0.763,28,273.4,19214,15204,"{""2012"": 36.0, ""2013"": 14.8, ""2014"": 119.4, ""2015"": 5.7, ""2016"": 35.0, ""2017"": 157.6, ""2018"": -21.5, ""2019"": 21.1, ""2020"": 159.6, ""2021"": 143.4, ""2022"": 33.4, ""2023"": 69.2, ""2024"": 61.4, ""2025"": 12.7, ""2026"": 28.2}",7.6
p6F_near0.5_rs0,p6f,"{""pivot_n"": 10, ""near_pct"": 0.5, ""rs_min"": 0, ""stop_pct"": 0.08, ""exit_kind"": ""sma15"", ""breakeven_at"": 0.0, ""slots"": 16, ""sizing"": ""fixed"", ""risk_pct"": 0.02, ""cap_pct"": 0.3, ""size_pct"": 0.0625, ""cost_bps"": 25.0, ""fill"": ""realistic"", ""gate"": """", ""gate_sma"": 200, ""tax"": true, ""cash_yield"": 0.05, ""start"": ""2012-01-01"", ""end"": ""2026-09-01"", ""selection"": ""random"", ""capwin"": 0.0, ""drop_topn"": 0}",10,2012-01-01:2026-09-01,66.91,33.18,28.39,36.59,28.39,-28.62,-33.13,1.126,4664,41.8,9.77,-3.14,2.28,-0.903,29,318.1,116364,111684,"{""2012"": 39.4, ""2013"": 20.5, ""2014"": 67.6, ""2015"": 9.9, ""2016"": 9.0, ""2017"": 72.1, ""2018"": -12.6, ""2019"": 7.3, ""2020"": 105.6, ""2021"": 97.6, ""2022"": 4.0, ""2023"": 53.4, ""2024"": 48.3, ""2025"": 3.8, ""2026"": 25.9}",11.6
p6F_near0.5_rs50,p6f,"{""pivot_n"": 10, ""near_pct"": 0.5, ""rs_min"": 50, ""stop_pct"": 0.08, ""exit_kind"": ""sma15"", ""breakeven_at"": 0.0, ""slots"": 16, ""sizing"": ""fixed"", ""risk_pct"": 0.02, ""cap_pct"": 0.3, ""size_pct"": 0.0625, ""cost_bps"": 25.0, ""fill"": ""realistic"", ""gate"": """", ""gate_sma"": 200, ""tax"": true, ""cash_yield"": 0.05, ""start"": ""2012-01-01"", ""end"": ""2026-09-01"", ""selection"": ""random"", ""capwin"": 0.0, ""drop_topn"": 0}",10,2012-01-01:2026-09-01,125.17,39.0,33.39,41.61,33.39,-29.9,-33.03,1.288,4473,43.3,10.37,-3.27,2.618,-0.837,37,305.0,63112,58610,"{""2012"": 28.4, ""2013"": 6.8, ""2014"": 77.7, ""2015"": 5.0, ""2016"": 15.6, ""2017"": 91.6, ""2018"": -7.2, ""2019"": 16.5, ""2020"": 99.0, ""2021"": 124.4, ""2022"": 10.0, ""2023"": 71.4, ""2024"": 60.3, ""2025"": 14.4, ""2026"": 26.5}",9.5
p6F_near0.5_rs70,p6f,"{""pivot_n"": 10, ""near_pct"": 0.5, ""rs_min"": 70, ""stop_pct"": 0.08, ""exit_kind"": ""sma15"", ""breakeven_at"": 0.0, ""slots"": 16, ""sizing"": ""fixed"", ""risk_pct"": 0.02, ""cap_pct"": 0.3, ""size_pct"": 0.0625, ""cost_bps"": 25.0, ""fill"": ""realistic"", ""gate"": """", ""gate_sma"": 200, ""tax"": true, ""cash_yield"": 0.05, ""start"": ""2012-01-01"", ""end"": ""2026-09-01"", ""selection"": ""random"", ""capwin"": 0.0, ""drop_topn"": 0}",10,2012-01-01:2026-09-01,192.64,43.16,38.08,47.08,38.08,-26.92,-30.29,1.595,4321,43.6,11.24,-3.52,2.902,-0.842,45,294.7,38213,33873,"{""2012"": 29.8, ""2013"": 5.4, ""2014"": 100.3, ""2015"": 1.9, ""2016"": 23.8, ""2017"": 114.5, ""2018"": -8.0, ""2019"": 14.8, ""2020"": 131.1, ""2021"": 125.9, ""2022"": 24.8, ""2023"": 68.8, ""2024"": 65.8, ""2025"": 9.9, ""2026"": 27.0}",8.7
p6F_near0.5_rs85,p6f,"{""pivot_n"": 10, ""near_pct"": 0.5, ""rs_min"": 85, ""stop_pct"": 0.08, ""exit_kind"": ""sma15"", ""breakeven_at"": 0.0, ""slots"": 16, ""sizing"": ""fixed"", ""risk_pct"": 0.02, ""cap_pct"": 0.3, ""size_pct"": 0.0625, ""cost_bps"": 25.0, ""fill"": ""realistic"", ""gate"": """", ""gate_sma"": 200, ""tax"": true, ""cash_yield"": 0.05, ""start"": ""2012-01-01"", ""end"": ""2026-09-01"", ""selection"": ""random"", ""capwin"": 0.0, ""drop_topn"": 0}",10,2012-01-01:2026-09-01,434.25,51.31,49.61,55.99,49.61,-34.0,-37.96,1.55,4009,45.1,12.21,-3.79,3.435,-0.763,28,273.4,19214,15204,"{""2012"": 36.0, ""2013"": 14.8, ""2014"": 119.4, ""2015"": 5.7, ""2016"": 35.0, ""2017"": 157.6, ""2018"": -21.5, ""2019"": 21.1, ""2020"": 159.6, ""2021"": 143.4, ""2022"": 33.4, ""2023"": 69.2, ""2024"": 61.4, ""2025"": 12.7, ""2026"": 28.2}",8.4
p6F_stop0.06,p6f,"{""pivot_n"": 10, ""near_pct"": 0.2, ""rs_min"": 70.0, ""stop_pct"": 0.06, ""exit_kind"": ""sma15"", ""breakeven_at"": 0.0, ""slots"": 16, ""sizing"": ""fixed"", ""risk_pct"": 0.02, ""cap_pct"": 0.3, ""size_pct"": 0.0625, ""cost_bps"": 25.0, ""fill"": ""realistic"", ""gate"": """", ""gate_sma"": 200, ""tax"": true, ""cash_yield"": 0.05, ""start"": ""2012-01-01"", ""end"": ""2026-09-01"", ""selection"": ""random"", ""capwin"": 0.0, ""drop_topn"": 0}",10,2012-01-01:2026-09-01,188.95,42.96,37.89,47.87,37.89,-26.73,-29.72,1.633,4327,43.6,11.18,-3.51,2.889,-0.848,45,295.1,38213,33874,"{""2012"": 30.2, ""2013"": 5.3, ""2014"": 102.1, ""2015"": 2.5, ""2016"": 24.8, ""2017"": 109.8, ""2018"": -6.8, ""2019"": 14.8, ""2020"": 133.1, ""2021"": 115.2, ""2022"": 27.6, ""2023"": 70.2, ""2024"": 65.8, ""2025"": 10.6, ""2026"": 24.0}",8.7
p6F_stop0.08,p6f,"{""pivot_n"": 10, ""near_pct"": 0.2, ""rs_min"": 70.0, ""stop_pct"": 0.08, ""exit_kind"": ""sma15"", ""breakeven_at"": 0.0, ""slots"": 16, ""sizing"": ""fixed"", ""risk_pct"": 0.02, ""cap_pct"": 0.3, ""size_pct"": 0.0625, ""cost_bps"": 25.0, ""fill"": ""realistic"", ""gate"": """", ""gate_sma"": 200, ""tax"": true, ""cash_yield"": 0.05, ""start"": ""2012-01-01"", ""end"": ""2026-09-01"", ""selection"": ""random"", ""capwin"": 0.0, ""drop_topn"": 0}",10,2012-01-01:2026-09-01,192.64,43.16,38.08,47.08,38.08,-26.92,-30.29,1.595,4321,43.6,11.24,-3.52,2.902,-0.842,45,294.7,38213,33873,"{""2012"": 29.8, ""2013"": 5.4, ""2014"": 100.3, ""2015"": 1.9, ""2016"": 23.8, ""2017"": 114.5, ""2018"": -8.0, ""2019"": 14.8, ""2020"": 131.1, ""2021"": 125.9, ""2022"": 24.8, ""2023"": 68.8, ""2024"": 65.8, ""2025"": 9.9, ""2026"": 27.0}",5.7
p6F_stop0.1,p6f,"{""pivot_n"": 10, ""near_pct"": 0.2, ""rs_min"": 70.0, ""stop_pct"": 0.1, ""exit_kind"": ""sma15"", ""breakeven_at"": 0.0, ""slots"": 16, ""sizing"": ""fixed"", ""risk_pct"": 0.02, ""cap_pct"": 0.3, ""size_pct"": 0.0625, ""cost_bps"": 25.0, ""fill"": ""realistic"", ""gate"": """", ""gate_sma"": 200, ""tax"": true, ""cash_yield"": 0.05, ""start"": ""2012-01-01"", ""end"": ""2026-09-01"", ""selection"": ""random"", ""capwin"": 0.0, ""drop_topn"": 0}",10,2012-01-01:2026-09-01,193.75,43.21,37.32,47.85,37.32,-26.53,-30.49,1.64,4307,43.5,11.24,-3.51,2.9,-0.85,45,293.7,38213,33893,"{""2012"": 29.8, ""2013"": 5.4, ""2014"": 99.9, ""2015"": 2.8, ""2016"": 27.2, ""2017"": 115.0, ""2018"": -7.3, ""2019"": 13.0, ""2020"": 119.2, ""2021"": 121.6, ""2022"": 22.2, ""2023"": 73.0, ""2024"": 68.8, ""2025"": 8.6, ""2026"": 26.8}",5.6
p6F_stop0.15,p6f,"{""pivot_n"": 10, ""near_pct"": 0.2, ""rs_min"": 70.0, ""stop_pct"": 0.15, ""exit_kind"": ""sma15"", ""breakeven_at"": 0.0, ""slots"": 16, ""sizing"": ""fixed"", ""risk_pct"": 0.02, ""cap_pct"": 0.3, ""size_pct"": 0.0625, ""cost_bps"": 25.0, ""fill"": ""realistic"", ""gate"": """", ""gate_sma"": 200, ""tax"": true, ""cash_yield"": 0.05, ""start"": ""2012-01-01"", ""end"": ""2026-09-01"", ""selection"": ""random"", ""capwin"": 0.0, ""drop_topn"": 0}",10,2012-01-01:2026-09-01,192.89,43.17,37.49,47.86,37.49,-26.8,-29.65,1.617,4304,43.5,11.21,-3.51,2.898,-0.843,45,293.5,38213,33890,"{""2012"": 29.8, ""2013"": 5.4, ""2014"": 99.9, ""2015"": 3.0, ""2016"": 28.6, ""2017"": 114.1, ""2018"": -7.2, ""2019"": 14.9, ""2020"": 123.8, ""2021"": 121.0, ""2022"": 21.4, ""2023"": 73.2, ""2024"": 68.8, ""2025"": 8.6, ""2026"": 26.8}",5.3
p6F_stop0.99,p6f,"{""pivot_n"": 10, ""near_pct"": 0.2, ""rs_min"": 70.0, ""stop_pct"": 0.99, ""exit_kind"": ""sma15"", ""breakeven_at"": 0.0, ""slots"": 16, ""sizing"": ""fixed"", ""risk_pct"": 0.02, ""cap_pct"": 0.3, ""size_pct"": 0.0625, ""cost_bps"": 25.0, ""fill"": ""realistic"", ""gate"": """", ""gate_sma"": 200, ""tax"": true, ""cash_yield"": 0.05, ""start"": ""2012-01-01"", ""end"": ""2026-09-01"", ""selection"": ""random"", ""capwin"": 0.0, ""drop_topn"": 0}",10,2012-01-01:2026-09-01,192.89,43.17,37.49,47.86,37.49,-26.78,-29.65,1.617,4305,43.5,11.21,-3.51,2.898,-0.843,45,293.6,38213,33890,"{""2012"": 29.8, ""2013"": 5.4, ""2014"": 99.9, ""2015"": 3.0, ""2016"": 28.6, ""2017"": 114.1, ""2018"": -7.2, ""2019"": 14.9, ""2020"": 123.8, ""2021"": 121.0, ""2022"": 21.4, ""2023"": 73.2, ""2024"": 68.8, ""2025"": 8.6, ""2026"": 26.8}",5.1
