date,0
2015-01-01,1.000193630506544
2015-01-02,1.000387298505861
2015-01-05,1.000581004005211
2015-01-06,1.0007747470118549
2015-01-07,1.000968527533055
2015-01-08,1.0011623455760759
2015-01-09,1.0013562011481825
2015-01-12,1.0015500942566418
2015-01-13,1.001744024908722
2015-01-14,1.0019379931116925
2015-01-15,1.0021319988728243
2015-01-16,1.00232604219939
2015-01-19,1.0025201230986633
2015-01-20,1.0027142415779196
2015-01-21,1.002908397644435
2015-01-22,1.003102591305488
2015-01-23,1.003296822568358
2015-01-27,1.0034910914403259
2015-01-28,1.003685397928674
2015-01-29,1.0038797420406858
2015-01-30,1.0040741237836464
2015-02-02,1.0042685431648424
2015-02-03,1.0044630001915615
2015-02-04,1.0046574948710933
2015-02-05,1.0048520272107284
2015-02-06,1.005046597217759
2015-02-09,1.0052412048994785
2015-02-10,1.0054358502631822
2015-02-11,1.0056305333161661
2015-02-12,1.0058252540657282
2015-02-13,1.0060200125191676
2015-02-16,1.006214808683785
2015-02-18,1.0064096425668825
2015-02-19,1.0066045141757634
2015-02-20,1.0067994235177327
2015-02-23,1.0069943706000966
2015-02-24,1.0071893554301627
2015-02-25,1.0073843780152403
2015-02-26,1.0075794383626397
2015-02-27,1.0077745364796733
2015-02-28,1.007969672373654
2015-03-02,1.0081648460518966
2015-03-03,1.0083600575217175
2015-03-04,1.0085553067904343
2015-03-05,1.0087505938653658
2015-03-09,1.0089459187538325
2015-03-10,1.0091412814631564
2015-03-11,1.0093366820006606
2015-03-12,1.0095321203736698
2015-03-13,1.00972759658951
2015-03-16,1.009923110655509
2015-03-17,1.0101186625789957
2015-03-18,1.0103142523673003
2015-03-19,1.0105098800277548
2015-03-20,1.0107055455676923
2015-03-23,1.0109012489944473
2015-03-24,1.0110969903153562
2015-03-25,1.011292769537756
2015-03-26,1.011488586668986
2015-03-27,1.0116844417163862
2015-03-30,1.0118803346872984
2015-03-31,1.0120762655890658
2015-04-01,1.012272234429033
2015-04-06,1.0124682412145458
2015-04-07,1.0126642859529518
2015-04-08,1.0128603686515998
2015-04-09,1.0130564893178402
2015-04-10,1.0132526479590245
2015-04-13,1.0134488445825058
2015-04-15,1.0136450791956388
2015-04-16,1.0138413518057794
2015-04-17,1.0140376624202847
2015-04-20,1.0142340110465138
2015-04-21,1.0144303976918267
2015-04-22,1.0146268223635855
2015-04-23,1.0148232850691528
2015-04-24,1.0150197858158934
2015-04-27,1.015216324611173
2015-04-28,1.0154129014623592
2015-04-29,1.0156095163768206
2015-04-30,1.0158061693619276
2015-05-04,1.0160028604250517
2015-05-05,1.016199589573566
2015-05-06,1.0163963568148449
2015-05-07,1.0165931621562643
2015-05-08,1.0167900056052017
2015-05-11,1.016986887169036
2015-05-12,1.017183806855147
2015-05-13,1.0173807646709168
2015-05-14,1.0175777606237282
2015-05-15,1.0177747947209657
2015-05-18,1.017971866970015
2015-05-19,1.018168977378264
2015-05-20,1.0183661259531012
2015-05-21,1.0185633127019167
2015-05-22,1.0187605376321023
2015-05-25,1.018957800751051
2015-05-26,1.0191551020661573
2015-05-27,1.0193524415848172
2015-05-28,1.0195498193144281
2015-05-29,1.0197472352623889
2015-06-01,1.0199446894360995
2015-06-02,1.020142181842962
2015-06-03,1.020339712490379
2015-06-04,1.0205372813857554
2015-06-05,1.020734888536497
2015-06-08,1.0209325339500115
2015-06-09,1.0211302176337074
2015-06-10,1.0213279395949952
2015-06-11,1.0215256998412865
2015-06-12,1.0217234983799945
2015-06-15,1.0219213352185337
2015-06-16,1.0221192103643202
2015-06-17,1.0223171238247712
2015-06-18,1.022515075607306
2015-06-19,1.0227130657193446
2015-06-22,1.022911094168309
2015-06-23,1.0231091609616223
2015-06-24,1.023307266106709
2015-06-25,1.0235054096109955
2015-06-26,1.023703591481909
2015-06-29,1.0239018117268786
2015-06-30,1.0241000703533345
2015-07-01,1.0242983673687087
2015-07-02,1.0244967027804346
2015-07-03,1.0246950765959466
2015-07-06,1.024893488822681
2015-07-07,1.0250919394680753
2015-07-08,1.0252904285395688
2015-07-09,1.0254889560446017
2015-07-10,1.0256875219906159
2015-07-13,1.0258861263850547
2015-07-14,1.0260847692353632
2015-07-15,1.0262834505489873
2015-07-16,1.0264821703333749
2015-07-17,1.0266809285959748
2015-07-20,1.0268797253442379
2015-07-21,1.027078560585616
2015-07-22,1.0272774343275628
2015-07-23,1.0274763465775327
2015-07-24,1.0276752973429826
2015-07-27,1.02787428663137
2015-07-28,1.028073314450154
2015-07-29,1.0282723808067953
2015-07-30,1.028471485708756
2015-07-31,1.0266136861920823
2015-08-03,1.0294477278731682
2015-08-04,1.0270138405253892
2015-08-05,1.040567710433193
2015-08-06,1.0413875240308252
2015-08-07,1.038071847459979
2015-08-10,1.035204841312927
2015-08-11,1.0319869633247367
2015-08-12,1.029170117070993
2015-08-13,1.0334073981957344
2015-08-14,1.0442395897917869
2015-08-17,1.041725350300455
2015-08-18,1.036410188918855
2015-08-19,1.051685818981944
2015-08-20,1.064865373995618
2015-08-21,1.066771207105997
2015-08-24,1.009638371792199
2015-08-25,1.0176349276174466
2015-08-26,1.0070488052222368
2015-08-27,1.032392418538048
2015-08-28,1.03216623327988
2015-08-31,1.0414353662417988
2015-09-01,1.0242647177526072
2015-09-02,1.0201280926652605
2015-09-03,1.0205175591561912
2015-09-04,1.0027276179256108
2015-09-07,0.983409565772903
2015-09-08,0.9823841576337606
2015-09-09,0.9869827037510543
2015-09-10,0.9851955254082867
2015-09-11,0.9889561738724906
2015-09-14,0.9972589794634242
2015-09-15,1.001339726399496
2015-09-16,1.0083058901865847
2015-09-18,1.0075260849483374
2015-09-21,1.0020406855245794
2015-09-22,0.9958275119548718
2015-09-23,1.0005946428059254
2015-09-24,1.010178927645758
2015-09-28,1.0092435204992418
2015-09-29,1.0049344976745767
2015-09-30,1.0260384877674305
2015-10-01,1.0359303169782825
2015-10-05,1.0400407884822525
2015-10-06,1.0584563272845022
2015-10-07,1.0624971853504723
2015-10-08,1.050542511472555
2015-10-09,1.0548734004193934
2015-10-12,1.0438680962754048
2015-10-13,1.0447073166383785
2015-10-14,1.0456853386591805
2015-10-15,1.0491853763192351
2015-10-16,1.0497254788910173
2015-10-19,1.0629304078844175
2015-10-20,1.0580412166753315
2015-10-21,1.051733402261738
2015-10-23,1.0620132609784123
2015-10-26,1.0608043899325224
2015-10-27,1.061052148050577
2015-10-28,1.058637614322975
2015-10-29,1.0490069589504183
2015-10-30,1.0383424837497757
2015-11-02,1.0354883335509812
2015-11-03,1.0397110360039856
2015-11-04,1.0315194097347573
2015-11-05,1.0137668639230488
2015-11-06,1.0006349014278066
2015-11-09,0.9974418816386534
2015-11-10,0.9639769015599506
2015-11-11,0.9639769015599506
2015-11-13,0.9600969128092042
2015-11-16,0.9587367883208957
2015-11-17,0.9637925104968086
2015-11-18,0.9517229020832444
2015-11-19,0.9585982972388191
2015-11-20,0.9627591565508924
2015-11-23,0.9641709027825668
2015-11-24,0.958140426314405
2015-11-26,0.9540360455320261
2015-11-27,0.9580779752608487
2015-11-30,0.954733169620298
2015-12-01,0.9578353220149607
2015-12-02,0.9601366949357145
2015-12-03,0.9480603834377526
2015-12-04,0.9366915277539474
2015-12-07,0.9226920473726175
2015-12-08,0.921694572276795
2015-12-09,0.912045868536067
2015-12-10,0.9171357057305681
2015-12-11,0.9090895387190746
2015-12-14,0.9120065718927294
2015-12-15,0.9244042276840266
2015-12-16,0.9182349191112265
2015-12-17,0.9281915540063223
2015-12-18,0.9212570784494201
2015-12-21,0.9330450435691366
2015-12-22,0.9245361648689251
2015-12-23,0.927023870967617
2015-12-24,0.9302159998052685
2015-12-28,0.9376652500284379
2015-12-29,0.9376645980375287
2015-12-30,0.9363884092342319
2015-12-31,0.938234719519296
2016-01-01,0.9364785173619081
2016-01-04,0.9281240756728967
2016-01-05,0.9258412966991739
2016-01-06,0.9184586163953224
2016-01-07,0.9020202231553512
2016-01-08,0.9095535769364103
2016-01-11,0.9020031928294
2016-01-12,0.9008595783414144
2016-01-13,0.90465280344886
2016-01-14,0.9110661164341057
2016-01-15,0.9036364862090558
2016-01-18,0.9010889637405837
2016-01-19,0.9010471130726315
2016-01-20,0.89219317905039
2016-01-21,0.8862860861941083
2016-01-22,0.891293921369268
2016-01-25,0.8923492485849235
2016-01-27,0.8929058973519878
2016-01-28,0.8993971111854192
2016-01-29,0.9126874233885407
2016-02-01,0.9149853213771709
2016-02-02,0.9000796246798162
2016-02-03,0.892057906641216
2016-02-04,0.8906747276368955
2016-02-05,0.9085748751872814
2016-02-08,0.8934381095375222
2016-02-09,0.8799766941141783
2016-02-10,0.8716286145575091
2016-02-11,0.8501098429826004
2016-02-12,0.8498543433624044
2016-02-15,0.8610654024886383
2016-02-16,0.8481611938093361
2016-02-17,0.8597832516328029
2016-02-18,0.8765705052036357
2016-02-19,0.8781552724983295
2016-02-22,0.8818400898576029
2016-02-23,0.8717043583714548
2016-02-24,0.8577304451537148
2016-02-25,0.8568930336096432
2016-02-26,0.858865258415426
2016-02-29,0.8479718575674108
2016-03-01,0.868297103890318
2016-03-02,0.8848107400307927
2016-03-03,0.9108329340252816
2016-03-04,0.9198840443369892
2016-03-08,0.9376198543497107
2016-03-09,0.9362110816629278
2016-03-10,0.9324693385358701
2016-03-11,0.9301666999530184
2016-03-14,0.9298056746817499
2016-03-15,0.931957059640444
2016-03-16,0.9273872224355905
2016-03-17,0.9306574626015881
2016-03-18,0.9451277255234759
2016-03-21,0.9511063651505598
2016-03-22,0.9603295953100762
2016-03-23,0.9647779535499168
2016-03-28,0.9398083841505702
2016-03-29,0.9437351710175782
2016-03-30,0.9683860257206831
2016-03-31,0.9627599766426909
2016-04-01,0.955436684942407
2016-04-04,0.9596498101152007
2016-04-05,0.9425334557545176
2016-04-06,0.9579823928971543
2016-04-07,0.9552812817117053
2016-04-08,0.959747161000453
2016-04-11,0.9741822913993005
2016-04-12,0.9728114866461789
2016-04-13,0.9912218706631905
2016-04-18,0.9970332410787747
2016-04-20,1.0125980156905927
2016-04-21,1.0148938583817164
2016-04-22,1.0139489750857051
2016-04-25,0.9995954355786308
2016-04-26,1.0128528858723311
2016-04-27,1.015580362715466
2016-04-28,0.9920432488491281
2016-04-29,0.995086074435477
2016-05-02,1.0006960961716551
2016-05-03,0.9904271359589436
2016-05-04,0.9694447369464114
2016-05-05,0.969266275894335
2016-05-06,0.9696202882359459
2016-05-09,0.9773118390155676
2016-05-10,0.9679543920848772
2016-05-11,0.964523647225253
2016-05-12,0.9736958675343067
2016-05-13,0.9584515816038149
2016-05-16,0.9607145679239854
2016-05-17,0.9613773780657271
2016-05-18,0.9644897606782166
2016-05-19,0.9509349404123987
2016-05-20,0.9457921876474864
2016-05-23,0.941754589862257
2016-05-24,0.942539835406299
2016-05-25,0.9566599167455276
2016-05-26,0.9625472712262743
2016-05-27,0.9792773543451264
2016-05-30,0.9888621419432871
2016-05-31,0.9881957207592472
2016-06-01,0.9865638169404864
2016-06-02,0.9963911946520879
2016-06-03,0.9891194564812621
2016-06-06,0.9943928122838314
2016-06-07,1.010626178229773
2016-06-08,1.0126769918430696
2016-06-09,1.020621824913458
2016-06-10,1.0165272204470968
2016-06-13,1.001807851103137
2016-06-14,1.011749116924278
2016-06-15,1.0179135572848135
2016-06-16,1.017614133609737
2016-06-17,1.0364424549402842
2016-06-20,1.0504022616054316
2016-06-21,1.0518163318576488
2016-06-22,1.0519684696277218
2016-06-23,1.0477267612546466
2016-06-24,1.0066812585974902
2016-06-27,1.016777462437031
2016-06-28,1.026809708961513
2016-06-29,1.0486258982128118
2016-06-30,1.0712680501568586
2016-07-01,1.07852931687256
2016-07-04,1.0994032016189985
2016-07-05,1.0983947085193952
2016-07-07,1.0936949991902594
2016-07-08,1.0893107508132178
2016-07-11,1.1125502173519397
2016-07-12,1.1384416506494548
2016-07-13,1.1386746266207564
2016-07-14,1.1390019056327318
2016-07-15,1.1406221724354382
2016-07-18,1.1265130471035703
2016-07-19,1.1263802726000693
2016-07-20,1.1430915187579704
2016-07-21,1.132390425160496
2016-07-22,1.1462528236882443
2016-07-25,1.1580116279063304
2016-07-26,1.1499252456439717
2016-07-27,1.1537186861415412
2016-07-28,1.1542665413425202
2016-07-29,1.1492353014099752
2016-08-01,1.1581220180435146
2016-08-02,1.139912679042929
2016-08-03,1.1316754129677926
2016-08-04,1.1546807586381322
2016-08-05,1.1839551133530866
2016-08-08,1.1923250768822335
2016-08-09,1.1894363252346538
2016-08-10,1.1769668311136376
2016-08-11,1.169056329176382
2016-08-12,1.1746042766524467
2016-08-16,1.180018275072734
2016-08-17,1.1945006496216386
2016-08-18,1.2009931121412967
2016-08-19,1.2056247979994343
2016-08-22,1.201075027261014
2016-08-23,1.196462781523154
2016-08-24,1.1976183599046635
2016-08-25,1.1837227435118665
2016-08-26,1.1763310216259937
2016-08-29,1.183046636470013
2016-08-30,1.1942678067299246
2016-08-31,1.1780375395564682
2016-09-01,1.1675055176209803
2016-09-02,1.1711852385921442
2016-09-06,1.1887923357299273
2016-09-07,1.1985917936001678
2016-09-08,1.2219985668855762
2016-09-09,1.2135371672377568
2016-09-12,1.1551554888871198
2016-09-14,1.157818160209278
2016-09-15,1.1549762532880143
2016-09-16,1.1514846782236476
2016-09-19,1.1681673321567854
2016-09-20,1.1617314485875676
2016-09-21,1.1673268501682346
2016-09-22,1.1819251359894063
2016-09-23,1.1869301507960208
2016-09-26,1.1722416079553497
2016-09-27,1.170151641254181
2016-09-28,1.193510810431567
2016-09-29,1.1309114898951094
2016-09-30,1.1603884043317803
2016-10-03,1.193144194283282
2016-10-04,1.2020254160666373
2016-10-05,1.2020254160666373
2016-10-06,1.2097374940018675
2016-10-07,1.218096742524619
2016-10-10,1.2201837795207378
2016-10-13,1.1939497162003867
2016-10-14,1.196066354008508
2016-10-17,1.1826223101884368
2016-10-18,1.2015242419786507
2016-10-19,1.1996439960503475
2016-10-20,1.218194019758183
2016-10-21,1.218574545489687
2016-10-24,1.222540018068118
2016-10-25,1.2162033012753
2016-10-26,1.2059034761657186
2016-10-27,1.1970882009570216
2016-10-28,1.2187288093929618
2016-10-30,1.2187877367343118
2016-11-01,1.2422645217941068
2016-11-02,1.215326499074541
2016-11-03,1.1989794756493868
2016-11-04,1.1762364351254462
2016-11-07,1.210741586394914
2016-11-08,1.2126975973556773
2016-11-09,1.216887341218353
2016-11-10,1.3081568525680192
2016-11-11,1.2770965914641719
2016-11-15,1.2591540057998947
2016-11-16,1.2496753063381332
2016-11-17,1.2545577508314953
2016-11-18,1.2468754834849898
2016-11-21,1.1825940742999512
2016-11-22,1.200873775022477
2016-11-23,1.2178551502077921
2016-11-24,1.2330120475875666
2016-11-25,1.2448537274310312
2016-11-28,1.2351336801804362
2016-11-29,1.2309004308162166
2016-11-30,1.2486893139677284
2016-12-01,1.229933898784837
2016-12-02,1.2176869355111337
2016-12-05,1.2334139678231217
2016-12-06,1.2412345868607395
2016-12-07,1.2323924915945794
2016-12-08,1.259076655643684
2016-12-09,1.2737099271997105
2016-12-12,1.2622872364146753
2016-12-13,1.2594437160093215
2016-12-14,1.2417373614162948
2016-12-15,1.2467162873995061
2016-12-16,1.2343744424856484
2016-12-19,1.2216765632588682
2016-12-20,1.2011217746748268
2016-12-21,1.2053225016569695
2016-12-22,1.1766870770876605
2016-12-23,1.1728568454781985
2016-12-26,1.1393508217773347
2016-12-27,1.163878568420692
2016-12-28,1.1603721832485983
2016-12-29,1.1693223257058956
2016-12-30,1.175293232388122
2017-01-02,1.1890450218873536
2017-01-03,1.198294193772696
2017-01-04,1.1926964848270913
2017-01-05,1.220916696407389
2017-01-06,1.218685221428563
2017-01-09,1.213588988710386
2017-01-10,1.2277499373552698
2017-01-11,1.2559405759470352
2017-01-12,1.2639309726246792
2017-01-13,1.2633261985298616
2017-01-16,1.266092226010174
2017-01-17,1.2475709101772356
2017-01-18,1.2598276044366885
2017-01-19,1.2678290331466635
2017-01-20,1.2445838974200742
2017-01-23,1.2641680472170431
2017-01-24,1.2826063669413288
2017-01-25,1.297058813160031
2017-01-27,1.3016577817632045
2017-01-30,1.3024104852881468
2017-01-31,1.2900796819686553
2017-02-01,1.3098885758407186
2017-02-02,1.3108804630579076
2017-02-03,1.3040296832002616
2017-02-06,1.3067386368752696
2017-02-07,1.2927983478743832
2017-02-08,1.3003200582688856
2017-02-09,1.295935475292241
2017-02-10,1.29102465948735
2017-02-13,1.294309685227257
2017-02-14,1.2899762357044005
2017-02-15,1.275830481626325
2017-02-16,1.2953261884008922
2017-02-17,1.2966950319506751
2017-02-20,1.3161376224452526
2017-02-21,1.3229485561322163
2017-02-22,1.3423958190511456
2017-02-23,1.338912526481445
2017-02-27,1.3456452057463808
2017-02-28,1.3434027188520523
2017-03-01,1.3508112551918825
2017-03-02,1.3406386088620987
2017-03-03,1.353006836024412
2017-03-06,1.3675307043475864
2017-03-07,1.3575652045178608
2017-03-08,1.3376745553108709
2017-03-09,1.3297282585452654
2017-03-10,1.3230786887735029
2017-03-14,1.3274591614467535
2017-03-15,1.3325760023614965
2017-03-16,1.3552642730076767
2017-03-17,1.3513108311519972
2017-03-20,1.346693256667869
2017-03-21,1.3420213672056878
2017-03-22,1.331153912182334
2017-03-23,1.346450403856287
2017-03-24,1.3502590717532088
2017-03-27,1.3219256598583817
2017-03-28,1.325522038148705
2017-03-29,1.3304617540329509
2017-03-30,1.3306921437534345
2017-03-31,1.3541160425667265
2017-04-03,1.3660382876263244
2017-04-05,1.3822171983377505
2017-04-06,1.392494077752144
2017-04-07,1.3808092709038924
2017-04-10,1.384725299860397
2017-04-11,1.3741895674352855
2017-04-12,1.363936567512675
2017-04-13,1.3508937046014362
2017-04-17,1.348636004584715
2017-04-18,1.3324826700034593
2017-04-19,1.33966696316931
2017-04-20,1.338763456493613
2017-04-21,1.3424117893594105
2017-04-24,1.351504203868449
2017-04-25,1.363519711114686
2017-04-26,1.359263824308134
2017-04-27,1.3534525866023706
2017-04-28,1.35957376625786
2017-05-02,1.3708820987965014
2017-05-03,1.3797931078663832
2017-05-04,1.3697068707691604
2017-05-05,1.3512055150499394
2017-05-08,1.3786619554816786
2017-05-09,1.3858940156584105
2017-05-10,1.3946403136763186
2017-05-11,1.391780669408966
2017-05-12,1.3949487942652556
2017-05-15,1.4013511669449976
2017-05-16,1.411595352083844
2017-05-17,1.4088995490139884
2017-05-18,1.3748465338728624
2017-05-19,1.3691386646694916
2017-05-22,1.3535803202751646
2017-05-23,1.3268382836337476
2017-05-24,1.3156276976600756
2017-05-25,1.3340983391131171
2017-05-26,1.351136363481813
2017-05-29,1.3254996653776423
2017-05-30,1.3341556292967907
2017-05-31,1.3374489731877457
2017-06-01,1.3357609023304198
2017-06-02,1.347329680457102
2017-06-05,1.3538114600225686
2017-06-06,1.3436141950707492
2017-06-07,1.34723195242553
2017-06-08,1.3485842026903703
2017-06-09,1.3730690277020376
2017-06-12,1.3674831101140743
2017-06-13,1.3745475340772249
2017-06-14,1.382506600683516
2017-06-15,1.394582025972578
2017-06-16,1.400048375628142
2017-06-19,1.4051532553120551
2017-06-20,1.403380443391019
2017-06-21,1.407947543291289
2017-06-22,1.398837890665818
2017-06-23,1.381933467950403
2017-06-27,1.3654683441640707
2017-06-28,1.3695406277692468
2017-06-29,1.3761861127450734
2017-06-30,1.3684088434470323
2017-07-03,1.4043630005332892
2017-07-04,1.3947567638600689
2017-07-05,1.400500943152183
2017-07-06,1.4187747911384945
2017-07-07,1.428324426055464
2017-07-10,1.433788320319573
2017-07-11,1.4198916311388412
2017-07-12,1.4227112221337888
2017-07-13,1.437158517674584
2017-07-14,1.4305994382881226
2017-07-17,1.4290766269055455
2017-07-18,1.3737101525646485
2017-07-19,1.3928881316954893
2017-07-20,1.390638731718893
2017-07-21,1.3862196725226716
2017-07-24,1.39285816431072
2017-07-25,1.39256859300432
2017-07-26,1.40097140989621
2017-07-27,1.395896379084353
2017-07-28,1.395869812785152
2017-07-31,1.3896577680159916
2017-08-01,1.3892145877262674
2017-08-02,1.3848143848716135
2017-08-03,1.3699074358669905
2017-08-04,1.374978143353406
2017-08-07,1.3898201921818656
2017-08-08,1.3525611642538433
2017-08-09,1.34389724012345
2017-08-10,1.303165967783602
2017-08-11,1.291454362410157
2017-08-14,1.333549289368119
2017-08-16,1.3484347385411661
2017-08-17,1.3505594163041077
2017-08-18,1.3398610357144016
2017-08-21,1.3297720404230928
2017-08-22,1.324962436052642
2017-08-23,1.3575412218286091
2017-08-24,1.3523796491662754
2017-08-28,1.3582715184988843
2017-08-29,1.3441151368246063
2017-08-30,1.3618647444935508
2017-08-31,1.3729236604655162
2017-09-01,1.3909990504536398
2017-09-04,1.3748572328232245
2017-09-05,1.387008675461275
2017-09-06,1.3879466014368345
2017-09-07,1.3957269200254796
2017-09-08,1.3862377044105496
2017-09-11,1.3953006281907483
2017-09-12,1.413908872008884
2017-09-13,1.4047025284461294
2017-09-14,1.4018787861606519
2017-09-15,1.3982352042951554
2017-09-18,1.4068259578698603
2017-09-19,1.411158576816376
2017-09-20,1.4061223229375395
2017-09-21,1.3935145259009922
2017-09-22,1.3527565914927728
2017-09-25,1.3240327651646993
2017-09-26,1.3417867777688666
2017-09-27,1.312387575629122
2017-09-28,1.3269844570126343
2017-09-29,1.343317447412633
2017-10-03,1.3533509425283576
2017-10-04,1.3555228690624201
2017-10-05,1.3636176203109813
2017-10-06,1.386028148194254
2017-10-09,1.4033912050487642
2017-10-10,1.3980563531528005
2017-10-11,1.374596769132573
2017-10-12,1.399809201462794
2017-10-13,1.409983709329956
2017-10-16,1.4310506515454056
2017-10-17,1.439794002231515
2017-10-18,1.4363554868255377
2017-10-19,1.4283106254224427
2017-10-23,1.4393793999728104
2017-10-24,1.4463025657315705
2017-10-25,1.4459974755135414
2017-10-26,1.4639334067178484
2017-10-27,1.4589371010839152
2017-10-30,1.4732878102886258
2017-10-31,1.4819622546705808
2017-11-01,1.514537837385737
2017-11-02,1.5137440429141737
2017-11-03,1.518451990461436
2017-11-06,1.524403631072827
2017-11-07,1.4945124602326874
2017-11-08,1.4784090287103802
2017-11-09,1.4811096479104624
2017-11-10,1.4842987668971466
2017-11-13,1.4599480633320918
2017-11-14,1.4596508785253113
2017-11-15,1.4249179583409675
2017-11-16,1.4415411658914097
2017-11-17,1.4815578604858999
2017-11-20,1.5070062378599733
2017-11-21,1.499420108146091
2017-11-22,1.496503595121205
2017-11-23,1.495034875184381
2017-11-24,1.4924415787059728
2017-11-27,1.4937171310612158
2017-11-28,1.489676369430295
2017-11-29,1.4935464594565835
2017-11-30,1.493157473719827
2017-12-01,1.4660987866114268
2017-12-04,1.465946163321496
2017-12-05,1.4559362463460648
2017-12-06,1.4392876199197469
2017-12-07,1.4658354154539068
2017-12-08,1.4811086027381681
2017-12-11,1.4811194913210852
2017-12-12,1.4633571834650463
2017-12-13,1.4363804057570246
2017-12-14,1.4402315717307381
2017-12-15,1.4714964687225733
2017-12-18,1.4800285743456607
2017-12-19,1.5027867648109203
2017-12-20,1.5299121611384587
2017-12-21,1.5424260776680863
2017-12-22,1.5435905370216196
2017-12-26,1.5617388655797688
2017-12-27,1.5554716871375274
2017-12-28,1.5953076070813703
2017-12-29,1.5954797537923733
2018-01-01,1.5930778257466158
2018-01-02,1.5890645686990867
2018-01-03,1.6043184031196334
2018-01-04,1.625228286115889
2018-01-05,1.6347564211529497
2018-01-08,1.6495196295748833
2018-01-09,1.6727437992149519
2018-01-10,1.6839050758165348
2018-01-11,1.699555067538051
2018-01-12,1.6923793024880769
2018-01-15,1.693872364302051
2018-01-16,1.6411572560799461
2018-01-17,1.6565208594530862
2018-01-18,1.6001935422048907
2018-01-19,1.6158397751705476
2018-01-22,1.6258512148307016
2018-01-23,1.664293943659505
2018-01-24,1.649291696215692
2018-01-25,1.6424218151127052
2018-01-29,1.6407362011011761
2018-01-30,1.627036326692275
2018-01-31,1.6168395456590605
2018-02-01,1.6113762631941717
2018-02-02,1.5372938426765634
2018-02-05,1.5295853516739255
2018-02-06,1.502643593709662
2018-02-07,1.5188045692508183
2018-02-08,1.5494448621421057
2018-02-09,1.5620012004074055
2018-02-12,1.5835525391174814
2018-02-14,1.5854570015291318
2018-02-15,1.5828797702704809
2018-02-16,1.561182126368156
2018-02-19,1.5367516776467374
2018-02-20,1.5411428450118954
2018-02-21,1.5252909204642278
2018-02-22,1.5261637112876139
2018-02-23,1.5574198046197092
2018-02-26,1.5901438111480903
2018-02-27,1.5702227994617848
2018-02-28,1.5581397619727153
2018-03-01,1.5506103573013728
2018-03-05,1.5483258249884104
2018-03-06,1.5216254943226608
2018-03-07,1.5129890670090962
2018-03-08,1.524115874980415
2018-03-09,1.5276506628176239
2018-03-12,1.542318802287224
2018-03-13,1.5420836862001537
2018-03-14,1.5413260364297456
2018-03-15,1.5389952567192504
2018-03-16,1.5227593943781745
2018-03-19,1.4837726557354252
2018-03-20,1.491954331692879
2018-03-21,1.497823028582172
2018-03-22,1.4817052927731857
2018-03-23,1.460187312014336
2018-03-26,1.464203839848136
2018-03-27,1.469581285495517
2018-03-28,1.4612806674738166
2018-04-02,1.4785394124308155
2018-04-03,1.4769486707274144
2018-04-04,1.4599870823525014
2018-04-05,1.4903093426348526
2018-04-06,1.4898547502720134
2018-04-09,1.4853447615450164
2018-04-10,1.496110015705144
2018-04-11,1.504043324970747
2018-04-12,1.5137505587847566
2018-04-13,1.5224639139476315
2018-04-16,1.531567935255173
2018-04-17,1.538341847693119
2018-04-18,1.5404535056338844
2018-04-19,1.5541745325899405
2018-04-20,1.5840181491170775
2018-04-23,1.6026828923445404
2018-04-24,1.589898530211209
2018-04-25,1.6037931390193159
2018-04-26,1.6060006994125273
2018-04-27,1.5955273591098311
2018-04-30,1.6159752465094752
2018-05-02,1.6038517755826118
2018-05-03,1.5782705449654848
2018-05-04,1.5685191305196853
2018-05-07,1.5782344747689323
2018-05-08,1.5747092719351536
2018-05-09,1.575761156458278
2018-05-10,1.5685651265759382
2018-05-11,1.5783580492494325
2018-05-14,1.575377089394676
2018-05-15,1.576485384248372
2018-05-16,1.5919624982208618
2018-05-17,1.5805327095483046
2018-05-18,1.5877565000027845
2018-05-21,1.5842882501940865
2018-05-22,1.5821096118507256
2018-05-23,1.5760014934590167
2018-05-24,1.5965733331996905
2018-05-25,1.5984760501829032
2018-05-28,1.5885890477999791
2018-05-29,1.5899513573040238
2018-05-30,1.5884242954561618
2018-05-31,1.5990987456249715
2018-06-01,1.5871820849281228
2018-06-04,1.5833135722202414
2018-06-05,1.571122938302825
2018-06-06,1.5852293131012007
2018-06-07,1.6015734514337518
2018-06-08,1.6024282756108976
2018-06-11,1.6053261305571012
2018-06-12,1.6173516857186299
2018-06-13,1.6234865665158433
2018-06-14,1.6105533191121257
2018-06-15,1.6247194187659377
2018-06-18,1.6173505449395018
2018-06-19,1.6055784141865816
2018-06-20,1.5996453390639434
2018-06-21,1.5920719256927165
2018-06-22,1.600817651580854
2018-06-25,1.6021620334952529
2018-06-26,1.615021249401214
2018-06-27,1.6146752201920185
2018-06-28,1.600331653402127
2018-06-29,1.6226111872162956
2018-07-02,1.6221334053955716
2018-07-03,1.636320061223124
2018-07-04,1.6345740372889597
2018-07-05,1.6337392833409607
2018-07-06,1.6348795595502397
2018-07-09,1.6470669673231235
2018-07-10,1.6572738589082068
2018-07-11,1.6779820908181138
2018-07-12,1.6804427067656946
2018-07-13,1.6730488332339395
2018-07-16,1.676133649518087
2018-07-17,1.6677484804263887
2018-07-18,1.6605396097392982
2018-07-19,1.6587746722544923
2018-07-20,1.6728284430153106
2018-07-23,1.6923569850614748
2018-07-24,1.6919569237544823
2018-07-25,1.6851325244944537
2018-07-26,1.6809290434520605
2018-07-27,1.7037756997201483
2018-07-30,1.700480549037917
2018-07-31,1.7150468996550956
2018-08-01,1.7250705274709737
2018-08-02,1.7148603049614581
2018-08-03,1.730192022319483
2018-08-06,1.7220361393512673
2018-08-07,1.7202678555609006
2018-08-08,1.7244199725458424
2018-08-09,1.7262284692844039
2018-08-10,1.733364703371129
2018-08-13,1.7453655574281257
2018-08-14,1.75973678695274
2018-08-16,1.7619608141844754
2018-08-17,1.7836681786867261
2018-08-20,1.7770709955180122
2018-08-21,1.783277015218599
2018-08-23,1.8024216497406582
2018-08-24,1.7928455684301605
2018-08-27,1.8138685886228119
2018-08-28,1.8147965399893604
2018-08-29,1.8096052562836342
2018-08-30,1.8214528055061328
2018-08-31,1.839836996668471
2018-09-03,1.8123758377977301
2018-09-04,1.812226321137518
2018-09-05,1.80383911260121
2018-09-06,1.8058510404437231
2018-09-07,1.8128584562457
2018-09-10,1.797200363308326
2018-09-11,1.7692431873757457
2018-09-12,1.7949909105016855
2018-09-14,1.8006629321463115
2018-09-17,1.7908815322690206
2018-09-18,1.7957207575903609
2018-09-19,1.7857795842290107
2018-09-21,1.7706039973561487
2018-09-24,1.7705660906708276
2018-09-25,1.7849918251749128
2018-09-26,1.7552786942256773
2018-09-27,1.7593289076114784
2018-09-28,1.7488180658904033
2018-10-01,1.7749838801292717
2018-10-03,1.7509694746666897
2018-10-04,1.6970108997621185
2018-10-05,1.6979359330611086
2018-10-08,1.6786439797375914
2018-10-09,1.6939255031262408
2018-10-10,1.693090205475902
2018-10-11,1.642871967229964
2018-10-12,1.6380258951614997
2018-10-15,1.6739254652325737
2018-10-16,1.6843893123754494
2018-10-17,1.6750383261886757
2018-10-19,1.6454321959083484
2018-10-22,1.641969811901455
2018-10-23,1.5951236700735176
2018-10-24,1.5942023785039559
2018-10-25,1.579060707969583
2018-10-26,1.561403786564742
2018-10-29,1.6210128914514206
2018-10-30,1.6291567692430262
2018-10-31,1.681290258100188
2018-11-01,1.650610593865314
2018-11-02,1.6326291513459474
2018-11-05,1.6294164177414712
2018-11-06,1.6348805600957368
2018-11-07,1.645226118633572
2018-11-09,1.6498739469405785
2018-11-12,1.64799583362032
2018-11-13,1.6390439699980408
2018-11-14,1.6010339793658854
2018-11-15,1.6021189763910852
2018-11-16,1.6159550161883365
2018-11-19,1.6315268320292884
2018-11-20,1.59827293543929
2018-11-21,1.5891237774358136
2018-11-22,1.5804663537152552
2018-11-26,1.5809542209857863
2018-11-27,1.581714497937651
2018-11-28,1.600561301195794
2018-11-29,1.598125953083448
2018-11-30,1.6239372457370325
2018-12-03,1.6101550570243501
2018-12-04,1.6253063676989075
2018-12-05,1.6034028236716822
2018-12-06,1.5749216117878266
2018-12-07,1.5729147642563315
2018-12-10,1.5465014815058005
2018-12-11,1.5742457722701066
2018-12-12,1.587767712417268
2018-12-13,1.5941222797736916
2018-12-14,1.5870483461871432
2018-12-17,1.592288050753592
2018-12-18,1.5909508553642142
2018-12-19,1.5819141987629883
2018-12-20,1.5819435445728018
2018-12-21,1.5566357861540938
2018-12-24,1.5545902271586096
2018-12-26,1.5460463675444232
2018-12-27,1.5550253414171638
2018-12-28,1.5700400121779878
2018-12-31,1.5715878066367355
2019-01-01,1.5810639680574983
2019-01-02,1.5607347232962332
2019-01-03,1.554658756130581
2019-01-04,1.5727423995123455
2019-01-07,1.571123072213425
2019-01-08,1.5926278421533482
2019-01-09,1.5986913726372418
2019-01-10,1.598905999944424
2019-01-11,1.5965737664881603
2019-01-14,1.5917406939761056
2019-01-15,1.6008554333684153
2019-01-16,1.5997920529400744
2019-01-17,1.5860654624048962
2019-01-18,1.5717217978247668
2019-01-21,1.5599772127241145
2019-01-22,1.5528669253632565
2019-01-23,1.5298225077696672
2019-01-24,1.53527291772303
2019-01-25,1.5222175170015468
2019-01-28,1.5005982648394152
2019-01-29,1.5098591670402282
2019-01-30,1.5168503996244016
2019-01-31,1.5320377083819061
2019-02-01,1.5526237162031538
2019-02-04,1.566549875020778
2019-02-05,1.5649051780750578
2019-02-06,1.5907089570555142
2019-02-07,1.583473325930254
2019-02-08,1.569226544402333
2019-02-11,1.5600038349620649
2019-02-12,1.5543037877510784
2019-02-13,1.5474628179273011
2019-02-14,1.5259855199410495
2019-02-15,1.5388518206905848
2019-02-18,1.5215144126343607
2019-02-19,1.5045016528608666
2019-02-20,1.5320342762765318
2019-02-21,1.537165257509574
2019-02-22,1.5408626397436955
2019-02-25,1.5557967645221586
2019-02-26,1.551562552709285
2019-02-27,1.5469714646543788
2019-02-28,1.5424202642141653
2019-03-01,1.5536682111394144
2019-03-05,1.5578565740638792
2019-03-06,1.5668470995385269
2019-03-07,1.5614372224290687
2019-03-08,1.553139161380303
2019-03-11,1.5589012996472988
2019-03-12,1.570298838484226
2019-03-13,1.5773280134075671
2019-03-14,1.572640955957378
2019-03-15,1.5990945130461365
2019-03-18,1.5936322327406445
2019-03-19,1.603608642221257
2019-03-20,1.611331448553759
2019-03-22,1.6030097384883406
2019-03-25,1.587886916019458
2019-03-26,1.5970405699026724
2019-03-27,1.594811381220991
2019-03-28,1.6177457012838785
2019-03-29,1.622229282095505
2019-04-01,1.630403643380213
2019-04-02,1.6426376285486965
2019-04-03,1.61825377334738
2019-04-04,1.6144191311721687
2019-04-05,1.6149020875226459
2019-04-08,1.6002033660509687
2019-04-09,1.6173883948799672
2019-04-10,1.5999117331484825
2019-04-11,1.6009023448616573
2019-04-12,1.6103465197554847
2019-04-15,1.609722725730059
2019-04-16,1.6157145431008386
2019-04-18,1.592977917410908
2019-04-22,1.5594950221167758
2019-04-23,1.5531137783782074
2019-04-24,1.5759182517712047
2019-04-25,1.5558669453657643
2019-04-26,1.5765354389761395
2019-04-30,1.5470019460651931
2019-05-02,1.5478557862745443
2019-05-03,1.5632248056762228
2019-05-06,1.5486942415583762
2019-05-07,1.5268082226594049
2019-05-08,1.4963255088048277
2019-05-09,1.4852256340770245
2019-05-10,1.4785002776023048
2019-05-13,1.4490229856206034
2019-05-14,1.4654591766372616
2019-05-15,1.4618722139015896
2019-05-16,1.4822232857057611
2019-05-17,1.484650586732015
2019-05-20,1.5606483461335632
2019-05-21,1.5502282603731345
2019-05-22,1.5572165120308554
2019-05-23,1.5587993254994201
2019-05-24,1.6000593697522472
2019-05-27,1.6231553058366506
2019-05-28,1.6293642422012358
2019-05-29,1.6168107849664646
2019-05-30,1.6256394480812109
2019-05-31,1.6223050407239599
2019-06-03,1.6397091442283265
2019-06-04,1.6351498540033793
2019-06-06,1.6049528638880135
2019-06-07,1.608378174555545
2019-06-10,1.609687549738682
2019-06-11,1.612997110384995
2019-06-12,1.5889220144335974
2019-06-13,1.6010870640356394
2019-06-14,1.5775876707081582
2019-06-17,1.5580379714982167
2019-06-18,1.5594642320691854
2019-06-19,1.5707070266899297
2019-06-20,1.5954824943718735
2019-06-21,1.5849113402045127
2019-06-24,1.5763888280984584
2019-06-25,1.5903566898415835
2019-06-26,1.608895633324332
2019-06-27,1.6279989636315735
2019-06-28,1.6295497376835697
2019-07-01,1.6579480973839569
2019-07-02,1.6485800806731785
2019-07-03,1.6567416834125195
2019-07-04,1.6667152092669146
2019-07-05,1.6366213489284693
2019-07-08,1.5843181916023563
2019-07-09,1.6049696887185607
2019-07-10,1.5890885069228708
2019-07-11,1.6047315040654626
2019-07-12,1.606565629917877
2019-07-15,1.605526359446761
2019-07-16,1.6243123926028744
2019-07-17,1.6295069732162026
2019-07-18,1.61801713639483
2019-07-19,1.590170590969002
2019-07-22,1.558728395172901
2019-07-23,1.5607981048546318
2019-07-24,1.5514902192272075
2019-07-25,1.5536692868178894
2019-07-26,1.5599124444121102
2019-07-29,1.549466985311009
2019-07-30,1.531803556434527
2019-07-31,1.5296795364587705
2019-08-01,1.5085539691775023
2019-08-02,1.5033805601480974
2019-08-05,1.4796471447981174
2019-08-06,1.5042082667331593
2019-08-07,1.486872663537847
2019-08-08,1.5108223629653486
2019-08-09,1.5286133586012003
2019-08-13,1.4982031131060911
2019-08-14,1.5090352516600891
2019-08-16,1.5132326741260205
2019-08-19,1.517260306138646
2019-08-20,1.503906834089239
2019-08-21,1.4832676808156842
2019-08-22,1.419117020504618
2019-08-23,1.4266105011989072
2019-08-26,1.4818396474511082
2019-08-27,1.4951860628160452
2019-08-28,1.5087550504126341
2019-08-29,1.4978674045382103
2019-08-30,1.512195942416094
2019-09-03,1.4778331459472096
2019-09-04,1.4841956907885803
2019-09-05,1.4624881742963352
2019-09-06,1.4644574627300975
2019-09-09,1.4756957460916698
2019-09-11,1.5086505754841826
2019-09-12,1.5044473847461293
2019-09-13,1.5209022601587137
2019-09-16,1.50666220943767
2019-09-17,1.461159248847712
2019-09-18,1.472186415753755
2019-09-19,1.4538521753119038
2019-09-20,1.5340359557077445
2019-09-23,1.5974943988366468
2019-09-24,1.5774172578939036
2019-09-25,1.5381146782936663
2019-09-26,1.5669024499263335
2019-09-27,1.5487266810799816
2019-09-30,1.521430653911483
2019-10-01,1.5120167690805415
2019-10-03,1.5031674305838283
2019-10-04,1.4769571639383396
2019-10-07,1.474061324178233
2019-10-09,1.4976296270408487
2019-10-10,1.480257607433455
2019-10-11,1.4896280552801928
2019-10-14,1.495182927521727
2019-10-15,1.5100439341995184
2019-10-16,1.5136563062733701
2019-10-17,1.533960198826775
2019-10-18,1.5421192096030472
2019-10-22,1.55362973806746
2019-10-23,1.5626773307510138
2019-10-24,1.5553303243359033
2019-10-25,1.554413521843909
2019-10-27,1.5601342901066964
2019-10-29,1.5707906251020711
2019-10-30,1.5801016428688948
2019-10-31,1.5798566492659578
2019-11-01,1.5870601601232162
2019-11-04,1.5873240656121055
2019-11-05,1.5898273870995459
2019-11-06,1.599851569280666
2019-11-07,1.6072242914220614
2019-11-08,1.591173086128583
2019-11-11,1.5933258026562238
2019-11-13,1.5785333944735231
2019-11-14,1.5830173783046761
2019-11-15,1.5834269436647705
2019-11-18,1.5792446917109852
2019-11-19,1.5747220806149322
2019-11-20,1.5761804202943652
2019-11-21,1.57330250791824
2019-11-22,1.5673984485611008
2019-11-25,1.5858594659186516
2019-11-26,1.587983809311143
2019-11-27,1.5955181665960931
2019-11-28,1.5977487911924195
2019-11-29,1.5860222266255748
2019-12-02,1.5812643732748646
2019-12-03,1.5745765143887682
2019-12-04,1.581203629959604
2019-12-05,1.5805959008018937
2019-12-06,1.565483929016104
2019-12-09,1.5641633094115306
2019-12-10,1.5548727541477634
2019-12-11,1.5612589614228358
2019-12-12,1.5714591562854667
2019-12-13,1.5830757885204516
2019-12-16,1.5735008894024316
2019-12-17,1.5846100897628217
2019-12-18,1.5909799068025074
2019-12-19,1.5908913554069566
2019-12-20,1.593079491550383
2019-12-23,1.5907005345181335
2019-12-24,1.5877149121707286
2019-12-26,1.5798434107354478
2019-12-27,1.5904609025991594
2019-12-30,1.5910111617710887
2019-12-31,1.5800352754600864
2020-01-01,1.5790946696764623
2020-01-02,1.5941244523191587
2020-01-03,1.5831307681338804
2020-01-06,1.5445060505080932
2020-01-07,1.5655317075533333
2020-01-08,1.5624624891651873
2020-01-09,1.5992433260786312
2020-01-10,1.6147270978923387
2020-01-13,1.6330239308888617
2020-01-14,1.6337878171560154
2020-01-15,1.6427557020958803
2020-01-16,1.6512616816707213
2020-01-17,1.6468838399654167
2020-01-20,1.6396441580694447
2020-01-21,1.6248630814416098
2020-01-22,1.6168803699024665
2020-01-23,1.6402834223712672
2020-01-24,1.6503603139465244
2020-01-27,1.6350889698483482
2020-01-28,1.6376696549494487
2020-01-29,1.6457796779684444
2020-01-30,1.6391371917447415
2020-01-31,1.6471747648183823
2020-02-01,1.5613616258810825
2020-02-03,1.5848639043005135
2020-02-04,1.618002366293304
2020-02-05,1.6408943065444908
2020-02-06,1.6415716146429749
2020-02-07,1.6187849104434433
2020-02-10,1.5902193700414915
2020-02-11,1.595196267550195
2020-02-12,1.592854763986487
2020-02-13,1.5874200732088644
2020-02-14,1.5692713468726165
2020-02-17,1.5524536562825075
2020-02-18,1.5374052820806412
2020-02-19,1.5454136884580496
2020-02-20,1.5466003161752762
2020-02-24,1.503184845004834
2020-02-25,1.5038218129560803
2020-02-26,1.4751378037579683
2020-02-27,1.4543096769746893
2020-02-28,1.3991339044831255
2020-03-02,1.3944944660552712
2020-03-03,1.411745541596062
2020-03-04,1.3938242967499226
2020-03-05,1.3876135383222497
2020-03-06,1.347290671190894
2020-03-09,1.2940910236564889
2020-03-11,1.2842464489753096
2020-03-12,1.1649568986290997
2020-03-13,1.211883933089512
2020-03-16,1.1122913402328143
2020-03-17,1.0735517025801586
2020-03-18,0.9987121007872451
2020-03-19,0.9718821288326696
2020-03-20,0.9989498003008169
2020-03-23,0.8626282531035897
2020-03-24,0.8603286361971212
2020-03-25,0.9116360775721039
2020-03-26,0.9640187585406895
2020-03-27,0.964843806025967
2020-03-30,0.8939900897529561
2020-03-31,0.9147615802343974
2020-04-01,0.8891352444673647
2020-04-03,0.9133419818522784
2020-04-07,0.9986778889323604
2020-04-08,1.0179812237717258
2020-04-09,1.043472385272351
2020-04-13,1.0499428789606202
2020-04-15,1.0712954843866958
2020-04-16,1.0776556186496502
2020-04-17,1.069562937540608
2020-04-20,1.0579980404986322
2020-04-21,1.0692646237368062
2020-04-22,1.0822253103373942
2020-04-23,1.0755161371653064
2020-04-24,1.0801424805025739
2020-04-27,1.092728580475673
2020-04-28,1.0752861579940838
2020-04-29,1.0731292915082031
2020-04-30,1.067727662318419
2020-05-04,1.0451227611374796
2020-05-05,1.032332312920921
2020-05-06,1.0351569819562543
2020-05-07,1.0267814951377647
2020-05-08,1.0420220923459742
2020-05-11,1.0473953869550887
2020-05-12,1.047611866177635
2020-05-13,1.0454228866600925
2020-05-14,1.028484989055085
2020-05-15,1.0202788073999505
2020-05-18,1.0248227028746173
2020-05-19,1.0294568326991884
2020-05-20,1.0532537499399122
2020-05-21,1.0618899772925665
2020-05-22,1.073933388701974
2020-05-26,1.0569968784444945
2020-05-27,1.0706077672133432
2020-05-28,1.0735572535898648
2020-05-29,1.0879645915420864
2020-06-01,1.0949241983891822
2020-06-02,1.092768885492195
2020-06-03,1.097571427263601
2020-06-04,1.1112234712619011
2020-06-05,1.1099215563469291
2020-06-08,1.1013450533692235
2020-06-09,1.111905977451007
2020-06-10,1.1129913254639734
2020-06-11,1.0934083544165145
2020-06-12,1.0971259731446579
2020-06-15,1.089116448099639
2020-06-16,1.083301919642248
2020-06-17,1.0833519442205821
2020-06-18,1.0873820782810146
2020-06-19,1.0899984084213952
2020-06-22,1.1047401483618076
2020-06-23,1.1218123923645902
2020-06-24,1.1107878343125355
2020-06-25,1.1271158542166655
2020-06-26,1.1173922865526444
2020-06-29,1.1213139915017545
2020-06-30,1.1146889005755891
2020-07-01,1.1121165235441677
2020-07-02,1.117076905383765
2020-07-03,1.122108689021809
2020-07-06,1.120787602325602
2020-07-07,1.11710469245061
2020-07-08,1.1257710114408535
2020-07-09,1.1261120320057614
2020-07-10,1.133629668781667
2020-07-13,1.1428039514008042
2020-07-14,1.1403801488468834
2020-07-15,1.147334339532784
2020-07-16,1.1577443549416147
2020-07-17,1.167524047410231
2020-07-20,1.1599861157576137
2020-07-21,1.146788357127545
2020-07-22,1.1438054809951739
2020-07-23,1.1529913032568373
2020-07-24,1.1467493137795186
2020-07-27,1.1332177569424875
2020-07-28,1.1386100708954863
2020-07-29,1.1569021512578654
2020-07-30,1.1701900235978797
2020-07-31,1.1920117625654667
2020-08-03,1.1874183517815466
2020-08-04,1.1922628888947835
2020-08-05,1.1915293116988774
2020-08-06,1.2095624668158425
2020-08-07,1.1996776105995457
2020-08-10,1.2370567308331544
2020-08-11,1.2248057464584199
2020-08-12,1.2156397869266122
2020-08-13,1.211136661193057
2020-08-14,1.2168797567598681
2020-08-17,1.2213090267220539
2020-08-18,1.2221567121484407
2020-08-19,1.2178556549692137
2020-08-20,1.2151801440077024
2020-08-21,1.2170379716118973
2020-08-24,1.212972737602385
2020-08-25,1.2079318835393387
2020-08-26,1.2123053744175225
2020-08-27,1.216920450248042
2020-08-28,1.219400724434081
2020-08-31,1.1819742455154187
2020-09-01,1.1983940798130241
2020-09-02,1.2088577298150898
2020-09-03,1.209891246357433
2020-09-04,1.1862479043904024
2020-09-07,1.1826310451692383
2020-09-08,1.1725923113075754
2020-09-09,1.1848626974236633
2020-09-10,1.2084294223671752
2020-09-11,1.2076067225123117
2020-09-14,1.1990515574414768
2020-09-15,1.2132740139366114
2020-09-16,1.2232471539950458
2020-09-17,1.220279435802331
2020-09-18,1.2541380604429515
2020-09-21,1.2112766272847109
2020-09-22,1.2033650204054689
2020-09-23,1.189366039661507
2020-09-24,1.1552604775761344
2020-09-25,1.1796084933945357
2020-09-28,1.2050886372016583
2020-09-29,1.1992492926361566
2020-09-30,1.1942408880180344
2020-10-01,1.2011588623045395
2020-10-05,1.2107598919685079
2020-10-06,1.2176459796054175
2020-10-07,1.2213160944039747
2020-10-08,1.237414446057303
2020-10-09,1.2275131527819714
2020-10-12,1.2285631360063665
2020-10-13,1.2138092242560583
2020-10-14,1.2081065388401244
2020-10-15,1.1897339684133155
2020-10-16,1.200547003372241
2020-10-19,1.183794978108214
2020-10-20,1.1871905882159923
2020-10-21,1.1858549368338924
2020-10-22,1.179697027041365
2020-10-23,1.1948233196664928
2020-10-26,1.1667950008651904
2020-10-27,1.1831449489280839
2020-10-28,1.1729766235792278
2020-10-29,1.1622186078146708
2020-10-30,1.154270027558251
2020-11-02,1.1472326910485633
2020-11-03,1.1559850234082154
2020-11-04,1.170153514742473
2020-11-05,1.184888007698648
2020-11-06,1.1886265643584808
2020-11-09,1.2022628153379593
2020-11-10,1.183516763065027
2020-11-11,1.2027607649062118
2020-11-12,1.2057892873702816
2020-11-13,1.2096727867196746
2020-11-14,1.2155525394930429
2020-11-17,1.219626341108923
2020-11-18,1.233591666168979
2020-11-19,1.2236522889200216
2020-11-20,1.2361981469682042
2020-11-23,1.2572895626908263
2020-11-24,1.269669010132319
2020-11-25,1.2486788670492361
2020-11-26,1.2552018671581113
2020-11-27,1.2588292586142316
2020-12-01,1.280959588982731
2020-12-02,1.3016387681475245
2020-12-03,1.3144276325067088
2020-12-04,1.3250234948379427
2020-12-07,1.3288837202939268
2020-12-08,1.3259438867368978
2020-12-09,1.327906103914211
2020-12-10,1.3280457209651402
2020-12-11,1.3324180790277191
2020-12-14,1.3440393068144276
2020-12-15,1.3482994219093527
2020-12-16,1.3660537368681225
2020-12-17,1.356440181815173
2020-12-18,1.36490077483791
2020-12-21,1.3149726810285212
2020-12-22,1.3460066538265203
2020-12-23,1.3737577313993163
2020-12-24,1.371488418347221
2020-12-28,1.3916562055650115
2020-12-29,1.3891207720661174
2020-12-30,1.3996613746905155
2020-12-31,1.4025420246969236
2021-01-01,1.4093676990361705
2021-01-04,1.4640520467710778
2021-01-05,1.4729315349629368
2021-01-06,1.472428377279448
2021-01-07,1.4956903641665311
2021-01-08,1.5182006963071084
2021-01-11,1.5357145957707314
2021-01-12,1.5379354324524703
2021-01-13,1.5414929038399723
2021-01-14,1.532544367220822
2021-01-15,1.5070116794033188
2021-01-18,1.4635217308811381
2021-01-19,1.4885024321957074
2021-01-20,1.5119189428844286
2021-01-21,1.4906409092117983
2021-01-22,1.462783231398217
2021-01-25,1.4510134211267383
2021-01-27,1.4283271005473175
2021-01-28,1.408972747088398
2021-01-29,1.3742875068980114
2021-02-01,1.4511244595877286
2021-02-02,1.4924937693580176
2021-02-03,1.5018320259199138
2021-02-04,1.5236159546450054
2021-02-05,1.536291931772912
2021-02-08,1.5760930363778574
2021-02-09,1.5621666753020231
2021-02-10,1.574306297618671
2021-02-11,1.5803283206498338
2021-02-12,1.566973456120063
2021-02-15,1.5750424439525392
2021-02-16,1.5998857151834427
2021-02-17,1.5960511117306995
2021-02-18,1.6023749656510466
2021-02-19,1.5762345873740287
2021-02-22,1.566803683474716
2021-02-23,1.6184788421952356
2021-02-24,1.6317465387227266
2021-02-25,1.6778588653972668
2021-02-26,1.6398136671692907
2021-03-01,1.6666492904880712
2021-03-02,1.6794337381447682
2021-03-03,1.7200218727203904
2021-03-04,1.7036482852016182
2021-03-05,1.668542853694552
2021-03-08,1.6665667213977795
2021-03-09,1.636546913377484
2021-03-10,1.656839193626894
2021-03-12,1.642865365731383
2021-03-15,1.6480975808459815
2021-03-16,1.636513306658972
2021-03-17,1.5921635724207441
2021-03-18,1.5807768731079859
2021-03-19,1.5930481657947682
2021-03-22,1.621856000477329
2021-03-23,1.6250275566450172
2021-03-24,1.5748073959338202
2021-03-25,1.5552484938931297
2021-03-26,1.5970147136032438
2021-03-30,1.619078468291508
2021-03-31,1.6326645890286704
2021-04-01,1.697675283806874
2021-04-05,1.670421069780055
2021-04-06,1.6821508566009835
2021-04-07,1.706123779857295
2021-04-08,1.732301392458138
2021-04-09,1.745113208241482
2021-04-12,1.6113079064415443
2021-04-13,1.6747578348721937
2021-04-15,1.6754315782439226
2021-04-16,1.677451728713431
2021-04-19,1.6284662194954327
2021-04-20,1.6301468827484051
2021-04-22,1.6504604793639908
2021-04-23,1.6503649101343327
2021-04-26,1.681540355816253
2021-04-27,1.7236261225686271
2021-04-28,1.7432192771361643
2021-04-29,1.772754708650208
2021-04-30,1.7622153712467705
2021-05-03,1.7759135132059458
2021-05-04,1.800925697931194
2021-05-05,1.823072982561828
2021-05-06,1.8353220569470785
2021-05-07,1.8774025413007025
2021-05-10,1.919799737213977
2021-05-11,1.9217170990342383
2021-05-12,1.9242484572710723
2021-05-14,1.8684942525536157
2021-05-17,1.9254059506770382
2021-05-18,1.929166770507081
2021-05-19,1.922613138967307
2021-05-20,1.8952148425810134
2021-05-21,1.9352868544210888
2021-05-24,1.950093892828677
2021-05-25,1.9429879068958993
2021-05-26,1.9223898211979913
2021-05-27,1.9571445922733743
2021-05-28,1.9660921964698033
2021-05-31,1.9799128007462745
2021-06-01,1.9665616800101005
2021-06-02,2.017791360538865
2021-06-03,2.028630823923184
2021-06-04,2.040654176279589
2021-06-07,2.0398200795631882
2021-06-08,2.014215905059098
2021-06-09,1.9903411912437317
2021-06-10,2.0249154550723336
2021-06-11,2.0467106879893597
2021-06-14,2.046024748486203
2021-06-15,2.0429098630316163
2021-06-16,2.0035001372057124
2021-06-17,1.9659748808505682
2021-06-18,1.9396444570229139
2021-06-21,1.9903690200198023
2021-06-22,1.993699524910721
2021-06-23,1.9820211500765936
2021-06-24,1.9737982649066392
2021-06-25,2.0256702207770925
2021-06-28,2.0629094489079676
2021-06-29,2.0349792746387214
2021-06-30,2.0287797225612825
2021-07-01,2.028515329892811
2021-07-02,2.013308940449474
2021-07-05,2.0343748259019936
2021-07-06,2.0182942990013935
2021-07-07,2.0449024734134924
2021-07-08,2.0024682522209662
2021-07-09,2.019985444036474
2021-07-12,2.019689559386221
2021-07-13,2.033891041316978
2021-07-14,2.029626676870952
2021-07-15,2.033059273559194
2021-07-16,2.0398852477776632
2021-07-19,2.01455880723839
2021-07-20,1.9715915364204206
2021-07-22,2.010191663119238
2021-07-23,2.0185677736094636
2021-07-26,2.016796258421184
2021-07-27,2.0352786669424505
2021-07-28,2.028581789808342
2021-07-29,2.1125465875415594
2021-07-30,2.101774230580222
2021-08-02,2.112614242356214
2021-08-03,2.1241473795840267
2021-08-04,2.1240252517405014
2021-08-05,2.1140994207734702
2021-08-06,2.1157698005070578
2021-08-09,2.0794678804610904
2021-08-10,2.0235950212956197
2021-08-11,2.060332901496856
2021-08-12,2.0770862082754844
2021-08-13,2.0845653374465525
2021-08-16,2.08958463085977
2021-08-17,2.0468369264006854
2021-08-18,2.0413489661897644
2021-08-20,1.9406149426479409
2021-08-23,1.9273944227779212
2021-08-24,1.9729610346839719
2021-08-25,1.9780006254523985
2021-08-26,1.9574355815612439
2021-08-27,1.9796332125512401
2021-08-30,2.024261417459446
2021-08-31,2.0426417144200553
2021-09-01,2.0108042357464204
2021-09-02,2.034916789785386
2021-09-03,2.052990169890888
2021-09-06,2.0725955420705913
2021-09-07,2.052823988392807
2021-09-08,2.0470349697587493
2021-09-09,2.058641491443088
2021-09-13,2.0815606714752843
2021-09-14,2.0853450594048533
2021-09-15,2.1130270190874056
2021-09-16,2.0999112484265843
2021-09-17,2.068878984795555
2021-09-20,1.9935058561077554
2021-09-21,2.038251872298089
2021-09-22,2.062763250857164
2021-09-23,2.0909976128458587
2021-09-24,2.077189896630556
2021-09-27,2.048451233037456
2021-09-28,2.031480222259563
2021-09-29,2.0559544892230663
2021-09-30,2.0353441621174087
2021-10-01,2.02499045725209
2021-10-04,2.077263656186976
2021-10-05,2.061840987448231
2021-10-06,2.014424939717904
2021-10-07,2.0822884882748673
2021-10-08,2.0632762639866398
2021-10-11,2.0965259169748403
2021-10-12,2.115585655883499
2021-10-13,2.1284878216742267
2021-10-14,2.16089149423972
2021-10-18,2.2079857198989568
2021-10-19,2.128473634685594
2021-10-20,2.083609975539927
2021-10-21,2.0505457973666084
2021-10-22,2.0456522261008554
2021-10-25,2.0154287186834203
2021-10-26,2.078655597568562
2021-10-27,2.06596741289605
2021-10-28,1.9915227485615963
2021-10-29,1.995337263432294
2021-11-01,2.047890273710962
2021-11-02,2.1068014515599507
2021-11-03,2.122046396141598
2021-11-04,2.1389358712470163
2021-11-08,2.176666737582961
2021-11-09,2.1864574070883624
2021-11-10,2.145926908578227
2021-11-11,2.1011254278606706
2021-11-12,2.117594803622617
2021-11-15,2.104765561809839
2021-11-16,2.080807545793603
2021-11-17,2.0642066644115444
2021-11-18,2.047097976626673
2021-11-22,1.9586150818214998
2021-11-23,2.0031429850044185
2021-11-24,2.005906014241036
2021-11-25,2.020109684451973
2021-11-26,1.9143860072468932
2021-11-29,1.87890518815402
2021-11-30,1.8755272710887259
2021-12-01,1.8993938684934317
2021-12-02,1.924116355739158
2021-12-03,1.9138423665442648
2021-12-06,1.8748742528897269
2021-12-07,1.9064042885252397
2021-12-08,1.9413434234267164
2021-12-09,1.9383310403324345
2021-12-10,1.960581227991663
2021-12-13,1.9503960428259686
2021-12-14,1.945712457385409
2021-12-15,1.9175260041067042
2021-12-16,1.9208169375807147
2021-12-17,1.8960606789616954
2021-12-20,1.8307285201958345
2021-12-21,1.8636036820553619
2021-12-22,1.9002636576227527
2021-12-23,1.931833945248207
2021-12-24,1.927014087232334
2021-12-27,1.938314864954046
2021-12-28,1.9554152916219822
2021-12-29,1.9525879714049355
2021-12-30,1.9528875252946056
2021-12-31,1.9657928060478878
2022-01-03,1.987696552106321
2022-01-04,1.9886912167706405
2022-01-05,1.9814006970342903
2022-01-06,1.9514289317545093
2022-01-07,1.9550892954063859
2022-01-10,1.9757580786775375
2022-01-11,1.9915095723519662
2022-01-12,2.0104900363845446
2022-01-13,2.0033180716758316
2022-01-14,2.020553686942923
2022-01-17,2.0328700319263313
2022-01-18,1.9876997213466772
2022-01-19,1.965081833745561
2022-01-20,1.951006504319346
2022-01-21,1.911858975159239
2022-01-24,1.8227320468115085
2022-01-25,1.8363075846370627
2022-01-27,1.787121833427169
2022-01-28,1.8040471743232624
2022-01-31,1.8510290820338513
2022-02-01,1.8421224454162168
2022-02-02,1.8776340132633464
2022-02-03,1.8627943079383755
2022-02-04,1.843827067624096
2022-02-07,1.8570433441130583
2022-02-08,1.8525769523673323
2022-02-09,1.8473509979149982
2022-02-10,1.8533590306349832
2022-02-11,1.829600407715793
2022-02-14,1.750979355208698
2022-02-15,1.8028873644127683
2022-02-16,1.793376407228351
2022-02-17,1.7960880671423112
2022-02-18,1.786684744653377
2022-02-21,1.7610356386055948
2022-02-22,1.7477395011814365
2022-02-23,1.7567532869276044
2022-02-24,1.639223742112077
2022-02-25,1.7013793160129749
2022-02-28,1.7248925579411079
2022-03-02,1.726701413423321
2022-03-03,1.736360120899504
2022-03-04,1.7060122726329778
2022-03-07,1.657084455872278
2022-03-08,1.6790779783491891
2022-03-09,1.7031991613852935
2022-03-10,1.7355093062685065
2022-03-11,1.750080381216037
2022-03-14,1.7634460768576863
2022-03-15,1.735530411776604
2022-03-16,1.763257983011266
2022-03-17,1.7897470032500469
2022-03-21,1.7658562774068405
2022-03-22,1.7823094854996804
2022-03-23,1.7852853017694084
2022-03-24,1.7888972257601328
2022-03-25,1.7948269497311506
2022-03-28,1.811206803323937
2022-03-29,1.8002338039984247
2022-03-30,1.809904798825921
2022-03-31,1.7980873028403968
2022-04-01,1.8275967478208481
2022-04-04,1.8591324460563692
2022-04-05,1.874689847683604
2022-04-06,1.8984264073795134
2022-04-07,1.8665467484093778
2022-04-08,1.903434197181641
2022-04-11,1.9311546027771835
2022-04-12,1.8986696422661917
2022-04-13,1.9086640841125935
2022-04-18,1.919593403904191
2022-04-19,1.9099475562706445
2022-04-20,1.9151575300937707
2022-04-21,1.9284079138889305
2022-04-22,1.9044679331255585
2022-04-25,1.8534602486726015
2022-04-26,1.8899210035145568
2022-04-27,1.8753789495610256
2022-04-28,1.8984811837882445
2022-04-29,1.8784744819483628
2022-05-02,1.8831153393098625
2022-05-04,1.8405813961982374
2022-05-05,1.848992161395544
2022-05-06,1.831275679996464
2022-05-09,1.7878407035483568
2022-05-10,1.709304748801073
2022-05-11,1.7055996892004355
2022-05-12,1.650053777160777
2022-05-13,1.6209774513025401
2022-05-16,1.6380361229087628
2022-05-17,1.7196789141011275
2022-05-18,1.7123205775024977
2022-05-19,1.6619639086920213
2022-05-20,1.7159743849083842
2022-05-23,1.633713318859341
2022-05-24,1.6170176242503276
2022-05-25,1.5997999343824603
2022-05-26,1.62059441694067
2022-05-27,1.6122696788972217
2022-05-30,1.6333299791870661
2022-05-31,1.6318998168163517
2022-06-01,1.6243619371174915
2022-06-02,1.6356743775973257
2022-06-03,1.6180658669663215
2022-06-06,1.6179447776145783
2022-06-07,1.6306756039067867
2022-06-08,1.6281966495062736
2022-06-09,1.6405967181319763
2022-06-10,1.6238296259275116
2022-06-13,1.5921082242934117
2022-06-14,1.5833310046203064
2022-06-15,1.5811908797053846
2022-06-16,1.5474311580440985
2022-06-17,1.5317334712788897
2022-06-20,1.5119554374177573
2022-06-21,1.5482654472731185
2022-06-22,1.5237961563621198
2022-06-23,1.5540856367673936
2022-06-24,1.5801731706307978
2022-06-27,1.5943175288872249
2022-06-28,1.6121976477263344
2022-06-29,1.6297117791107207
2022-06-30,1.6238750540074007
2022-07-01,1.592751341541301
2022-07-04,1.5899275588293675
2022-07-05,1.5920303168933168
2022-07-06,1.6077714000451793
2022-07-07,1.619660415744309
2022-07-08,1.6283735961965824
2022-07-11,1.6589608325461234
2022-07-12,1.6522176712833614
2022-07-13,1.6394522197547448
2022-07-14,1.6487591933464414
2022-07-15,1.6651638233949302
2022-07-18,1.6788265123308261
2022-07-19,1.6907405703134026
2022-07-20,1.6967261972423546
2022-07-21,1.7051666530334364
2022-07-22,1.7055011065433214
2022-07-25,1.6826132664896882
2022-07-26,1.6697425184738566
2022-07-27,1.6733076781078986
2022-07-28,1.6863649515047958
2022-07-29,1.7091235929598607
2022-08-01,1.737878799725461
2022-08-02,1.7481270518465681
2022-08-03,1.7375697547980686
2022-08-04,1.7435391629110455
2022-08-05,1.736069223213977
2022-08-08,1.7454107755916861
2022-08-10,1.7438246987820254
2022-08-11,1.734946957623833
2022-08-12,1.7345274471205365
2022-08-16,1.7667731099545303
2022-08-17,1.7694661234034137
2022-08-18,1.770323711812727
2022-08-19,1.7460892882994172
2022-08-22,1.728071311248054
2022-08-23,1.7446712581736363
2022-08-24,1.745095032977824
2022-08-25,1.7392571688378278
2022-08-26,1.74147743291107
2022-08-29,1.7419565900287362
2022-08-30,1.7823243459088984
2022-09-01,1.7790297111336049
2022-09-02,1.7794389861071118
2022-09-05,1.7829712280548997
2022-09-06,1.77694745214288
2022-09-07,1.7684488245180738
2022-09-08,1.777252308850246
2022-09-09,1.7829006060606778
2022-09-12,1.787073157237866
2022-09-13,1.7943231182538038
2022-09-14,1.7900921955807378
2022-09-15,1.7935471420650138
2022-09-16,1.7519448208243122
2022-09-19,1.7694186356301904
2022-09-20,1.7907250624061661
2022-09-21,1.7967147009091562
2022-09-22,1.8150398844270217
2022-09-23,1.7950121232648102
2022-09-26,1.7424439782251646
2022-09-27,1.7435456023558351
2022-09-28,1.739073079670407
2022-09-29,1.7440439498212355
2022-09-30,1.7591065038289146
2022-10-03,1.7228320653899956
2022-10-04,1.7561509819901273
2022-10-06,1.758890823547396
2022-10-07,1.7516742622714945
2022-10-10,1.7373062234108454
2022-10-11,1.707932970018519
2022-10-12,1.7281351749315814
2022-10-13,1.7224924566874225
2022-10-14,1.7190289008763888
2022-10-17,1.7254301167008848
2022-10-18,1.747756854314117
2022-10-19,1.7504549672551768
2022-10-20,1.75883222841763
2022-10-21,1.7562494898392984
2022-10-24,1.7619247508631584
2022-10-25,1.7637025116638378
2022-10-27,1.7695798194326073
2022-10-28,1.7837861560288042
2022-10-31,1.800264286023925
2022-11-01,1.7965626696772696
2022-11-02,1.7827720734135293
2022-11-03,1.8015170996478072
2022-11-04,1.8115099528612475
2022-11-07,1.8636711511963755
2022-11-09,1.893194562534227
2022-11-10,1.8625575005755948
2022-11-11,1.8535217099891357
2022-11-14,1.8501692601922028
2022-11-15,1.8591931332947014
2022-11-16,1.8583649686056767
2022-11-17,1.853030254093805
2022-11-18,1.8562746649681436
2022-11-21,1.8636183839194203
2022-11-22,1.8827485063624918
2022-11-23,1.8944924824589626
2022-11-24,1.9087487162750179
2022-11-25,1.9175476403552372
2022-11-28,1.925266641300932
2022-11-29,1.9227996246450194
2022-11-30,1.9225573411491945
2022-12-01,1.9576120100216197
2022-12-02,1.9661113813292075
2022-12-05,1.9963169059578003
2022-12-06,2.001476540555247
2022-12-07,1.9952668585057691
2022-12-08,2.0403617241755603
2022-12-09,2.010932696508569
2022-12-12,2.02905226267923
2022-12-13,2.069830545187367
2022-12-14,2.0884921137155548
2022-12-15,2.053906601210227
2022-12-16,2.0161154623619795
2022-12-19,2.027726556807654
2022-12-20,2.025393760472827
2022-12-21,1.9730175640462702
2022-12-22,1.9497631779376305
2022-12-23,1.8471654885815332
2022-12-26,1.9347093000936795
2022-12-27,1.9881225832122866
2022-12-28,1.9850307874985622
2022-12-29,2.0028542897822894
2022-12-30,2.0233784784490534
2023-01-02,2.0550414315740237
2023-01-03,2.0569877323853976
2023-01-04,2.01654080982832
2023-01-05,2.0271608992749206
2023-01-06,2.0090212973147485
2023-01-09,2.0347954205665544
2023-01-10,1.9999395947673815
2023-01-11,2.01443505540586
2023-01-12,2.0100598648196413
2023-01-13,2.0363527824453755
2023-01-16,2.038883146508856
2023-01-17,2.0222881771961405
2023-01-18,2.026396479219317
2023-01-19,2.0240659734290034
2023-01-20,2.0153884679352463
2023-01-23,2.015750635713064
2023-01-24,1.9930547436006822
2023-01-25,1.9553349222161975
2023-01-27,1.8564077615342995
2023-01-30,1.8589643413753443
2023-01-31,1.9128618180978023
2023-02-01,1.8154383227140338
2023-02-02,1.774429447509714
2023-02-03,1.8007588864732598
2023-02-06,1.7832180385437533
2023-02-07,1.779075054882714
2023-02-08,1.8165447662802796
2023-02-09,1.8013971638736472
2023-02-10,1.7886738116294278
2023-02-13,1.7554764648555148
2023-02-14,1.7735130662035656
2023-02-15,1.78187503501135
2023-02-16,1.7910360951007975
2023-02-17,1.7690267278017204
2023-02-20,1.7523703482284916
2023-02-21,1.7338532143331817
2023-02-22,1.6943521177384828
2023-02-23,1.70182160854558
2023-02-24,1.6688104558931627
2023-02-27,1.6549960905100316
2023-02-28,1.6480029267727907
2023-03-01,1.6845701850677979
2023-03-02,1.6738268824087514
2023-03-03,1.7218241791781101
2023-03-06,1.7303556960354616
2023-03-08,1.733092527562252
2023-03-09,1.7139518582606765
2023-03-10,1.6895054973073473
2023-03-13,1.6573309187761547
2023-03-14,1.6279491178176224
2023-03-15,1.6161654724607035
2023-03-16,1.6151320608442075
2023-03-17,1.6314153868513463
2023-03-20,1.605625837001079
2023-03-21,1.611001066987765
2023-03-22,1.6192228337078307
2023-03-23,1.5988324251149273
2023-03-24,1.579914107742868
2023-03-27,1.5823324367971563
2023-03-28,1.5736992320423557
2023-03-29,1.6077955109351612
2023-03-31,1.6349323320097036
2023-04-03,1.6417198272876026
2023-04-05,1.6450739150030291
2023-04-06,1.6417532221024034
2023-04-10,1.644498941833541
2023-04-11,1.6473892190653026
2023-04-12,1.6508777853353025
2023-04-13,1.644715605516524
2023-04-17,1.6317456426085377
2023-04-18,1.6427061615628815
2023-04-19,1.6212806905514603
2023-04-20,1.6188843120754042
2023-04-21,1.6176833784323748
2023-04-24,1.6445400138538648
2023-04-25,1.6544551446488065
2023-04-26,1.661207283822029
2023-04-27,1.6722745273193544
2023-04-28,1.7002002796029643
2023-05-02,1.7024195872641508
2023-05-03,1.7007026815427455
2023-05-04,1.7100821303420688
2023-05-05,1.7040666433385723
2023-05-08,1.7023984998471704
2023-05-09,1.6759928249892946
2023-05-10,1.6718445091754135
2023-05-11,1.6774058709636046
2023-05-12,1.6806321762234904
2023-05-15,1.69966307509464
2023-05-16,1.704047015988717
2023-05-17,1.7016037146808678
2023-05-18,1.6760700882736643
2023-05-19,1.6784368224968833
2023-05-22,1.6857194061850307
2023-05-23,1.6902942942091634
2023-05-24,1.6900397472137811
2023-05-25,1.6913807642780845
2023-05-26,1.7140464114077656
2023-05-29,1.723104019201027
2023-05-30,1.7279671203077036
2023-05-31,1.7243861072708373
2023-06-01,1.7271681373783176
2023-06-02,1.7400450934185774
2023-06-05,1.7471229708348257
2023-06-06,1.7563286467470833
2023-06-07,1.7715160133379244
2023-06-08,1.7559022171257423
2023-06-09,1.743913203896164
2023-06-12,1.748274916289399
2023-06-13,1.7594052561516005
2023-06-14,1.766086681031483
2023-06-15,1.7723506794324706
2023-06-16,1.7827061754714748
2023-06-19,1.7717914199145404
2023-06-20,1.7790620024995787
2023-06-21,1.774654001069028
2023-06-22,1.7636827308814036
2023-06-23,1.7498843377375564
2023-06-26,1.7659581860003224
2023-06-27,1.7660586562359646
2023-06-28,1.777736952944986
2023-06-30,1.797736849214804
2023-07-03,1.802057271885387
2023-07-04,1.79614099715615
2023-07-05,1.8159518730713813
2023-07-06,1.846618631858605
2023-07-07,1.8384133382267411
2023-07-10,1.8249564992818454
2023-07-11,1.837561978167944
2023-07-12,1.839766244261154
2023-07-13,1.8435622884963474
2023-07-14,1.8576224755589068
2023-07-17,1.8544245912748225
2023-07-18,1.8457446738178838
2023-07-19,1.8476033243508165
2023-07-20,1.8516640196815877
2023-07-21,1.8521122216267212
2023-07-24,1.8555416470621415
2023-07-25,1.8606231532408193
2023-07-26,1.871526498106634
2023-07-27,1.880051804760573
2023-07-28,1.8951666147165047
2023-07-31,1.9119395960887207
2023-08-01,1.8938100697358222
2023-08-02,1.864011937609583
2023-08-03,1.8444758500734846
2023-08-04,1.842249752614425
2023-08-07,1.8513872457327984
2023-08-08,1.8469237419571827
2023-08-09,1.84407395894484
2023-08-10,1.8391946467825602
2023-08-11,1.8316017883012228
2023-08-14,1.822550817687791
2023-08-16,1.8383673998051107
2023-08-17,1.8379529541658381
2023-08-18,1.8307950095564889
2023-08-21,1.841991322164245
2023-08-22,1.8487631118210186
2023-08-23,1.8521410892850105
2023-08-24,1.8517129319925187
2023-08-25,1.8338938947228007
2023-08-28,1.8491600711776623
2023-08-29,1.870992976455203
2023-08-30,1.8902029123411976
2023-08-31,1.89208189347351
2023-09-01,1.8957059997821453
2023-09-04,1.909212754334879
2023-09-05,1.929847512440277
2023-09-06,1.9292430480001588
2023-09-07,1.940439242416231
2023-09-08,1.9575222176668818
2023-09-11,1.9699403831230733
2023-09-12,1.9391971353785935
2023-09-13,1.953357366894138
2023-09-14,1.9695211156480532
2023-09-15,1.9716694484070285
2023-09-18,1.9530815320307915
2023-09-20,1.9389707654565382
2023-09-21,1.9176532412253575
2023-09-22,1.896408666569194
2023-09-25,1.9075938826017653
2023-09-26,1.9082513675282464
2023-09-27,1.9266053482216614
2023-09-28,1.9085567230333607
2023-09-29,1.9389056532971054
2023-10-03,1.9664050789166894
2023-10-04,1.9215781117215733
2023-10-05,1.9194818901233965
2023-10-06,1.9516069633600792
2023-10-09,1.913758168746919
2023-10-10,1.9720354961024222
2023-10-11,1.9731399911994552
2023-10-12,1.9704791899231662
2023-10-13,1.9609481472858095
2023-10-16,1.9646956555072046
2023-10-17,1.9703680248051207
2023-10-18,1.9493369102662332
2023-10-19,1.9461425915693606
2023-10-20,1.9203285532299086
2023-10-23,1.8602234858143443
2023-10-25,1.8529214882334468
2023-10-26,1.8329051608579423
2023-10-27,1.888450377917373
2023-10-30,1.9099288390384537
2023-10-31,1.9195740881733208
2023-11-01,1.9295989898930095
2023-11-02,1.960826140676783
2023-11-03,1.9916822150389444
2023-11-06,2.011574827423369
2023-11-07,1.9963402272026936
2023-11-08,2.0162444976825142
2023-11-09,2.0370400860666424
2023-11-10,2.035080763152767
2023-11-12,2.046949732708667
2023-11-13,2.0420671346930024
2023-11-15,2.0898999537930423
2023-11-16,2.1083501430343556
2023-11-17,2.120794379618764
2023-11-20,2.1101506473531146
2023-11-21,2.127267375203098
2023-11-22,2.1269571816063104
2023-11-23,2.141758751777433
2023-11-24,2.1450120005860205
2023-11-28,2.1613362131090237
2023-11-29,2.17355660600719
2023-11-30,2.189204672004473
2023-12-01,2.2049235988948643
2023-12-04,2.2253943652167503
2023-12-05,2.220352086925988
2023-12-06,2.212990667004038
2023-12-07,2.225449668085273
2023-12-08,2.2224061737754828
2023-12-11,2.2233345166996026
2023-12-12,2.1986399873671467
2023-12-13,2.228607257610829
2023-12-14,2.2727520015826403
2023-12-15,2.2663569925265152
2023-12-18,2.266168767684933
2023-12-19,2.2642284488111812
2023-12-20,2.2180880780157386
2023-12-21,2.2363586234983273
2023-12-22,2.275591431293787
2023-12-26,2.290026830615461
2023-12-27,2.3042644617642054
2023-12-28,2.3293592826205285
2023-12-29,2.331158584096492
2024-01-01,2.3453476727170575
2024-01-02,2.3286959554274587
2024-01-03,2.3563899362976426
2024-01-04,2.448238118163143
2024-01-05,2.4479870170809748
2024-01-08,2.4187535208683277
2024-01-09,2.4472778751455206
2024-01-10,2.442738847886313
2024-01-11,2.4501003714459078
2024-01-12,2.50589137028343
2024-01-15,2.521362312417959
2024-01-16,2.5036197518861654
2024-01-17,2.464078221346001
2024-01-18,2.4830367972630265
2024-01-19,2.5059527568603515
2024-01-20,2.5197497252150636
2024-01-23,2.4010930209140118
2024-01-24,2.427820004650817
2024-01-25,2.4374338624702947
2024-01-29,2.4823872178640896
2024-01-30,2.4991147792906263
2024-01-31,2.5509911403097156
2024-02-01,2.544642643913618
2024-02-02,2.5969489042857883
2024-02-05,2.6206453637388165
2024-02-06,2.634136694156187
2024-02-07,2.6659339847311156
2024-02-08,2.6707101119083667
2024-02-09,2.659811553196632
2024-02-12,2.58829524933951
2024-02-13,2.5990762258834947
2024-02-14,2.6443560898776584
2024-02-15,2.6804512280097152
2024-02-16,2.6922381791236485
2024-02-19,2.6873825838275542
2024-02-20,2.7080995619274635
2024-02-21,2.712422251859076
2024-02-22,2.7303454533560267
2024-02-23,2.7430334565542034
2024-02-26,2.7507743394431374
2024-02-27,2.7619969981891295
2024-02-28,2.7010531965116806
2024-02-29,2.7003453688095256
2024-03-01,2.739458275044183
2024-03-02,2.76043324624524
2024-03-04,2.76628402209916
2024-03-05,2.805955113228477
2024-03-06,2.787651077925983
2024-03-07,2.788731246081659
2024-03-11,2.751513260945828
2024-03-12,2.665029496258201
2024-03-13,2.537113359582051
2024-03-14,2.553751394680939
2024-03-15,2.547150697120017
2024-03-18,2.5571932774495805
2024-03-19,2.5297664700410807
2024-03-20,2.538228663649574
2024-03-21,2.6034916411752347
2024-03-22,2.638927860784597
2024-03-26,2.660968261133438
2024-03-27,2.659331187508641
2024-03-28,2.6960828978586657
2024-04-01,2.771036013766488
2024-04-02,2.792125580874811
2024-04-03,2.7564770504282885
2024-04-04,2.7499085775514645
2024-04-05,2.766873679729626
2024-04-08,2.8028374315141296
2024-04-09,2.801241953473585
2024-04-10,2.824507189004869
2024-04-12,2.7991980154991953
2024-04-15,2.779525978710944
2024-04-16,2.776110658357873
2024-04-18,2.756364487801351
2024-04-19,2.7467009045242814
2024-04-22,2.7642618904434952
2024-04-23,2.795647460602846
2024-04-24,2.8122172265792935
2024-04-25,2.823913549980805
2024-04-26,2.831528179007764
2024-04-29,2.830951689289261
2024-04-30,2.846310723308418
2024-05-02,2.8417938881744713
2024-05-03,2.816424907248673
2024-05-06,2.803666961008844
2024-05-07,2.722420547337865
2024-05-08,2.7431290621591913
2024-05-09,2.702526529208595
2024-05-10,2.6926584399759923
2024-05-13,2.6927167379013297
2024-05-14,2.7186264726677907
2024-05-15,2.7518694853897423
2024-05-16,2.7621826011389894
2024-05-17,2.7874833254365696
2024-05-18,2.807638237021792
2024-05-21,2.828603266050198
2024-05-22,2.843832473961404
2024-05-23,2.8843610953367387
2024-05-24,2.8737582622688
2024-05-27,2.9050465479505196
2024-05-28,2.8549679924366704
2024-05-29,2.8352347397307405
2024-05-30,2.821928085672399
2024-05-31,2.8731148682507803
2024-06-03,3.079201508133661
2024-06-04,2.6979706845366276
2024-06-05,2.7709226187793607
2024-06-06,2.876343630417607
2024-06-07,2.9238313402509455
2024-06-10,2.953602680702129
2024-06-11,2.972393579828865
2024-06-12,2.988973116662625
2024-06-13,3.021403475746195
2024-06-14,3.0418612559116758
2024-06-18,3.07423886315275
2024-06-19,3.03212442714427
2024-06-20,3.058660247146601
2024-06-21,3.0299198563333625
2024-06-24,3.0244947827191875
2024-06-25,2.999972551697626
2024-06-26,2.983410305796301
2024-06-27,2.9690099464901305
2024-06-28,2.984030962617378
2024-07-01,2.9863310276447335
2024-07-02,2.9872919753538665
2024-07-03,2.9953577582674478
2024-07-04,3.0138768155832096
2024-07-05,3.0152977920611383
2024-07-08,3.000584335835074
2024-07-09,3.0511920440612452
2024-07-10,3.0198858826252195
2024-07-11,2.994719241052241
2024-07-12,2.965561378190741
2024-07-15,3.001677889107989
2024-07-16,3.030261642389209
2024-07-18,3.031062913970238
2024-07-19,2.95894692109946
2024-07-22,2.9688268355982483
2024-07-23,2.9390477116482328
2024-07-24,2.9497559997703946
2024-07-25,2.9560857027894936
2024-07-26,3.0091018058169623
2024-07-29,3.0406811602233064
2024-07-30,3.0561707661769284
2024-07-31,3.0565293561539297
2024-08-01,3.01921211464227
2024-08-02,2.9218009527907944
2024-08-05,2.801362405259754
2024-08-06,2.802507894780086
2024-08-07,2.8520673292528733
2024-08-08,2.833695343060772
2024-08-09,2.880062964298823
2024-08-12,2.8951635473556143
2024-08-13,2.8732543489907933
2024-08-14,2.8670046940269205
2024-08-16,2.93151507591972
2024-08-19,2.920591486971181
2024-08-20,2.931136161622018
2024-08-21,2.916903228207684
2024-08-22,2.922467666788616
2024-08-23,2.9033758090584016
2024-08-26,2.9339952650071535
2024-08-27,2.9352978465206583
2024-08-28,2.930770858743559
2024-08-29,2.93635066393284
2024-08-30,2.965900098121867
2024-09-02,2.945454681006035
2024-09-03,2.945098926126479
2024-09-04,2.950303884566798
2024-09-05,2.942913097878159
2024-09-06,2.918162858096231
2024-09-09,2.9141866764944147
2024-09-10,2.933354371528179
2024-09-11,2.912929138389315
2024-09-12,2.9571644835078414
2024-09-13,2.961289041187881
2024-09-16,2.961231892314589
2024-09-17,2.9609475726528545
2024-09-18,2.932996563104014
2024-09-19,2.93280771397679
2024-09-20,2.965169547088096
2024-09-23,2.996560505863013
2024-09-24,3.006498195713472
2024-09-25,3.008634272987762
2024-09-26,3.042767271364568
2024-09-27,3.066651840571227
2024-09-30,3.0126019990919266
2024-10-01,3.019370399331524
2024-10-03,2.965781811444469
2024-10-04,2.938490640582683
2024-10-07,2.898774377783482
2024-10-08,2.9093994412782456
2024-10-09,2.922209001651469
2024-10-10,2.932375480788766
2024-10-11,2.941116396559726
2024-10-14,2.9385144668160237
2024-10-15,2.9050428403285524
2024-10-16,2.8835502321272846
2024-10-17,2.8119935636126745
2024-10-18,2.842802190132495
2024-10-21,2.827298015513763
2024-10-22,2.7499522083171177
2024-10-23,2.7366538872892363
2024-10-24,2.7263684636637024
2024-10-25,2.6639150301135754
2024-10-28,2.7069316806842467
2024-10-29,2.6945078199908843
2024-10-30,2.695350019095136
2024-10-31,2.677788706570404
2024-11-01,2.6828700408451436
2024-11-04,2.6725457495185663
2024-11-05,2.67399298416009
2024-11-06,2.742690620653749
2024-11-07,2.709787825293954
2024-11-08,2.720370241904362
2024-11-11,2.7258951367261774
2024-11-12,2.714759958520929
2024-11-13,2.6861378072583997
2024-11-14,2.6832859087912655
2024-11-18,2.6393134581107818
2024-11-19,2.6639705553309336
2024-11-21,2.668734407404979
2024-11-22,2.726227845195905
2024-11-25,2.7485705856441354
2024-11-26,2.749967764851788
2024-11-27,2.7395340529494927
2024-11-28,2.700586770446842
2024-11-29,2.7379573744445684
2024-12-02,2.763599081726039
2024-12-03,2.7699206164777754
2024-12-04,2.774663905641953
2024-12-05,2.80422707022138
2024-12-06,2.7996115073523584
2024-12-09,2.7954013707183436
2024-12-10,2.8057606938061035
2024-12-11,2.811136627551499
2024-12-12,2.817405103320286
2024-12-13,2.821912375581829
2024-12-16,2.8176684002719625
2024-12-17,2.7988090470894154
2024-12-18,2.8175088474934933
2024-12-19,2.8239890953470432
2024-12-20,2.7746324177516195
2024-12-23,2.780776602506987
2024-12-24,2.7749082808581464
2024-12-26,2.7842105725147017
2024-12-27,2.804162904510426
2024-12-30,2.826366391875563
2024-12-31,2.816407090682375
2025-01-01,2.820411153889763
2025-01-02,2.8578598230246692
2025-01-03,2.820129498008126
2025-01-06,2.8069186121781864
2025-01-07,2.806769030329004
2025-01-08,2.8019917792234823
2025-01-09,2.776981145659974
2025-01-10,2.795144595530592
2025-01-13,2.7462038664720687
2025-01-14,2.7357740091358456
2025-01-15,2.7323344372343934
2025-01-16,2.7217330628929366
2025-01-17,2.6947269080078318
2025-01-20,2.7072464746136506
2025-01-21,2.673094561158383
2025-01-22,2.710996734118738
2025-01-23,2.7541864399964937
2025-01-24,2.7306380754801753
2025-01-27,2.6485212882581037
2025-01-28,2.6101336943476103
2025-01-29,2.667318173391699
2025-01-30,2.668273478897565
2025-01-31,2.671541580443768
2025-02-01,2.6488460434026573
2025-02-03,2.6556329671854564
2025-02-04,2.700790660188478
2025-02-05,2.704174335074076
2025-02-06,2.7081276863043926
2025-02-07,2.698097573069364
2025-02-10,2.679890589132758
2025-02-11,2.642333848117597
2025-02-12,2.6408315916442646
2025-02-13,2.632155435480266
2025-02-14,2.6271801652543987
2025-02-17,2.624378411419342
2025-02-18,2.637399108059103
2025-02-19,2.63018594970697
2025-02-20,2.6185121709131347
2025-02-21,2.6021935337514313
2025-02-24,2.5569031121608545
2025-02-25,2.5489554561771843
2025-02-27,2.5505543105156288
2025-02-28,2.484171137232642
2025-03-03,2.494740818368687
2025-03-04,2.5035583324294897
2025-03-05,2.5553643649505395
2025-03-06,2.591524221594562
2025-03-07,2.595600978139873
2025-03-10,2.5800137497837747
2025-03-11,2.595060924779893
2025-03-12,2.5957548863107736
2025-03-13,2.5824107920283845
2025-03-17,2.605618952855938
2025-03-18,2.65772639459537
2025-03-19,2.6841188638667974
2025-03-20,2.708978603616577
2025-03-21,2.7160083889812934
2025-03-24,2.7518210897648245
2025-03-25,2.734080411322622
2025-03-26,2.714839268793109
2025-03-27,2.7340301126681217
2025-03-28,2.722002487033867
2025-04-01,2.6904384976091342
2025-04-02,2.71252982210779
2025-04-03,2.737490352898737
2025-04-04,2.706926380372002
2025-04-07,2.621235101878155
2025-04-08,2.677380637810926
2025-04-09,2.6343653957074347
2025-04-11,2.6744730808371595
2025-04-15,2.735000538780703
2025-04-16,2.7788676089976336
2025-04-17,2.8332852248999365
2025-04-21,2.8880915677619536
2025-04-22,2.90934297287371
2025-04-23,2.891311834044351
2025-04-24,2.881340280973854
2025-04-25,2.8342752553380484
2025-04-28,2.8827702574354785
2025-04-29,2.876633521482197
2025-04-30,2.8401644104210613
2025-05-02,2.8448899383833255
2025-05-05,2.845095196306578
2025-05-06,2.7656412151544747
2025-05-07,2.7800934982866314
2025-05-08,2.751436973357344
2025-05-09,2.747953406360836
2025-05-12,2.8465251316815623
2025-05-13,2.853097495315284
2025-05-14,2.8578593267128767
2025-05-15,2.878896101160263
2025-05-16,2.879961224208085
2025-05-19,2.902773874209879
2025-05-20,2.8720420293553794
2025-05-21,2.8896373378831375
2025-05-22,2.8749669611108617
2025-05-23,2.896679243566312
2025-05-26,2.905009700821272
2025-05-27,2.8993847400315182
2025-05-28,2.915216015824139
2025-05-29,2.9131648801130776
2025-05-30,2.9504357375466825
2025-06-02,2.9372226617571084
2025-06-03,2.9254753759860357
2025-06-04,2.934845364568602
2025-06-05,2.9503454636531887
2025-06-06,3.0041161944712917
2025-06-09,3.02343515306434
2025-06-10,3.0216059227619834
2025-06-11,3.0150621039985515
2025-06-12,2.9798571113136423
2025-06-13,2.9518668993637007
2025-06-16,2.980001981677679
2025-06-17,2.9529056694120124
2025-06-18,2.939431992585717
2025-06-19,2.9149436301787763
2025-06-20,2.950110676388857
2025-06-23,2.954683723676289
2025-06-24,2.9803344888567187
2025-06-25,2.9920604159219355
2025-06-26,3.0487241636681977
2025-06-27,3.0594493771661133
2025-06-30,3.036911072925129
2025-07-01,3.0448975083650853
2025-07-02,3.01758087055402
2025-07-03,2.9970877877390945
2025-07-04,3.009297606226157
2025-07-07,3.0049967027795375
2025-07-08,3.011468239923274
2025-07-09,3.0072655268718655
2025-07-10,2.9911163678007395
2025-07-11,2.981748261432452
2025-07-14,2.9897367507124755
2025-07-15,3.0098261413834932
2025-07-16,3.0362890574348085
2025-07-17,3.0182866622023106
2025-07-18,2.9941064815704146
2025-07-21,3.009111862576808
2025-07-22,2.985686345210961
2025-07-23,3.0047903620532663
2025-07-24,3.0140678742334095
2025-07-25,2.9751640899070497
2025-07-28,2.9465920323347743
2025-07-29,2.958564182883642
2025-07-30,2.948975853739734
2025-07-31,2.9280074192671566
2025-08-01,2.8904892477519
2025-08-04,2.9254260887568737
2025-08-05,2.921016130882522
2025-08-06,2.9150508751793844
2025-08-07,2.918726214089788
2025-08-08,2.8800168856717914
2025-08-11,2.900648273138749
2025-08-12,2.891296092982807
2025-08-13,2.91520720583508
2025-08-14,2.9002593121952724
2025-08-18,2.9423841073004353
2025-08-19,2.9524255247741364
2025-08-20,2.9529070249283516
2025-08-21,2.957038300753309
2025-08-22,2.92436978603621
2025-08-25,2.933366129062595
2025-08-26,2.8892582134321247
2025-08-28,2.861047426744566
2025-08-29,2.836901722872872
2025-09-01,2.8923577941787215
2025-09-02,2.892182273098758
2025-09-03,2.917864130958213
2025-09-04,2.9141559053583173
2025-09-05,2.9348526273909012
2025-09-08,2.990449319695692
2025-09-09,2.988062402247341
2025-09-10,3.0001650726677562
2025-09-11,3.0063315095161154
2025-09-12,3.009142375954227
2025-09-15,3.0122139715812373
2025-09-16,3.0403629471842115
2025-09-17,3.0883770144541223
2025-09-18,3.087828390961471
2025-09-19,3.1014422773642263
2025-09-22,3.0921070954998893
2025-09-23,3.1184638207414244
2025-09-24,3.0965168649955817
2025-09-25,3.0741954352169887
2025-09-26,3.031036459843257
2025-09-29,3.0552756335332214
2025-09-30,3.089499937763715
2025-10-01,3.0970162567167066
2025-10-03,3.113482513231963
2025-10-06,3.1260783500751264
2025-10-07,3.1240768061121402
2025-10-08,3.0878116494204204
2025-10-09,3.100981097506922
2025-10-10,3.1347195007635444
2025-10-13,3.1370639861804794
2025-10-14,3.1097980134489456
2025-10-15,3.139686007251684
2025-10-16,3.152693736589831
2025-10-17,3.1529240379355907
2025-10-20,3.1956429624687877
2025-10-21,3.1973273663836252
2025-10-23,3.2011643126878724
2025-10-24,3.182915160166276
2025-10-27,3.2272817781738956
2025-10-28,3.24004586064517
2025-10-29,3.2285046397340915
2025-10-30,3.21522932146856
2025-10-31,3.2326739961079514
2025-11-03,3.269871515653222
2025-11-04,3.244500939886995
2025-11-06,3.2008435905449986
2025-11-07,3.237265615885344
2025-11-10,3.244003842157698
2025-11-11,3.249175978794641
2025-11-12,3.256758943634507
2025-11-13,3.252827244123232
2025-11-14,3.2573829629682387
2025-11-17,3.2753434615267456
2025-11-18,3.255163943208824
2025-11-19,3.274173578742055
2025-11-20,3.259956485523863
2025-11-21,3.198414888931742
2025-11-24,3.176289222879685
2025-11-25,3.2080107210172444
2025-11-26,3.2533899564605817
2025-11-27,3.2428081365752064
2025-11-28,3.241714135426952
2025-12-01,3.2585142278978805
2025-12-02,3.253758283683702
2025-12-03,3.1842377849864385
2025-12-04,3.190033080106882
2025-12-05,3.226060920718189
2025-12-08,3.160948847320211
2025-12-09,3.170045610165332
2025-12-10,3.1565803842077003
2025-12-11,3.1820977153649634
2025-12-12,3.19369752742592
2025-12-15,3.1865377590755313
2025-12-16,3.1708594908441268
2025-12-17,3.188334045385109
2025-12-18,3.1799992879158747
2025-12-19,3.205597734610493
2025-12-22,3.2224864061860483
2025-12-23,3.217327017270731
2025-12-24,3.209615660027105
2025-12-26,3.1969664284222272
2025-12-29,3.189247040810528
2025-12-30,3.2333545257570955
2025-12-31,3.2702323346867073
2026-01-01,3.2944476856085103
2026-01-02,3.3378197155904417
2026-01-05,3.350717422342528
2026-01-06,3.3621576307081704
2026-01-07,3.344336427138474
2026-01-08,3.293398583814241
2026-01-09,3.2774422523554905
2026-01-12,3.283712027978678
2026-01-13,3.2909054813393426
2026-01-14,3.3145262193638576
2026-01-16,3.326285851181053
2026-01-19,3.3233844990443715
2026-01-20,3.260439604245255
2026-01-21,3.239348406732278
2026-01-22,3.2916445767145186
2026-01-23,3.2357663714393006
2026-01-27,3.2491465718981
2026-01-28,3.287659212594783
2026-01-29,3.263503461076833
2026-01-30,3.269887815689309
2026-02-01,3.112663508104642
2026-02-02,3.1554734426610818
2026-02-03,3.242582180965354
2026-02-04,3.2756553788079663
2026-02-05,3.2652250499196995
2026-02-06,3.2599049088535943
2026-02-09,3.3398047430166153
2026-02-10,3.350300729477105
2026-02-11,3.3741911993887266
2026-02-12,3.3707708896566433
2026-02-13,3.303495060918067
2026-02-16,3.3397794908119525
2026-02-17,3.357344362082932
2026-02-18,3.4017347120986976
2026-02-19,3.3602411009542323
2026-02-20,3.409427052576151
2026-02-23,3.4286724935219257
2026-02-24,3.449528488529202
2026-02-25,3.4893892265199775
2026-02-26,3.5127436919762522
2026-02-27,3.472927565312089
2026-03-02,3.44504047677575
2026-03-04,3.3204725877331627
2026-03-05,3.3665210634360494
2026-03-06,3.325902213392965
2026-03-09,3.216618354302645
2026-03-10,3.276813499719822
2026-03-11,3.240343958075934
2026-03-12,3.2456421895596477
2026-03-13,3.1070351285988314
2026-03-16,3.120001224208631
2026-03-17,3.169216320961246
2026-03-18,3.17957688751283
2026-03-19,3.081957858918009
2026-03-20,3.1362771679976595
2026-03-23,2.9963291081754497
2026-03-24,3.046231711001607
2026-03-25,3.125946230692241
2026-03-27,3.040667732178463
2026-03-30,2.9682058508000964
2026-04-01,3.0595854358552437
2026-04-02,3.0598615150467174
2026-04-06,3.1124587850287533
2026-04-07,3.125468805420188
2026-04-08,3.252824269344087
2026-04-09,3.252522039753212
2026-04-10,3.3019777583157484
2026-04-13,3.286254047779149
2026-04-15,3.333973763073057
2026-04-16,3.356707680642633
2026-04-17,3.3875820384312645
2026-04-20,3.395781335557476
2026-04-21,3.4099730486154094
2026-04-22,3.4196053543993346
2026-04-23,3.368040317578408
2026-04-24,3.3603343151542138
2026-04-27,3.399308920105624
2026-04-28,3.3712990020497453
2026-04-29,3.372805946245422
2026-04-30,3.3019031432505095
2026-05-04,3.3278924612983993
2026-05-05,3.3308703872895173
2026-05-06,3.3413642305136513
2026-05-07,3.359653655423231
2026-05-08,3.330917202350477
2026-05-11,3.2843028600493804
2026-05-12,3.2580424687300327
2026-05-13,3.321242397815333
2026-05-14,3.3660204416516377
2026-05-15,3.322494669950051
2026-05-18,3.293770359609478
2026-05-19,3.2950620247092384
2026-05-20,3.3223022626368426
2026-05-21,3.330785673894815
2026-05-22,3.336446260521935
2026-05-25,3.3599001672830466
2026-05-26,3.3881539844541706
2026-05-27,3.4464308731824516
2026-05-29,3.384303312113871
2026-06-01,3.366716967190958
2026-06-02,3.3704092989286574
2026-06-03,3.3679206879778407
2026-06-04,3.366006006754498
2026-06-05,3.335009799048913
2026-06-08,3.268860388542523
2026-06-09,3.2809366297660127
2026-06-10,3.2199012903199504
2026-06-11,3.2036310963006085
2026-06-12,3.243227857674078
2026-06-15,3.28247024620057
2026-06-16,3.2746015469602043
2026-06-17,3.3043637402499213
2026-06-18,3.3132226933539606
2026-06-19,3.31826492475004
2026-06-22,3.336470523194497
2026-06-23,3.2620156980789785
2026-06-24,3.2409404142178824
2026-06-25,3.2076911927477854
2026-06-29,3.2237717560583836
2026-06-30,3.2213634565108022
2026-07-01,3.2063453766366843
2026-07-02,3.218130852715302
2026-07-03,3.208885425852934
2026-07-06,3.2370794406656653
2026-07-07,3.2072954027548803
2026-07-08,3.1725938615279037
2026-07-09,3.182835376513231
2026-07-10,3.2230106371382066
2026-07-13,3.2110132562471083
2026-07-14,3.220023910330708
2026-07-15,3.209457219650495
2026-07-16,3.2027646660634104
2026-07-17,3.1924098946068105
2026-07-20,3.2218222150158016
2026-07-21,3.228943472275507
2026-07-22,3.215029503686392
2026-07-23,3.1871963650703665
2026-07-24,3.169367037260304
2026-07-27,3.1792766417707026
2026-07-28,3.1427410466937387
2026-07-29,3.1792895976891407
2026-07-30,3.1867065310366818
2026-07-31,3.1934176015538474
2026-08-03,3.2216665909275397
2026-08-04,3.179172991314792
2026-08-05,3.1905213412099678
2026-08-06,3.1695617604549384
2026-08-07,3.1665813658338484
2026-08-10,3.1843133115687645
2026-08-11,3.184909978292452
2026-08-12,3.18688107564389
2026-08-13,3.1977746454343845
2026-08-14,3.1784264346489595
2026-08-17,3.195332190874025
2026-08-18,3.173885823274577
2026-08-19,3.1691262706842274
2026-08-20,3.199663016000126
2026-08-21,3.2012731582539
2026-08-24,3.211260087352611
2026-08-25,3.2250778888296554
2026-08-26,3.2163623982683394
2026-08-27,3.227803444838723
2026-08-28,3.228618979738362
