config,score,N,buffer,gate,donchian,cagr,net20,maxdd,sharpe,sortino,calmar,net_calmar,fills,donch_exits,gate_derisk,avg_turn,cost_pct
mom30_N5_buf18_g0_d0,mom30,5,18,0,0,26.8,22.6,-56.0,1.0,1.3,0.48,0.4,149,0,0,0.107,136.8
mom30_N5_buf18_g0_d15,mom30,5,18,0,15,27.2,22.4,-35.8,1.22,1.56,0.76,0.62,149,434,0,0.303,318.6
mom30_N5_buf18_g0_d20,mom30,5,18,0,20,24.3,19.9,-43.2,1.09,1.39,0.56,0.46,149,357,0,0.255,232.3
mom30_N5_buf18_g0_d30,mom30,5,18,0,30,21.5,17.6,-46.5,0.94,1.23,0.46,0.38,149,252,0,0.197,158.9
mom30_N5_buf18_g100_d0,mom30,5,18,100,0,22.9,18.6,-45.8,1.09,1.28,0.5,0.41,110,0,23,0.17,109.0
mom30_N5_buf18_g100_d15,mom30,5,18,100,15,26.1,21.9,-22.9,1.39,1.54,1.14,0.96,112,289,23,0.324,219.0
mom30_N5_buf18_g100_d20,mom30,5,18,100,20,25.0,21.0,-30.4,1.3,1.45,0.82,0.69,112,223,23,0.277,183.5
mom30_N5_buf18_g100_d30,mom30,5,18,100,30,21.7,17.8,-36.1,1.11,1.3,0.6,0.49,113,149,23,0.23,142.5
mom30_N5_buf18_g200_d0,mom30,5,18,200,0,27.2,22.2,-42.0,1.18,1.46,0.65,0.53,120,0,18,0.152,124.2
mom30_N5_buf18_g200_d15,mom30,5,18,200,15,26.4,21.6,-28.7,1.33,1.55,0.92,0.75,123,331,18,0.326,222.0
mom30_N5_buf18_g200_d20,mom30,5,18,200,20,25.2,20.8,-31.2,1.25,1.47,0.81,0.67,121,258,18,0.276,181.3
mom30_N5_buf18_g200_d30,mom30,5,18,200,30,24.3,19.9,-34.5,1.16,1.42,0.7,0.58,120,171,18,0.223,156.9
mom30_N5_buf22_g0_d0,mom30,5,22,0,0,22.4,18.8,-50.1,0.87,1.15,0.45,0.38,149,0,0,0.101,85.2
mom30_N5_buf22_g0_d15,mom30,5,22,0,15,26.1,21.4,-35.8,1.18,1.51,0.73,0.6,149,437,0,0.303,297.2
mom30_N5_buf22_g0_d20,mom30,5,22,0,20,23.4,19.2,-43.2,1.06,1.36,0.54,0.44,149,361,0,0.256,213.0
mom30_N5_buf22_g0_d30,mom30,5,22,0,30,21.9,17.7,-46.5,0.96,1.26,0.47,0.38,149,249,0,0.193,156.6
mom30_N5_buf22_g100_d0,mom30,5,22,100,0,20.3,16.3,-45.8,0.98,1.12,0.44,0.36,110,0,23,0.167,84.3
mom30_N5_buf22_g100_d15,mom30,5,22,100,15,26.1,21.9,-22.9,1.39,1.54,1.14,0.96,112,289,23,0.324,219.0
mom30_N5_buf22_g100_d20,mom30,5,22,100,20,24.5,20.6,-30.4,1.28,1.43,0.81,0.68,112,224,23,0.277,175.3
mom30_N5_buf22_g100_d30,mom30,5,22,100,30,21.6,17.6,-36.1,1.11,1.31,0.6,0.49,113,149,23,0.228,138.4
mom30_N5_buf22_g200_d0,mom30,5,22,200,0,26.6,22.1,-37.1,1.15,1.41,0.72,0.6,120,0,18,0.144,101.3
mom30_N5_buf22_g200_d15,mom30,5,22,200,15,26.4,21.6,-28.7,1.33,1.55,0.92,0.75,123,331,18,0.326,222.0
mom30_N5_buf22_g200_d20,mom30,5,22,200,20,24.8,20.5,-31.2,1.24,1.45,0.79,0.65,121,259,18,0.276,174.0
mom30_N5_buf22_g200_d30,mom30,5,22,200,30,24.2,19.6,-34.5,1.17,1.43,0.7,0.57,120,171,18,0.221,153.2
mom30_N5_buf26_g0_d0,mom30,5,26,0,0,23.8,20.1,-44.4,0.91,1.19,0.54,0.45,149,0,0,0.093,81.7
mom30_N5_buf26_g0_d15,mom30,5,26,0,15,27.0,22.2,-31.8,1.23,1.58,0.85,0.7,149,435,0,0.3,297.2
mom30_N5_buf26_g0_d20,mom30,5,26,0,20,24.9,20.5,-35.9,1.12,1.46,0.69,0.57,149,357,0,0.25,211.2
mom30_N5_buf26_g0_d30,mom30,5,26,0,30,24.2,19.8,-42.5,1.04,1.38,0.57,0.47,149,248,0,0.187,156.9
mom30_N5_buf26_g100_d0,mom30,5,26,100,0,20.5,16.5,-40.6,0.99,1.14,0.5,0.41,110,0,23,0.159,80.8
mom30_N5_buf26_g100_d15,mom30,5,26,100,15,26.8,22.4,-20.5,1.43,1.62,1.31,1.1,112,289,23,0.321,217.6
mom30_N5_buf26_g100_d20,mom30,5,26,100,20,25.3,21.3,-24.0,1.33,1.53,1.06,0.89,112,223,23,0.272,173.7
mom30_N5_buf26_g100_d30,mom30,5,26,100,30,23.0,18.8,-29.0,1.19,1.42,0.79,0.65,113,148,23,0.222,138.6
mom30_N5_buf26_g200_d0,mom30,5,26,200,0,23.9,19.5,-37.6,1.06,1.26,0.64,0.52,120,0,18,0.141,90.4
mom30_N5_buf26_g200_d15,mom30,5,26,200,15,26.9,22.0,-30.2,1.37,1.62,0.89,0.73,123,330,18,0.324,221.3
mom30_N5_buf26_g200_d20,mom30,5,26,200,20,25.7,21.3,-30.0,1.29,1.54,0.86,0.71,121,257,18,0.271,172.9
mom30_N5_buf26_g200_d30,mom30,5,26,200,30,25.8,21.0,-34.1,1.24,1.55,0.76,0.62,120,169,18,0.216,156.8
mom30_N8_buf18_g0_d0,mom30,8,18,0,0,23.6,19.9,-50.8,0.99,1.25,0.46,0.39,149,0,0,0.121,107.8
mom30_N8_buf18_g0_d15,mom30,8,18,0,15,26.0,21.8,-34.5,1.34,1.65,0.75,0.63,149,692,0,0.306,278.5
mom30_N8_buf18_g0_d20,mom30,8,18,0,20,24.9,21.0,-39.4,1.24,1.56,0.63,0.53,149,569,0,0.261,221.0
mom30_N8_buf18_g0_d30,mom30,8,18,0,30,24.0,20.2,-42.1,1.14,1.46,0.57,0.48,149,395,0,0.204,181.8
mom30_N8_buf18_g100_d0,mom30,8,18,100,0,24.5,20.5,-31.4,1.28,1.44,0.78,0.65,110,0,23,0.18,114.5
mom30_N8_buf18_g100_d15,mom30,8,18,100,15,25.2,21.6,-16.7,1.54,1.61,1.51,1.3,111,452,23,0.32,201.0
mom30_N8_buf18_g100_d20,mom30,8,18,100,20,23.5,20.2,-21.1,1.39,1.47,1.11,0.96,111,360,23,0.279,158.8
mom30_N8_buf18_g100_d30,mom30,8,18,100,30,24.4,20.8,-27.4,1.38,1.5,0.89,0.76,113,238,23,0.234,154.1
mom30_N8_buf18_g200_d0,mom30,8,18,200,0,27.5,22.9,-38.1,1.32,1.56,0.72,0.6,120,0,18,0.166,125.7
mom30_N8_buf18_g200_d15,mom30,8,18,200,15,25.6,21.4,-28.8,1.47,1.64,0.89,0.74,121,523,18,0.325,209.7
mom30_N8_buf18_g200_d20,mom30,8,18,200,20,24.3,20.5,-28.9,1.34,1.51,0.84,0.71,120,418,18,0.282,174.9
mom30_N8_buf18_g200_d30,mom30,8,18,200,30,25.9,21.8,-35.5,1.36,1.56,0.73,0.62,120,277,18,0.231,175.4
mom30_N8_buf22_g0_d0,mom30,8,22,0,0,24.6,21.0,-52.7,1.01,1.28,0.47,0.4,149,0,0,0.109,107.4
mom30_N8_buf22_g0_d15,mom30,8,22,0,15,25.6,21.5,-34.5,1.32,1.63,0.74,0.62,149,698,0,0.305,253.6
mom30_N8_buf22_g0_d20,mom30,8,22,0,20,23.4,19.7,-39.4,1.19,1.49,0.6,0.5,149,574,0,0.258,187.1
mom30_N8_buf22_g0_d30,mom30,8,22,0,30,21.8,18.1,-42.4,1.06,1.35,0.51,0.43,149,399,0,0.2,146.2
mom30_N8_buf22_g100_d0,mom30,8,22,100,0,23.1,19.1,-29.5,1.21,1.36,0.78,0.65,110,0,23,0.172,95.0
mom30_N8_buf22_g100_d15,mom30,8,22,100,15,24.9,21.3,-16.7,1.52,1.6,1.49,1.28,111,454,23,0.319,195.7
mom30_N8_buf22_g100_d20,mom30,8,22,100,20,23.6,20.2,-17.8,1.39,1.49,1.32,1.14,111,361,23,0.276,156.0
mom30_N8_buf22_g100_d30,mom30,8,22,100,30,22.6,19.1,-27.4,1.29,1.4,0.82,0.7,113,240,23,0.23,131.4
mom30_N8_buf22_g200_d0,mom30,8,22,200,0,26.1,21.8,-38.0,1.25,1.49,0.69,0.57,120,0,18,0.155,101.1
mom30_N8_buf22_g200_d15,mom30,8,22,200,15,25.1,21.0,-28.8,1.45,1.62,0.87,0.73,121,526,18,0.323,194.0
mom30_N8_buf22_g200_d20,mom30,8,22,200,20,23.4,19.6,-28.9,1.31,1.47,0.81,0.68,120,423,18,0.28,154.5
mom30_N8_buf22_g200_d30,mom30,8,22,200,30,23.7,19.7,-36.4,1.26,1.45,0.65,0.54,120,280,18,0.227,146.4
mom30_N8_buf26_g0_d0,mom30,8,26,0,0,23.6,20.2,-45.7,0.98,1.26,0.52,0.44,149,0,0,0.099,88.7
mom30_N8_buf26_g0_d15,mom30,8,26,0,15,25.9,21.8,-34.5,1.35,1.66,0.75,0.63,149,696,0,0.302,250.5
mom30_N8_buf26_g0_d20,mom30,8,26,0,20,23.2,19.5,-40.8,1.19,1.51,0.57,0.48,149,573,0,0.254,180.0
mom30_N8_buf26_g0_d30,mom30,8,26,0,30,22.1,18.5,-43.5,1.07,1.38,0.51,0.43,149,398,0,0.192,139.6
mom30_N8_buf26_g100_d0,mom30,8,26,100,0,23.0,18.9,-30.7,1.21,1.37,0.75,0.62,110,0,23,0.165,94.2
mom30_N8_buf26_g100_d15,mom30,8,26,100,15,25.1,21.5,-16.7,1.54,1.64,1.5,1.29,111,454,23,0.316,193.3
mom30_N8_buf26_g100_d20,mom30,8,26,100,20,23.4,20.0,-18.0,1.4,1.53,1.3,1.11,111,360,23,0.273,150.1
mom30_N8_buf26_g100_d30,mom30,8,26,100,30,22.8,19.3,-24.6,1.31,1.43,0.93,0.78,112,235,23,0.222,127.8
mom30_N8_buf26_g200_d0,mom30,8,26,200,0,23.9,20.0,-37.8,1.17,1.37,0.63,0.53,120,0,18,0.147,85.2
mom30_N8_buf26_g200_d15,mom30,8,26,200,15,25.4,21.2,-29.5,1.47,1.65,0.86,0.72,121,525,18,0.321,192.4
mom30_N8_buf26_g200_d20,mom30,8,26,200,20,24.2,20.3,-26.5,1.36,1.56,0.91,0.76,120,419,18,0.274,157.5
mom30_N8_buf26_g200_d30,mom30,8,26,200,30,24.5,20.4,-34.8,1.31,1.51,0.7,0.59,120,275,18,0.22,147.3
mom30_N10_buf18_g0_d0,mom30,10,18,0,0,27.1,23.1,-47.8,1.13,1.4,0.57,0.48,149,0,0,0.127,146.8
mom30_N10_buf18_g0_d15,mom30,10,18,0,15,25.3,21.5,-29.7,1.38,1.67,0.85,0.72,149,854,0,0.308,250.6
mom30_N10_buf18_g0_d20,mom30,10,18,0,20,25.7,21.9,-34.0,1.32,1.6,0.76,0.64,149,693,0,0.263,224.5
mom30_N10_buf18_g0_d30,mom30,10,18,0,30,24.2,20.5,-35.0,1.2,1.47,0.69,0.59,149,486,0,0.21,175.4
mom30_N10_buf18_g100_d0,mom30,10,18,100,0,26.3,22.0,-28.6,1.4,1.52,0.92,0.77,110,0,23,0.187,139.1
mom30_N10_buf18_g100_d15,mom30,10,18,100,15,23.6,20.4,-17.0,1.54,1.56,1.39,1.2,111,558,23,0.322,182.0
mom30_N10_buf18_g100_d20,mom30,10,18,100,20,25.1,21.8,-19.1,1.51,1.53,1.32,1.14,111,438,23,0.279,178.8
mom30_N10_buf18_g100_d30,mom30,10,18,100,30,25.3,21.6,-22.8,1.48,1.52,1.11,0.95,111,287,23,0.236,164.8
mom30_N10_buf18_g200_d0,mom30,10,18,200,0,26.5,22.0,-39.4,1.32,1.49,0.67,0.56,120,0,18,0.174,129.6
mom30_N10_buf18_g200_d15,mom30,10,18,200,15,24.0,20.3,-28.9,1.47,1.57,0.83,0.7,121,649,18,0.324,186.6
mom30_N10_buf18_g200_d20,mom30,10,18,200,20,25.3,21.5,-26.6,1.43,1.54,0.95,0.81,120,501,18,0.279,178.8
mom30_N10_buf18_g200_d30,mom30,10,18,200,30,25.2,21.2,-32.6,1.38,1.51,0.77,0.65,120,338,18,0.234,160.5
mom30_N10_buf22_g0_d0,mom30,10,22,0,0,25.4,21.9,-44.6,1.07,1.33,0.57,0.49,149,0,0,0.113,112.6
mom30_N10_buf22_g0_d15,mom30,10,22,0,15,25.9,22.1,-29.7,1.41,1.7,0.87,0.74,149,855,0,0.303,254.3
mom30_N10_buf22_g0_d20,mom30,10,22,0,20,25.4,21.7,-32.9,1.31,1.59,0.77,0.66,149,701,0,0.259,211.4
mom30_N10_buf22_g0_d30,mom30,10,22,0,30,24.5,20.6,-34.3,1.2,1.49,0.71,0.6,149,495,0,0.201,174.3
mom30_N10_buf22_g100_d0,mom30,10,22,100,0,25.4,21.2,-28.8,1.36,1.46,0.88,0.73,110,0,23,0.179,120.2
mom30_N10_buf22_g100_d15,mom30,10,22,100,15,23.7,20.5,-16.8,1.55,1.57,1.42,1.22,111,560,23,0.318,183.4
mom30_N10_buf22_g100_d20,mom30,10,22,100,20,24.8,21.5,-19.1,1.51,1.53,1.3,1.13,111,443,23,0.276,174.4
mom30_N10_buf22_g100_d30,mom30,10,22,100,30,25.0,21.3,-23.8,1.47,1.51,1.05,0.89,111,290,23,0.231,158.1
mom30_N10_buf22_g200_d0,mom30,10,22,200,0,26.2,21.9,-38.6,1.29,1.48,0.68,0.57,120,0,18,0.158,103.6
mom30_N10_buf22_g200_d15,mom30,10,22,200,15,24.4,20.6,-28.9,1.49,1.6,0.84,0.71,121,651,18,0.32,188.7
mom30_N10_buf22_g200_d20,mom30,10,22,200,20,25.0,21.2,-25.4,1.43,1.53,0.98,0.83,120,509,18,0.275,168.5
mom30_N10_buf22_g200_d30,mom30,10,22,200,30,25.0,21.0,-32.6,1.37,1.49,0.77,0.64,120,345,18,0.227,153.2
mom30_N10_buf26_g0_d0,mom30,10,26,0,0,24.2,20.8,-44.4,1.04,1.32,0.55,0.47,149,0,0,0.101,91.3
mom30_N10_buf26_g0_d15,mom30,10,26,0,15,26.6,22.7,-29.7,1.45,1.77,0.9,0.77,149,855,0,0.299,263.9
mom30_N10_buf26_g0_d20,mom30,10,26,0,20,25.4,21.7,-35.9,1.32,1.6,0.71,0.6,149,699,0,0.253,202.1
mom30_N10_buf26_g0_d30,mom30,10,26,0,30,25.3,21.6,-33.2,1.25,1.56,0.76,0.65,149,491,0,0.194,174.8
mom30_N10_buf26_g100_d0,mom30,10,26,100,0,24.0,19.8,-28.7,1.32,1.46,0.84,0.69,110,0,23,0.169,100.9
mom30_N10_buf26_g100_d15,mom30,10,26,100,15,24.0,20.7,-15.9,1.58,1.63,1.51,1.3,111,560,23,0.315,185.5
mom30_N10_buf26_g100_d20,mom30,10,26,100,20,25.0,21.6,-19.1,1.53,1.57,1.31,1.13,111,444,23,0.272,176.1
mom30_N10_buf26_g100_d30,mom30,10,26,100,30,24.2,20.6,-22.9,1.45,1.51,1.06,0.9,111,289,23,0.225,142.5
mom30_N10_buf26_g200_d0,mom30,10,26,200,0,23.9,20.0,-38.1,1.23,1.44,0.63,0.53,120,0,18,0.148,82.6
mom30_N10_buf26_g200_d15,mom30,10,26,200,15,25.1,21.2,-29.1,1.54,1.68,0.86,0.73,121,651,18,0.317,195.9
mom30_N10_buf26_g200_d20,mom30,10,26,200,20,25.2,21.4,-25.7,1.45,1.56,0.98,0.83,120,508,18,0.271,168.9
mom30_N10_buf26_g200_d30,mom30,10,26,200,30,25.2,21.2,-33.2,1.39,1.54,0.76,0.64,120,343,18,0.22,147.7
mom30_N15_buf18_g0_d0,mom30,15,18,0,0,26.1,22.4,-45.9,1.14,1.36,0.57,0.49,149,0,0,0.155,128.4
mom30_N15_buf18_g0_d15,mom30,15,18,0,15,24.5,21.1,-31.5,1.41,1.64,0.78,0.67,149,1279,0,0.318,203.2
mom30_N15_buf18_g0_d20,mom30,15,18,0,20,25.0,21.6,-34.6,1.36,1.6,0.72,0.62,149,1020,0,0.275,184.6
mom30_N15_buf18_g0_d30,mom30,15,18,0,30,24.6,21.2,-32.4,1.27,1.53,0.76,0.65,149,715,0,0.23,160.2
mom30_N15_buf18_g100_d0,mom30,15,18,100,0,23.8,20.0,-24.4,1.34,1.37,0.98,0.82,110,0,23,0.215,115.2
mom30_N15_buf18_g100_d15,mom30,15,18,100,15,20.8,18.0,-18.9,1.44,1.36,1.1,0.95,111,853,23,0.335,142.9
mom30_N15_buf18_g100_d20,mom30,15,18,100,20,22.1,19.2,-17.9,1.43,1.37,1.23,1.07,111,657,23,0.294,139.6
mom30_N15_buf18_g100_d30,mom30,15,18,100,30,22.7,19.5,-24.3,1.41,1.39,0.94,0.8,111,426,23,0.259,127.8
mom30_N15_buf18_g200_d0,mom30,15,18,200,0,25.0,20.8,-38.0,1.31,1.42,0.66,0.55,120,0,18,0.203,110.6
mom30_N15_buf18_g200_d15,mom30,15,18,200,15,22.4,19.0,-30.4,1.45,1.47,0.74,0.63,120,972,18,0.335,156.0
mom30_N15_buf18_g200_d20,mom30,15,18,200,20,23.5,20.0,-30.1,1.43,1.46,0.78,0.66,120,748,18,0.294,149.1
mom30_N15_buf18_g200_d30,mom30,15,18,200,30,23.9,20.3,-33.9,1.39,1.47,0.71,0.6,120,502,18,0.255,134.5
mom30_N15_buf22_g0_d0,mom30,15,22,0,0,25.0,21.6,-41.8,1.1,1.32,0.6,0.52,149,0,0,0.131,105.7
mom30_N15_buf22_g0_d15,mom30,15,22,0,15,24.9,21.5,-30.5,1.43,1.67,0.82,0.71,149,1280,0,0.31,203.1
mom30_N15_buf22_g0_d20,mom30,15,22,0,20,25.1,21.6,-33.3,1.37,1.6,0.75,0.65,149,1029,0,0.265,182.9
mom30_N15_buf22_g0_d30,mom30,15,22,0,30,24.7,21.3,-31.4,1.28,1.53,0.78,0.68,149,727,0,0.215,153.1
mom30_N15_buf22_g100_d0,mom30,15,22,100,0,22.0,18.3,-25.1,1.25,1.28,0.87,0.73,110,0,23,0.199,96.1
mom30_N15_buf22_g100_d15,mom30,15,22,100,15,20.7,18.0,-18.8,1.44,1.36,1.1,0.96,111,856,23,0.329,141.5
mom30_N15_buf22_g100_d20,mom30,15,22,100,20,21.5,18.7,-16.2,1.41,1.35,1.33,1.15,111,667,23,0.287,135.2
mom30_N15_buf22_g100_d30,mom30,15,22,100,30,22.4,19.2,-22.1,1.4,1.38,1.01,0.87,111,435,23,0.247,123.1
mom30_N15_buf22_g200_d0,mom30,15,22,200,0,23.5,19.6,-36.2,1.25,1.35,0.65,0.54,120,0,18,0.182,88.8
mom30_N15_buf22_g200_d15,mom30,15,22,200,15,22.6,19.2,-29.5,1.46,1.48,0.77,0.65,120,972,18,0.328,155.1
mom30_N15_buf22_g200_d20,mom30,15,22,200,20,23.3,19.8,-29.0,1.43,1.46,0.8,0.68,120,756,18,0.286,147.9
mom30_N15_buf22_g200_d30,mom30,15,22,200,30,23.7,20.1,-32.6,1.39,1.46,0.73,0.62,120,512,18,0.242,130.3
mom30_N15_buf26_g0_d0,mom30,15,26,0,0,24.4,21.1,-40.6,1.08,1.31,0.6,0.52,149,0,0,0.116,91.1
mom30_N15_buf26_g0_d15,mom30,15,26,0,15,25.2,21.8,-30.5,1.46,1.73,0.83,0.71,149,1277,0,0.303,205.3
mom30_N15_buf26_g0_d20,mom30,15,26,0,20,25.1,21.7,-34.3,1.38,1.64,0.73,0.63,149,1024,0,0.256,176.2
mom30_N15_buf26_g0_d30,mom30,15,26,0,30,26.1,22.6,-30.6,1.35,1.64,0.85,0.74,149,723,0,0.202,162.3
mom30_N15_buf26_g100_d0,mom30,15,26,100,0,21.7,18.0,-25.7,1.25,1.29,0.84,0.7,110,0,23,0.185,89.4
mom30_N15_buf26_g100_d15,mom30,15,26,100,15,20.8,18.0,-19.3,1.46,1.41,1.07,0.93,111,855,23,0.324,140.5
mom30_N15_buf26_g100_d20,mom30,15,26,100,20,21.9,19.0,-15.3,1.45,1.41,1.43,1.24,111,663,23,0.278,132.5
mom30_N15_buf26_g100_d30,mom30,15,26,100,30,23.2,20.0,-21.8,1.47,1.47,1.07,0.92,111,431,23,0.235,123.8
mom30_N15_buf26_g200_d0,mom30,15,26,200,0,22.8,18.9,-37.8,1.22,1.34,0.6,0.5,120,0,18,0.169,81.1
mom30_N15_buf26_g200_d15,mom30,15,26,200,15,22.7,19.3,-29.6,1.49,1.53,0.77,0.65,120,973,18,0.322,154.6
mom30_N15_buf26_g200_d20,mom30,15,26,200,20,23.7,20.2,-28.2,1.47,1.52,0.84,0.72,120,751,18,0.276,142.5
mom30_N15_buf26_g200_d30,mom30,15,26,200,30,24.6,21.0,-32.4,1.45,1.54,0.76,0.65,120,509,18,0.231,131.2
rsblend_N5_buf18_g0_d0,rsblend,5,18,0,0,33.5,29.6,-46.6,1.12,1.53,0.72,0.64,147,0,0,0.08,120.1
rsblend_N5_buf18_g0_d15,rsblend,5,18,0,15,37.0,31.6,-36.7,1.52,2.09,1.01,0.86,147,424,0,0.296,460.8
rsblend_N5_buf18_g0_d20,rsblend,5,18,0,20,34.5,29.3,-38.4,1.37,1.86,0.9,0.76,147,346,0,0.248,352.3
rsblend_N5_buf18_g0_d30,rsblend,5,18,0,30,37.2,32.1,-37.8,1.41,1.97,0.98,0.85,147,242,0,0.185,365.9
rsblend_N5_buf18_g100_d0,rsblend,5,18,100,0,35.4,29.3,-28.7,1.44,1.75,1.24,1.02,108,0,23,0.149,232.2
rsblend_N5_buf18_g100_d15,rsblend,5,18,100,15,34.6,29.6,-20.6,1.65,1.95,1.68,1.44,110,282,22,0.315,379.4
rsblend_N5_buf18_g100_d20,rsblend,5,18,100,20,33.3,28.4,-23.7,1.54,1.81,1.41,1.2,110,213,23,0.271,324.9
rsblend_N5_buf18_g100_d30,rsblend,5,18,100,30,34.7,29.3,-23.0,1.54,1.85,1.51,1.28,109,142,23,0.216,336.7
rsblend_N5_buf18_g200_d0,rsblend,5,18,200,0,32.5,26.9,-40.6,1.26,1.55,0.8,0.66,118,0,18,0.126,152.9
rsblend_N5_buf18_g200_d15,rsblend,5,18,200,15,31.1,26.1,-29.6,1.46,1.77,1.05,0.88,121,325,18,0.32,306.9
rsblend_N5_buf18_g200_d20,rsblend,5,18,200,20,30.4,25.4,-34.5,1.35,1.63,0.88,0.74,119,252,18,0.27,262.1
rsblend_N5_buf18_g200_d30,rsblend,5,18,200,30,33.7,28.4,-30.9,1.44,1.82,1.09,0.92,118,168,18,0.212,288.0
rsblend_N5_buf22_g0_d0,rsblend,5,22,0,0,34.8,31.6,-51.8,1.15,1.55,0.67,0.61,147,0,0,0.074,119.4
rsblend_N5_buf22_g0_d15,rsblend,5,22,0,15,37.5,32.1,-36.7,1.54,2.13,1.02,0.87,147,423,0,0.294,472.6
rsblend_N5_buf22_g0_d20,rsblend,5,22,0,20,34.6,29.5,-38.4,1.39,1.91,0.9,0.77,147,345,0,0.245,341.8
rsblend_N5_buf22_g0_d30,rsblend,5,22,0,30,38.9,33.8,-37.8,1.46,2.06,1.03,0.89,147,241,0,0.18,402.8
rsblend_N5_buf22_g100_d0,rsblend,5,22,100,0,33.8,28.3,-29.7,1.39,1.66,1.14,0.95,108,0,23,0.143,196.8
rsblend_N5_buf22_g100_d15,rsblend,5,22,100,15,34.4,29.5,-20.6,1.65,1.96,1.68,1.44,110,282,22,0.313,363.6
rsblend_N5_buf22_g100_d20,rsblend,5,22,100,20,33.2,28.3,-23.7,1.55,1.82,1.4,1.2,110,214,23,0.269,310.9
rsblend_N5_buf22_g100_d30,rsblend,5,22,100,30,36.6,31.1,-21.9,1.63,1.96,1.67,1.42,109,143,23,0.211,373.3
rsblend_N5_buf22_g200_d0,rsblend,5,22,200,0,31.4,26.6,-44.6,1.19,1.45,0.7,0.6,118,0,18,0.121,134.2
rsblend_N5_buf22_g200_d15,rsblend,5,22,200,15,31.6,26.5,-29.6,1.48,1.81,1.07,0.89,121,324,18,0.317,313.4
rsblend_N5_buf22_g200_d20,rsblend,5,22,200,20,30.5,25.6,-34.5,1.38,1.68,0.89,0.74,119,251,18,0.267,251.9
rsblend_N5_buf22_g200_d30,rsblend,5,22,200,30,35.1,29.8,-30.9,1.51,1.9,1.13,0.96,118,167,18,0.208,306.3
rsblend_N5_buf26_g0_d0,rsblend,5,26,0,0,35.0,31.6,-45.2,1.15,1.57,0.78,0.7,147,0,0,0.069,121.1
rsblend_N5_buf26_g0_d15,rsblend,5,26,0,15,37.5,32.1,-36.7,1.54,2.13,1.02,0.87,147,423,0,0.294,472.6
rsblend_N5_buf26_g0_d20,rsblend,5,26,0,20,34.6,29.5,-38.4,1.39,1.91,0.9,0.77,147,345,0,0.245,341.8
rsblend_N5_buf26_g0_d30,rsblend,5,26,0,30,38.2,33.1,-37.8,1.44,2.03,1.01,0.88,147,243,0,0.18,379.1
rsblend_N5_buf26_g100_d0,rsblend,5,26,100,0,37.3,31.3,-29.7,1.5,1.8,1.25,1.05,108,0,23,0.14,259.1
rsblend_N5_buf26_g100_d15,rsblend,5,26,100,15,34.4,29.5,-20.6,1.65,1.96,1.68,1.44,110,282,22,0.313,363.6
rsblend_N5_buf26_g100_d20,rsblend,5,26,100,20,33.2,28.3,-23.7,1.55,1.82,1.4,1.2,110,214,23,0.269,310.9
rsblend_N5_buf26_g100_d30,rsblend,5,26,100,30,36.0,30.6,-21.9,1.61,1.94,1.64,1.39,109,144,23,0.211,356.2
rsblend_N5_buf26_g200_d0,rsblend,5,26,200,0,33.9,28.4,-44.3,1.3,1.63,0.76,0.64,118,0,18,0.118,155.7
rsblend_N5_buf26_g200_d15,rsblend,5,26,200,15,31.6,26.5,-29.6,1.48,1.81,1.07,0.89,121,324,18,0.317,313.4
rsblend_N5_buf26_g200_d20,rsblend,5,26,200,20,30.5,25.6,-34.5,1.38,1.68,0.89,0.74,119,251,18,0.267,251.9
rsblend_N5_buf26_g200_d30,rsblend,5,26,200,30,34.6,29.3,-30.9,1.49,1.88,1.12,0.95,118,168,18,0.208,292.3
rsblend_N8_buf18_g0_d0,rsblend,8,18,0,0,34.2,30.6,-45.0,1.21,1.53,0.76,0.68,147,0,0,0.086,137.1
rsblend_N8_buf18_g0_d15,rsblend,8,18,0,15,33.3,28.6,-38.3,1.51,1.93,0.87,0.75,147,685,0,0.304,354.4
rsblend_N8_buf18_g0_d20,rsblend,8,18,0,20,31.6,27.1,-43.7,1.39,1.8,0.72,0.62,147,560,0,0.255,256.7
rsblend_N8_buf18_g0_d30,rsblend,8,18,0,30,30.3,25.9,-42.3,1.29,1.68,0.72,0.61,147,401,0,0.199,204.5
rsblend_N8_buf18_g100_d0,rsblend,8,18,100,0,33.2,27.7,-32.3,1.48,1.64,1.03,0.86,108,0,23,0.161,200.1
rsblend_N8_buf18_g100_d15,rsblend,8,18,100,15,32.9,28.6,-16.8,1.76,1.92,1.96,1.7,109,453,23,0.321,315.2
rsblend_N8_buf18_g100_d20,rsblend,8,18,100,20,33.2,28.8,-19.2,1.7,1.89,1.73,1.5,109,355,23,0.276,296.5
rsblend_N8_buf18_g100_d30,rsblend,8,18,100,30,34.2,29.2,-23.3,1.67,1.88,1.47,1.25,109,239,23,0.227,287.1
rsblend_N8_buf18_g200_d0,rsblend,8,18,200,0,30.7,25.9,-41.8,1.27,1.44,0.74,0.62,118,0,18,0.137,131.3
rsblend_N8_buf18_g200_d15,rsblend,8,18,200,15,30.8,26.4,-27.7,1.58,1.8,1.11,0.95,119,517,18,0.322,287.3
rsblend_N8_buf18_g200_d20,rsblend,8,18,200,20,29.5,25.3,-31.5,1.46,1.68,0.94,0.8,118,411,18,0.276,220.8
rsblend_N8_buf18_g200_d30,rsblend,8,18,200,30,30.4,25.8,-33.9,1.44,1.69,0.9,0.76,118,278,18,0.224,207.4
rsblend_N8_buf22_g0_d0,rsblend,8,22,0,0,31.2,28.2,-50.9,1.13,1.44,0.61,0.55,147,0,0,0.081,113.7
rsblend_N8_buf22_g0_d15,rsblend,8,22,0,15,34.0,29.2,-38.5,1.53,1.96,0.88,0.76,147,686,0,0.301,370.6
rsblend_N8_buf22_g0_d20,rsblend,8,22,0,20,31.5,27.1,-44.2,1.38,1.78,0.71,0.61,147,560,0,0.251,248.0
rsblend_N8_buf22_g0_d30,rsblend,8,22,0,30,30.9,26.4,-41.9,1.3,1.71,0.74,0.63,147,400,0,0.193,209.6
rsblend_N8_buf22_g100_d0,rsblend,8,22,100,0,33.6,28.4,-32.1,1.5,1.68,1.05,0.88,108,0,23,0.152,201.4
rsblend_N8_buf22_g100_d15,rsblend,8,22,100,15,33.4,29.0,-17.0,1.78,1.96,1.97,1.71,109,454,23,0.318,325.6
rsblend_N8_buf22_g100_d20,rsblend,8,22,100,20,33.0,28.6,-19.5,1.69,1.89,1.69,1.46,109,356,23,0.274,286.8
rsblend_N8_buf22_g100_d30,rsblend,8,22,100,30,35.1,30.0,-23.3,1.73,1.97,1.51,1.29,109,236,23,0.222,300.5
rsblend_N8_buf22_g200_d0,rsblend,8,22,200,0,29.6,25.1,-45.5,1.23,1.41,0.65,0.55,118,0,18,0.129,118.0
rsblend_N8_buf22_g200_d15,rsblend,8,22,200,15,31.1,26.7,-27.7,1.58,1.81,1.12,0.96,119,520,18,0.319,291.0
rsblend_N8_buf22_g200_d20,rsblend,8,22,200,20,29.6,25.4,-31.7,1.46,1.68,0.93,0.8,118,410,18,0.272,216.2
rsblend_N8_buf22_g200_d30,rsblend,8,22,200,30,32.1,27.4,-33.9,1.51,1.81,0.95,0.81,118,277,18,0.217,234.0
rsblend_N8_buf26_g0_d0,rsblend,8,26,0,0,32.8,29.6,-47.0,1.16,1.49,0.7,0.63,147,0,0,0.071,107.4
rsblend_N8_buf26_g0_d15,rsblend,8,26,0,15,33.0,28.2,-38.5,1.5,1.92,0.86,0.73,147,687,0,0.301,337.1
rsblend_N8_buf26_g0_d20,rsblend,8,26,0,20,31.0,26.6,-44.2,1.36,1.75,0.7,0.6,147,562,0,0.251,236.4
rsblend_N8_buf26_g0_d30,rsblend,8,26,0,30,29.7,25.6,-40.5,1.27,1.66,0.73,0.63,147,403,0,0.191,193.9
rsblend_N8_buf26_g100_d0,rsblend,8,26,100,0,32.6,27.6,-32.1,1.47,1.63,1.02,0.86,108,0,23,0.148,182.9
rsblend_N8_buf26_g100_d15,rsblend,8,26,100,15,32.7,28.4,-17.0,1.75,1.92,1.93,1.67,109,454,23,0.318,305.2
rsblend_N8_buf26_g100_d20,rsblend,8,26,100,20,32.7,28.4,-19.9,1.68,1.87,1.64,1.42,109,357,23,0.274,279.5
rsblend_N8_buf26_g100_d30,rsblend,8,26,100,30,33.9,29.0,-23.5,1.68,1.9,1.45,1.23,109,238,23,0.222,272.9
rsblend_N8_buf26_g200_d0,rsblend,8,26,200,0,28.3,23.6,-45.2,1.18,1.37,0.62,0.52,118,0,18,0.123,104.7
rsblend_N8_buf26_g200_d15,rsblend,8,26,200,15,30.3,25.9,-27.7,1.55,1.77,1.09,0.93,119,520,18,0.319,268.9
rsblend_N8_buf26_g200_d20,rsblend,8,26,200,20,29.5,25.3,-32.0,1.45,1.67,0.92,0.79,118,410,18,0.271,213.9
rsblend_N8_buf26_g200_d30,rsblend,8,26,200,30,30.9,26.3,-34.1,1.47,1.74,0.91,0.77,118,278,18,0.216,211.5
rsblend_N10_buf18_g0_d0,rsblend,10,18,0,0,33.0,29.4,-42.6,1.2,1.49,0.78,0.69,147,0,0,0.093,138.9
rsblend_N10_buf18_g0_d15,rsblend,10,18,0,15,32.2,27.6,-35.9,1.53,1.89,0.9,0.77,147,852,0,0.304,357.5
rsblend_N10_buf18_g0_d20,rsblend,10,18,0,20,30.1,25.9,-39.7,1.39,1.72,0.76,0.65,147,692,0,0.259,262.8
rsblend_N10_buf18_g0_d30,rsblend,10,18,0,30,30.4,26.0,-40.4,1.33,1.68,0.75,0.64,147,495,0,0.202,214.0
rsblend_N10_buf18_g100_d0,rsblend,10,18,100,0,31.6,26.7,-31.3,1.45,1.54,1.01,0.85,108,0,23,0.169,177.3
rsblend_N10_buf18_g100_d15,rsblend,10,18,100,15,31.1,27.0,-20.8,1.76,1.86,1.5,1.3,108,563,23,0.324,275.0
rsblend_N10_buf18_g100_d20,rsblend,10,18,100,20,31.6,27.5,-20.3,1.7,1.81,1.56,1.36,108,437,23,0.28,260.2
rsblend_N10_buf18_g100_d30,rsblend,10,18,100,30,32.1,27.6,-23.6,1.65,1.76,1.36,1.17,108,295,23,0.232,241.3
rsblend_N10_buf18_g200_d0,rsblend,10,18,200,0,29.4,24.9,-41.1,1.27,1.41,0.71,0.61,118,0,18,0.144,119.4
rsblend_N10_buf18_g200_d15,rsblend,10,18,200,15,29.9,25.6,-30.1,1.6,1.74,0.99,0.85,119,646,18,0.323,286.8
rsblend_N10_buf18_g200_d20,rsblend,10,18,200,20,29.0,24.9,-33.0,1.48,1.62,0.88,0.75,118,511,18,0.279,227.9
rsblend_N10_buf18_g200_d30,rsblend,10,18,200,30,30.0,25.7,-34.3,1.47,1.64,0.88,0.75,118,354,18,0.229,204.4
rsblend_N10_buf22_g0_d0,rsblend,10,22,0,0,32.4,29.3,-45.2,1.19,1.48,0.72,0.65,147,0,0,0.083,116.2
rsblend_N10_buf22_g0_d15,rsblend,10,22,0,15,32.0,27.6,-35.5,1.54,1.88,0.9,0.78,147,853,0,0.301,346.2
rsblend_N10_buf22_g0_d20,rsblend,10,22,0,20,29.7,25.6,-39.8,1.38,1.71,0.75,0.64,147,697,0,0.254,255.7
rsblend_N10_buf22_g0_d30,rsblend,10,22,0,30,28.9,24.7,-40.9,1.29,1.63,0.71,0.6,147,500,0,0.196,187.7
rsblend_N10_buf22_g100_d0,rsblend,10,22,100,0,34.3,29.2,-29.2,1.55,1.66,1.18,1.0,108,0,23,0.157,207.5
rsblend_N10_buf22_g100_d15,rsblend,10,22,100,15,30.4,26.5,-19.7,1.76,1.84,1.55,1.35,108,565,23,0.321,261.6
rsblend_N10_buf22_g100_d20,rsblend,10,22,100,20,30.9,26.9,-19.9,1.68,1.78,1.55,1.35,108,442,23,0.277,250.1
rsblend_N10_buf22_g100_d30,rsblend,10,22,100,30,32.3,27.7,-22.2,1.67,1.81,1.46,1.25,108,297,23,0.226,243.7
rsblend_N10_buf22_g200_d0,rsblend,10,22,200,0,29.9,25.7,-42.9,1.3,1.44,0.7,0.6,118,0,18,0.133,113.6
rsblend_N10_buf22_g200_d15,rsblend,10,22,200,15,29.6,25.3,-29.9,1.59,1.72,0.99,0.85,119,648,18,0.32,275.6
rsblend_N10_buf22_g200_d20,rsblend,10,22,200,20,28.5,24.4,-33.2,1.47,1.62,0.86,0.74,118,516,18,0.276,221.1
rsblend_N10_buf22_g200_d30,rsblend,10,22,200,30,29.1,24.8,-34.3,1.45,1.64,0.85,0.72,118,358,18,0.224,185.7
rsblend_N10_buf26_g0_d0,rsblend,10,26,0,0,35.3,32.1,-46.8,1.26,1.59,0.75,0.69,147,0,0,0.073,120.2
rsblend_N10_buf26_g0_d15,rsblend,10,26,0,15,32.0,27.5,-35.5,1.53,1.88,0.9,0.77,147,853,0,0.3,345.4
rsblend_N10_buf26_g0_d20,rsblend,10,26,0,20,29.4,25.1,-40.1,1.36,1.7,0.73,0.63,147,699,0,0.253,247.6
rsblend_N10_buf26_g0_d30,rsblend,10,26,0,30,28.6,24.6,-41.1,1.27,1.61,0.7,0.6,147,509,0,0.195,185.6
rsblend_N10_buf26_g100_d0,rsblend,10,26,100,0,32.3,27.3,-29.2,1.47,1.58,1.1,0.93,108,0,23,0.153,170.3
rsblend_N10_buf26_g100_d15,rsblend,10,26,100,15,30.6,26.6,-19.7,1.76,1.84,1.55,1.35,108,565,23,0.32,265.6
rsblend_N10_buf26_g100_d20,rsblend,10,26,100,20,29.9,25.9,-20.1,1.64,1.73,1.49,1.29,108,445,23,0.276,227.2
rsblend_N10_buf26_g100_d30,rsblend,10,26,100,30,31.0,26.5,-21.5,1.62,1.74,1.44,1.23,108,301,23,0.226,217.8
rsblend_N10_buf26_g200_d0,rsblend,10,26,200,0,29.6,25.3,-44.7,1.28,1.44,0.66,0.57,118,0,18,0.127,109.0
rsblend_N10_buf26_g200_d15,rsblend,10,26,200,15,29.6,25.3,-29.9,1.59,1.72,0.99,0.84,119,648,18,0.319,276.7
rsblend_N10_buf26_g200_d20,rsblend,10,26,200,20,28.3,24.2,-33.2,1.46,1.61,0.85,0.73,118,517,18,0.275,217.5
rsblend_N10_buf26_g200_d30,rsblend,10,26,200,30,28.4,24.2,-34.4,1.42,1.59,0.83,0.7,118,361,18,0.223,177.1
rsblend_N15_buf18_g0_d0,rsblend,15,18,0,0,31.9,28.1,-46.7,1.22,1.46,0.68,0.6,147,0,0,0.119,136.6
rsblend_N15_buf18_g0_d15,rsblend,15,18,0,15,29.6,25.6,-32.8,1.54,1.8,0.9,0.78,147,1283,0,0.315,280.4
rsblend_N15_buf18_g0_d20,rsblend,15,18,0,20,29.9,26.0,-34.0,1.47,1.73,0.88,0.77,147,1030,0,0.27,249.4
rsblend_N15_buf18_g0_d30,rsblend,15,18,0,30,29.6,25.7,-36.8,1.37,1.62,0.8,0.7,147,734,0,0.218,221.8
rsblend_N15_buf18_g100_d0,rsblend,15,18,100,0,30.6,26.0,-33.5,1.48,1.52,0.91,0.78,108,0,23,0.191,165.1
rsblend_N15_buf18_g100_d15,rsblend,15,18,100,15,25.6,22.4,-25.0,1.6,1.53,1.02,0.89,108,863,23,0.334,188.0
rsblend_N15_buf18_g100_d20,rsblend,15,18,100,20,27.1,23.6,-27.2,1.58,1.54,1.0,0.87,108,667,23,0.292,191.1
rsblend_N15_buf18_g100_d30,rsblend,15,18,100,30,29.2,25.2,-29.9,1.59,1.56,0.98,0.84,108,442,23,0.248,203.9
rsblend_N15_buf18_g200_d0,rsblend,15,18,200,0,30.9,26.4,-43.5,1.39,1.5,0.71,0.61,118,0,18,0.166,132.8
rsblend_N15_buf18_g200_d15,rsblend,15,18,200,15,26.7,23.0,-30.2,1.56,1.6,0.88,0.76,119,982,18,0.332,210.4
rsblend_N15_buf18_g200_d20,rsblend,15,18,200,20,27.8,24.1,-34.5,1.52,1.57,0.81,0.7,118,761,18,0.289,199.1
rsblend_N15_buf18_g200_d30,rsblend,15,18,200,30,29.3,25.2,-37.8,1.5,1.56,0.77,0.67,118,525,18,0.242,200.2
rsblend_N15_buf22_g0_d0,rsblend,15,22,0,0,31.9,28.9,-48.2,1.23,1.49,0.66,0.6,147,0,0,0.099,118.9
rsblend_N15_buf22_g0_d15,rsblend,15,22,0,15,28.7,24.9,-32.9,1.5,1.75,0.87,0.76,147,1285,0,0.308,253.7
rsblend_N15_buf22_g0_d20,rsblend,15,22,0,20,28.3,24.6,-34.6,1.4,1.65,0.82,0.71,147,1036,0,0.261,208.2
rsblend_N15_buf22_g0_d30,rsblend,15,22,0,30,27.1,23.5,-37.2,1.28,1.52,0.73,0.63,147,748,0,0.208,170.4
rsblend_N15_buf22_g100_d0,rsblend,15,22,100,0,30.6,26.1,-33.3,1.49,1.54,0.92,0.78,108,0,23,0.176,156.4
rsblend_N15_buf22_g100_d15,rsblend,15,22,100,15,24.9,21.7,-24.7,1.57,1.5,1.01,0.88,108,862,23,0.329,179.0
rsblend_N15_buf22_g100_d20,rsblend,15,22,100,20,25.7,22.4,-26.9,1.52,1.47,0.96,0.83,108,670,23,0.286,167.9
rsblend_N15_buf22_g100_d30,rsblend,15,22,100,30,27.3,23.6,-29.4,1.52,1.49,0.93,0.8,108,450,23,0.239,170.3
rsblend_N15_buf22_g200_d0,rsblend,15,22,200,0,28.6,24.7,-43.3,1.32,1.43,0.66,0.57,118,0,18,0.151,105.2
rsblend_N15_buf22_g200_d15,rsblend,15,22,200,15,26.0,22.4,-29.9,1.52,1.56,0.87,0.75,119,983,18,0.326,195.8
rsblend_N15_buf22_g200_d20,rsblend,15,22,200,20,26.4,22.8,-34.8,1.46,1.51,0.76,0.66,118,766,18,0.281,172.8
rsblend_N15_buf22_g200_d30,rsblend,15,22,200,30,27.0,23.2,-38.8,1.41,1.47,0.69,0.6,118,535,18,0.232,161.1
rsblend_N15_buf26_g0_d0,rsblend,15,26,0,0,30.9,27.9,-47.1,1.2,1.45,0.66,0.59,147,0,0,0.085,97.5
rsblend_N15_buf26_g0_d15,rsblend,15,26,0,15,29.0,25.3,-32.9,1.53,1.79,0.88,0.77,147,1282,0,0.303,262.0
rsblend_N15_buf26_g0_d20,rsblend,15,26,0,20,28.4,24.7,-34.2,1.41,1.67,0.83,0.72,147,1043,0,0.256,212.1
rsblend_N15_buf26_g0_d30,rsblend,15,26,0,30,27.1,23.6,-36.6,1.29,1.54,0.74,0.64,147,760,0,0.201,167.0
rsblend_N15_buf26_g100_d0,rsblend,15,26,100,0,28.0,23.7,-32.8,1.4,1.45,0.85,0.72,108,0,23,0.167,123.3
rsblend_N15_buf26_g100_d15,rsblend,15,26,100,15,24.6,21.6,-24.8,1.57,1.52,0.99,0.87,108,863,23,0.326,174.0
rsblend_N15_buf26_g100_d20,rsblend,15,26,100,20,25.3,22.0,-27.6,1.51,1.46,0.92,0.8,108,678,23,0.283,162.0
rsblend_N15_buf26_g100_d30,rsblend,15,26,100,30,27.3,23.6,-29.5,1.53,1.51,0.93,0.8,108,458,23,0.235,164.6
rsblend_N15_buf26_g200_d0,rsblend,15,26,200,0,26.8,23.1,-42.1,1.26,1.37,0.64,0.55,118,0,18,0.14,86.8
rsblend_N15_buf26_g200_d15,rsblend,15,26,200,15,26.4,22.7,-29.9,1.56,1.6,0.88,0.76,119,980,18,0.322,201.0
rsblend_N15_buf26_g200_d20,rsblend,15,26,200,20,26.5,22.8,-35.5,1.47,1.51,0.75,0.64,118,772,18,0.277,174.2
rsblend_N15_buf26_g200_d30,rsblend,15,26,200,30,26.7,22.9,-38.9,1.41,1.48,0.69,0.59,118,545,18,0.228,152.4
