label,family,params,tax,rt,n_trades,win_rate,avg_win,avg_loss,expectancy,max_lose_streak,tax_paid,corr_tn_d,secs,w0_cagr,w0_dd,w0_sharpe,w0_calmar,wa_cagr,wa_dd,wa_sharpe,wa_calmar,w1_cagr,w1_dd,w1_sharpe,w1_calmar,w2_cagr,w2_dd,w2_sharpe,w2_calmar
kc_base_tax0,kc6,"{'mult': 1.3, 'sl': 0.05, 'tp': 0.15, 'hold': 15}",0,0.005,1336,59.1,4.51,-6.56,-0.016,28,0.0,0.108,0.6,3.85,-34.97,0.46,0.11,5.09,-20.98,0.62,0.24,5.5,-3.18,1.42,1.73,4.63,-20.98,0.44,0.22
kc_base_tax1,kc6,"{'mult': 1.3, 'sl': 0.05, 'tp': 0.15, 'hold': 15}",1,0.005,1336,59.1,4.51,-6.56,-0.016,28,17.5,0.118,0.6,3.24,-34.97,0.4,0.09,4.48,-20.98,0.55,0.21,5.3,-3.18,1.37,1.67,3.51,-20.98,0.35,0.17
kc_sl7_tax0,kc6,"{'mult': 1.3, 'sl': 0.07, 'tp': 0.15, 'hold': 15}",0,0.005,1274,60.6,4.47,-6.93,-0.024,19,0.0,0.111,0.6,3.76,-33.92,0.45,0.11,5.01,-23.36,0.6,0.21,6.35,-2.92,1.61,2.17,4.54,-23.36,0.43,0.19
kc_sl7_tax1,kc6,"{'mult': 1.3, 'sl': 0.07, 'tp': 0.15, 'hold': 15}",1,0.005,1274,60.6,4.47,-6.93,-0.024,19,17.4,0.12,0.7,3.15,-33.92,0.38,0.09,4.38,-23.36,0.53,0.19,6.05,-2.92,1.53,2.07,3.36,-23.36,0.33,0.14
kc_noTP_tax0,kc6,"{'mult': 1.3, 'sl': 0.05, 'tp': None, 'hold': 15}",0,0.005,1333,59.0,4.52,-6.56,-0.021,28,0.0,0.109,0.6,3.82,-33.57,0.46,0.11,4.9,-20.98,0.6,0.23,5.5,-3.18,1.42,1.73,4.22,-20.98,0.4,0.2
kc_noTP_tax1,kc6,"{'mult': 1.3, 'sl': 0.05, 'tp': None, 'hold': 15}",1,0.005,1333,59.0,4.52,-6.56,-0.021,28,17.8,0.119,0.7,3.21,-33.57,0.39,0.1,4.29,-20.98,0.53,0.2,5.3,-3.18,1.37,1.67,3.11,-20.98,0.31,0.15
kc_m15_tax0,kc6,"{'mult': 1.5, 'sl': 0.05, 'tp': 0.15, 'hold': 15}",0,0.005,413,55.2,5.47,-7.24,-0.218,12,0.0,0.054,0.6,4.17,-27.06,0.82,0.15,5.84,-7.19,1.36,0.81,4.61,-2.75,2.72,1.67,6.58,-7.19,1.07,0.92
kc_m15_tax1,kc6,"{'mult': 1.5, 'sl': 0.05, 'tp': 0.15, 'hold': 15}",1,0.005,413,55.2,5.47,-7.24,-0.218,12,9.3,0.061,0.7,3.86,-27.06,0.76,0.14,5.5,-7.19,1.27,0.77,4.47,-2.75,2.61,1.62,6.02,-7.19,0.98,0.84
kc_crash_tax0,kc6,"{'mult': 1.3, 'sl': 0.05, 'tp': 0.15, 'hold': 15, 'crash': True}",0,0.005,1229,60.5,4.3,-6.31,0.104,20,0.0,0.103,1.8,4.74,-22.29,0.61,0.21,5.15,-16.03,0.64,0.32,5.32,-3.18,1.38,1.67,4.86,-16.03,0.46,0.3
kc_crash_tax1,kc6,"{'mult': 1.3, 'sl': 0.05, 'tp': 0.15, 'hold': 15, 'crash': True}",1,0.005,1229,60.5,4.3,-6.31,0.104,20,18.9,0.112,0.7,4.19,-22.29,0.55,0.19,4.6,-16.03,0.57,0.29,5.11,-3.18,1.32,1.61,3.88,-16.03,0.38,0.24
kc_hold10_tax0,kc6,"{'mult': 1.3, 'sl': 0.05, 'tp': 0.15, 'hold': 10}",0,0.005,1336,59.1,4.51,-6.55,-0.009,28,0.0,0.109,0.6,3.9,-34.97,0.47,0.11,5.16,-20.98,0.63,0.25,5.59,-3.18,1.44,1.76,4.67,-20.98,0.44,0.22
kc_hold10_tax1,kc6,"{'mult': 1.3, 'sl': 0.05, 'tp': 0.15, 'hold': 10}",1,0.005,1336,59.1,4.51,-6.55,-0.009,28,17.9,0.118,0.7,3.28,-34.97,0.4,0.09,4.53,-20.98,0.55,0.22,5.37,-3.18,1.39,1.69,3.54,-20.98,0.35,0.17
p_sma_2R_t10_tax0,pull,"{'rr': 2.0, 'time': 10}",0,0.005,4745,35.6,6.11,-4.66,-0.823,49,0.0,0.295,1.0,-16.36,-97.76,-1.11,-0.17,-13.87,-90.69,-1.02,-0.15,-11.74,-39.34,-1.23,-0.3,-21.81,-81.78,-1.26,-0.27
p_sma_2R_t10_tax1,pull,"{'rr': 2.0, 'time': 10}",1,0.005,4744,35.6,6.11,-4.66,-0.821,49,2.3,0.3,1.1,-16.65,-97.92,-1.14,-0.17,-13.99,-90.87,-1.03,-0.15,-11.74,-39.34,-1.23,-0.3,-22.04,-82.14,-1.28,-0.27
p_ema_2R_t10_tax0,pull,"{'rr': 2.0, 'time': 10, 'ema': True}",0,0.005,4789,35.1,6.21,-4.66,-0.838,40,0.0,0.287,1.0,-16.86,-97.92,-1.14,-0.17,-14.06,-91.26,-1.02,-0.15,-12.02,-42.97,-1.27,-0.28,-21.74,-82.33,-1.24,-0.26
p_ema_2R_t10_tax1,pull,"{'rr': 2.0, 'time': 10, 'ema': True}",1,0.005,4787,35.1,6.21,-4.66,-0.839,40,2.2,0.292,1.2,-17.22,-98.1,-1.17,-0.18,-14.24,-91.53,-1.04,-0.16,-12.02,-42.97,-1.27,-0.28,-22.1,-82.87,-1.27,-0.27
p_sma_15R_t10_tax0,pull,"{'rr': 1.5, 'time': 10}",0,0.005,5248,39.3,5.35,-4.69,-0.75,33,0.0,0.301,0.9,-16.55,-97.73,-1.12,-0.17,-13.5,-90.2,-0.97,-0.15,-12.24,-38.29,-1.23,-0.32,-21.0,-80.52,-1.18,-0.26
p_sma_15R_t10_tax1,pull,"{'rr': 1.5, 'time': 10}",1,0.005,5244,39.3,5.35,-4.69,-0.748,33,2.1,0.306,1.0,-16.83,-97.87,-1.14,-0.17,-13.59,-90.35,-0.98,-0.15,-12.24,-38.29,-1.23,-0.32,-21.19,-80.83,-1.2,-0.26
p_sma_3R_t10_tax0,pull,"{'rr': 3.0, 'time': 10}",0,0.005,4338,32.2,6.9,-4.63,-0.915,50,0.0,0.292,0.9,-16.64,-97.78,-1.12,-0.17,-12.32,-87.8,-0.86,-0.14,-9.88,-40.68,-0.91,-0.24,-18.98,-77.43,-1.04,-0.25
p_sma_3R_t10_tax1,pull,"{'rr': 3.0, 'time': 10}",1,0.005,4337,32.2,6.9,-4.63,-0.914,50,1.2,0.297,1.0,-16.91,-97.92,-1.14,-0.17,-12.5,-88.16,-0.88,-0.14,-9.88,-40.68,-0.91,-0.24,-19.35,-78.1,-1.07,-0.25
p_sma_2R_t15_tax0,pull,"{'rr': 2.0, 'time': 15}",0,0.005,4101,34.4,7.22,-4.95,-0.762,45,0.0,0.303,0.9,-13.32,-95.61,-0.86,-0.14,-10.87,-84.39,-0.74,-0.13,-11.83,-43.45,-1.17,-0.27,-15.93,-70.87,-0.83,-0.22
p_sma_2R_t15_tax1,pull,"{'rr': 2.0, 'time': 15}",1,0.005,4101,34.4,7.22,-4.95,-0.762,45,3.8,0.309,1.0,-13.81,-96.09,-0.89,-0.14,-11.19,-85.18,-0.77,-0.13,-11.85,-43.5,-1.17,-0.27,-16.57,-72.33,-0.88,-0.23
p_sma_2R_sma20x_tax0,pull,"{'rr': 2.0, 'time': 15, 'sma20_exit': True}",0,0.005,7822,29.8,5.14,-3.15,-0.685,57,0.0,0.28,0.9,-21.87,-99.41,-1.57,-0.22,-19.06,-96.52,-1.46,-0.2,-11.51,-38.9,-1.17,-0.3,-30.37,-92.11,-1.89,-0.33
p_sma_2R_sma20x_tax1,pull,"{'rr': 2.0, 'time': 15, 'sma20_exit': True}",1,0.005,7818,29.8,5.14,-3.15,-0.686,57,0.8,0.284,1.1,-22.12,-99.44,-1.59,-0.22,-19.26,-96.62,-1.48,-0.2,-11.51,-38.9,-1.17,-0.3,-30.74,-92.33,-1.92,-0.33
c_rsi2_10_tax0,conn,"{'th': 10, 'sl': 0.07, 'time': 7, 'rsi_exit': 65}",0,0.005,7753,60.3,2.78,-4.58,-0.14,17,0.0,0.284,0.6,-4.53,-70.14,-0.19,-0.06,-3.02,-57.06,-0.11,-0.05,-3.44,-38.39,-0.2,-0.09,-5.63,-57.06,-0.18,-0.1
c_rsi2_10_tax1,conn,"{'th': 10, 'sl': 0.07, 'time': 7, 'rsi_exit': 65}",1,0.005,7753,60.3,2.78,-4.58,-0.14,17,14.1,0.293,0.7,-5.59,-75.86,-0.26,-0.07,-4.02,-59.44,-0.17,-0.07,-3.85,-38.39,-0.23,-0.1,-7.5,-57.17,-0.27,-0.13
c_rsi2_5_tax0,conn,"{'th': 5, 'sl': 0.07, 'time': 7, 'rsi_exit': 65}",0,0.005,6374,60.6,2.84,-4.7,-0.13,16,0.0,0.268,0.5,-2.67,-56.86,-0.1,-0.05,-0.56,-44.66,0.04,-0.01,1.39,-26.73,0.18,0.05,-4.26,-44.66,-0.13,-0.1
c_rsi2_5_tax1,conn,"{'th': 5, 'sl': 0.07, 'time': 7, 'rsi_exit': 65}",1,0.005,6374,60.6,2.84,-4.7,-0.13,16,13.8,0.276,0.6,-3.59,-60.93,-0.16,-0.06,-1.46,-45.58,-0.02,-0.03,0.76,-26.73,0.12,0.03,-5.8,-45.23,-0.21,-0.13
c_rsi2_15_tax0,conn,"{'th': 15, 'sl': 0.07, 'time': 7, 'rsi_exit': 65}",0,0.005,8416,60.4,2.72,-4.51,-0.143,17,0.0,0.291,0.6,-5.34,-75.98,-0.24,-0.07,-4.41,-62.11,-0.19,-0.07,-7.63,-44.99,-0.51,-0.17,-5.79,-57.86,-0.18,-0.1
c_rsi2_15_tax1,conn,"{'th': 15, 'sl': 0.07, 'time': 7, 'rsi_exit': 65}",1,0.005,8416,60.4,2.72,-4.51,-0.143,17,13.2,0.3,0.7,-6.46,-80.77,-0.3,-0.08,-5.49,-66.61,-0.26,-0.08,-8.05,-44.99,-0.54,-0.18,-7.82,-59.27,-0.28,-0.13
c_rsi3_15_tax0,conn,"{'th': 15, 'sl': 0.07, 'time': 7, 'rsi_exit': 65, 'rsi3': True}",0,0.005,6649,60.2,2.86,-4.65,-0.126,16,0.0,0.267,0.5,-2.95,-63.97,-0.11,-0.05,-0.95,-45.77,0.02,-0.02,-0.66,-32.89,0.01,-0.02,-3.4,-45.77,-0.07,-0.07
c_rsi3_15_tax1,conn,"{'th': 15, 'sl': 0.07, 'time': 7, 'rsi_exit': 65, 'rsi3': True}",1,0.005,6649,60.2,2.86,-4.65,-0.126,16,12.9,0.276,0.6,-3.92,-67.98,-0.17,-0.06,-1.94,-47.73,-0.05,-0.04,-1.11,-32.89,-0.02,-0.03,-5.24,-45.77,-0.16,-0.11
c_rsi2_10_sl5_tax0,conn,"{'th': 10, 'sl': 0.05, 'time': 7, 'rsi_exit': 65}",0,0.005,8231,59.4,2.86,-4.59,-0.163,18,0.0,0.287,0.6,-5.66,-76.82,-0.27,-0.07,-5.3,-67.28,-0.26,-0.08,-6.0,-40.15,-0.4,-0.15,-8.79,-60.92,-0.34,-0.14
c_rsi2_10_sl5_tax1,conn,"{'th': 10, 'sl': 0.05, 'time': 7, 'rsi_exit': 65}",1,0.005,8231,59.4,2.86,-4.59,-0.163,18,12.0,0.295,0.7,-6.59,-80.75,-0.33,-0.08,-6.1,-70.56,-0.31,-0.09,-6.29,-40.15,-0.43,-0.16,-10.29,-61.93,-0.42,-0.17
c_rsi2_10_sma5_tax0,conn,"{'th': 10, 'sl': 0.07, 'time': 10, 'rsi_exit': None}",0,0.005,7526,60.5,2.78,-4.65,-0.154,17,0.0,0.283,0.6,-4.87,-72.56,-0.22,-0.07,-3.72,-57.93,-0.16,-0.06,-3.91,-37.78,-0.24,-0.1,-6.6,-57.7,-0.23,-0.11
c_rsi2_10_sma5_tax1,conn,"{'th': 10, 'sl': 0.07, 'time': 10, 'rsi_exit': None}",1,0.005,7526,60.5,2.78,-4.65,-0.154,17,13.3,0.291,0.7,-5.86,-77.55,-0.28,-0.08,-4.6,-62.67,-0.22,-0.07,-4.28,-37.78,-0.27,-0.11,-8.26,-57.7,-0.32,-0.14
w7_tax0,wash,"{'sl': 0.07, 'time': 7}",0,0.005,7349,57.1,3.15,-4.84,-0.28,17,0.0,0.33,0.5,-9.42,-90.05,-0.52,-0.1,-9.17,-80.33,-0.54,-0.11,-13.05,-46.9,-0.98,-0.28,-13.48,-66.37,-0.62,-0.2
w7_tax1,wash,"{'sl': 0.07, 'time': 7}",1,0.005,7350,57.1,3.15,-4.84,-0.28,17,6.9,0.336,0.6,-10.12,-91.49,-0.56,-0.11,-9.73,-81.83,-0.58,-0.12,-13.05,-46.9,-0.98,-0.28,-14.53,-67.35,-0.68,-0.22
w10_tax0,wash,"{'sl': 0.07, 'time': 7, 'n10': True}",0,0.005,6878,57.1,3.14,-4.76,-0.249,20,0.0,0.32,0.5,-7.56,-87.91,-0.41,-0.09,-6.57,-73.6,-0.38,-0.09,-7.92,-41.44,-0.59,-0.19,-10.77,-64.5,-0.49,-0.17
w10_tax1,wash,"{'sl': 0.07, 'time': 7, 'n10': True}",1,0.005,6878,57.1,3.14,-4.76,-0.248,20,8.2,0.327,0.6,-8.36,-89.62,-0.46,-0.09,-7.22,-75.48,-0.42,-0.1,-7.92,-41.44,-0.59,-0.19,-12.06,-65.34,-0.56,-0.18
w7_sl5_tax0,wash,"{'sl': 0.05, 'time': 7}",0,0.005,7788,56.2,3.2,-4.79,-0.297,20,0.0,0.329,0.5,-10.52,-92.19,-0.59,-0.11,-10.77,-84.48,-0.65,-0.13,-15.35,-50.02,-1.18,-0.31,-15.7,-71.75,-0.75,-0.22
w7_sl5_tax1,wash,"{'sl': 0.05, 'time': 7}",1,0.005,7788,56.2,3.2,-4.79,-0.297,20,6.7,0.336,0.6,-11.18,-93.29,-0.63,-0.12,-11.26,-85.65,-0.69,-0.13,-15.35,-50.02,-1.18,-0.31,-16.69,-72.42,-0.81,-0.23
w7_t10_tax0,wash,"{'sl': 0.07, 'time': 10}",0,0.005,6741,59.6,3.17,-5.29,-0.253,18,0.0,0.325,0.6,-7.86,-85.52,-0.42,-0.09,-7.7,-74.38,-0.45,-0.1,-11.92,-44.93,-0.91,-0.27,-11.0,-61.37,-0.49,-0.18
w7_t10_tax1,wash,"{'sl': 0.07, 'time': 10}",1,0.005,6741,59.6,3.17,-5.3,-0.255,18,9.4,0.333,0.7,-8.78,-88.2,-0.48,-0.1,-8.53,-77.22,-0.5,-0.11,-11.92,-44.93,-0.91,-0.27,-12.56,-62.89,-0.58,-0.2
