date,direction,entry_ts,entry_price,expiry,dte_entry_days,iv_used,pe_strike,ce_strike,pe_credit,ce_credit,total_credit,exit_ts,exit_price,exit_reason,pe_exit,ce_exit,total_exit_value,gross_pnl_per_unit,gross_pnl_per_lot,slippage_total,brokerage_total,stt,net_pnl_per_lot
2024-03-01,LONG,2024-03-01 11:10:00,22208.7,2024-03-05,4,0.0911,22100.0,22450.0,36.28,15.87,52.15,2024-03-01 15:25:00,22326.05,EOD,13.39,41.86,55.25,-3.1,-201.5,260.0,80.0,1.69,-543.19
2024-03-05,SHORT,2024-03-05 10:20:00,22293.5,2024-03-12,7,0.1027,21950.0,22550.0,18.38,44.23,62.61,2024-03-05 12:50:00,22382.67,SL,10.09,69.66,79.75,-17.14,-1114.1,260.0,80.0,2.03,-1456.13
2024-03-06,SHORT,2024-03-06 11:35:00,22234.75,2024-03-12,6,0.1037,21950.0,22500.0,22.2,34.97,57.17,2024-03-06 13:40:00,22323.69,SL,12.01,57.83,69.84,-12.67,-823.55,260.0,80.0,1.86,-1165.41
2024-03-11,SHORT,2024-03-11 10:45:00,22415.65,2024-03-12,1,0.1029,22350.0,22450.0,21.1,34.55,55.65,2024-03-11 15:25:00,22319.85,EOD,62.22,9.2,71.42,-15.77,-1025.05,260.0,80.0,1.81,-1366.86
2024-03-12,SHORT,2024-03-12 10:45:00,22298.75,2024-03-19,7,0.1085,21950.0,22600.0,21.41,39.83,61.24,2024-03-12 12:10:00,22387.94,SL,12.28,62.33,74.61,-13.37,-869.05,260.0,80.0,1.99,-1211.04
2024-03-13,SHORT,2024-03-13 11:00:00,22246.1,2024-03-19,6,0.1078,21950.0,22500.0,23.27,41.01,64.28,2024-03-13 15:25:00,21981.05,EOD,95.8,6.97,102.77,-38.49,-2501.85,260.0,80.0,2.09,-2843.94
2024-03-14,LONG,2024-03-14 10:40:00,22071.05,2024-03-19,5,0.124,21850.0,22450.0,41.46,21.67,63.13,2024-03-14 15:25:00,22153.05,EOD,26.09,35.21,61.3,1.83,118.95,260.0,80.0,2.05,-223.1
2024-03-15,SHORT,2024-03-15 10:25:00,21972.9,2024-03-19,4,0.1234,21700.0,22200.0,22.48,37.98,60.46,2024-03-15 15:25:00,21996.35,EOD,19.15,43.71,62.86,-2.4,-156.0,260.0,80.0,1.96,-497.96
2024-03-18,LONG,2024-03-18 12:15:00,22057.2,2024-03-19,1,0.1254,22000.0,22150.0,32.21,23.99,56.2,2024-03-18 15:25:00,22051.5,EOD,34.17,22.48,56.65,-0.45,-29.25,260.0,80.0,1.83,-371.08
2024-03-19,SHORT,2024-03-19 10:25:00,21853.15,2024-03-26,7,0.1247,21400.0,22200.0,17.5,42.55,60.05,2024-03-19 15:25:00,21810.35,EOD,22.12,34.53,56.65,3.4,221.0,260.0,80.0,1.95,-120.95
2024-03-20,SHORT,2024-03-20 10:30:00,21754.85,2024-03-26,6,0.1311,21350.0,22100.0,21.13,38.89,60.02,2024-03-20 11:40:00,21841.87,SL,12.78,58.78,71.56,-11.54,-750.1,260.0,80.0,1.95,-1092.05
2024-03-21,SHORT,2024-03-21 12:05:00,21965.65,2024-03-26,5,0.1231,21650.0,22250.0,23.04,36.26,59.3,2024-03-21 15:25:00,22014.6,EOD,16.91,47.42,64.33,-5.03,-326.95,260.0,80.0,1.93,-668.88
2024-03-22,LONG,2024-03-22 11:25:00,22074.1,2024-03-26,4,0.1279,21850.0,22400.0,34.4,22.91,57.31,2024-03-22 15:25:00,22080.8,EOD,33.04,23.93,56.97,0.34,22.1,260.0,80.0,1.86,-319.76
2024-03-27,LONG,2024-03-27 11:00:00,22171.35,2024-04-02,6,0.1066,21950.0,22550.0,35.44,18.55,53.99,2024-03-27 15:25:00,22147.2,EOD,40.7,15.75,56.45,-2.46,-159.9,260.0,80.0,1.75,-501.65
2024-03-28,LONG,2024-03-28 10:35:00,22347.3,2024-04-02,5,0.1101,22150.0,22700.0,37.15,18.18,55.33,2024-03-28 15:25:00,22343.1,EOD,38.1,17.65,55.75,-0.42,-27.3,260.0,80.0,1.8,-369.1
2024-04-03,LONG,2024-04-03 10:20:00,22461.2,2024-04-09,6,0.1141,22250.0,22850.0,45.25,22.74,67.99,2024-04-03 15:25:00,22445.55,EOD,49.03,20.67,69.7,-1.71,-111.15,260.0,80.0,2.21,-453.36
2024-04-04,SHORT,2024-04-04 10:50:00,22317.5,2024-04-09,5,0.1142,22000.0,22550.0,18.83,42.22,61.05,2024-04-04 11:10:00,22406.77,SL,10.03,68.2,78.23,-17.18,-1116.7,260.0,80.0,1.98,-1458.68
2024-04-08,LONG,2024-04-08 11:35:00,22642.85,2024-04-09,1,0.0869,22650.0,22700.0,42.69,19.94,62.63,2024-04-08 15:25:00,22661.0,EOD,34.05,26.03,60.08,2.55,165.75,260.0,80.0,2.04,-176.29
2024-04-12,SHORT,2024-04-12 12:15:00,22623.9,2024-04-16,4,0.0626,22550.0,22700.0,24.67,34.06,58.73,2024-04-12 15:25:00,22519.4,EOD,66.49,9.98,76.47,-17.74,-1153.1,260.0,80.0,1.91,-1495.01
2024-04-16,SHORT,2024-04-16 13:10:00,22099.2,2024-04-23,7,0.0969,21800.0,22350.0,19.85,39.22,59.07,2024-04-16 15:25:00,22177.45,EOD,11.49,60.48,71.97,-12.9,-838.5,260.0,80.0,1.92,-1180.42
2024-04-18,LONG,2024-04-18 11:05:00,22274.95,2024-04-23,5,0.0995,22100.0,22550.0,33.65,22.68,56.33,2024-04-18 13:25:00,22185.85,SL,58.55,11.31,69.86,-13.53,-879.45,260.0,80.0,1.83,-1221.28
2024-04-19,LONG,2024-04-19 12:15:00,21943.8,2024-04-23,4,0.1024,21800.0,22200.0,34.65,19.1,53.75,2024-04-19 15:25:00,22149.7,EOD,6.14,78.55,84.69,-30.94,-2011.1,260.0,80.0,1.75,-2352.85
2024-04-24,LONG,2024-04-24 10:25:00,22458.0,2024-04-30,6,0.0996,22300.0,22800.0,45.4,19.84,65.24,2024-04-24 15:25:00,22412.2,EOD,58.54,14.31,72.85,-7.61,-494.65,260.0,80.0,2.12,-836.77
2024-04-29,LONG,2024-04-29 10:30:00,22538.95,2024-04-30,1,0.108,22500.0,22650.0,32.15,14.34,46.49,2024-04-29 15:25:00,22633.15,EOD,9.18,44.89,54.07,-7.58,-492.7,260.0,80.0,1.51,-834.21
2024-04-30,LONG,2024-04-30 10:50:00,22765.9,2024-05-07,7,0.1164,22500.0,23250.0,43.33,19.61,62.94,2024-04-30 15:00:00,22674.84,SL,65.69,11.42,77.11,-14.17,-921.05,260.0,80.0,2.05,-1263.1
2024-05-06,SHORT,2024-05-06 13:25:00,22420.3,2024-05-07,1,0.1152,22350.0,22450.0,24.65,42.08,66.73,2024-05-06 15:25:00,22458.0,EOD,15.42,60.21,75.63,-8.9,-578.5,260.0,80.0,2.17,-920.67
2024-05-07,SHORT,2024-05-07 10:20:00,22368.25,2024-05-14,7,0.1069,22000.0,22650.0,18.2,42.82,61.02,2024-05-07 15:25:00,22304.5,EOD,26.64,30.2,56.84,4.18,271.7,260.0,80.0,1.98,-70.28
2024-05-08,LONG,2024-05-08 11:45:00,22313.9,2024-05-14,6,0.0992,22150.0,22650.0,42.93,19.95,62.88,2024-05-08 15:25:00,22306.75,EOD,44.76,18.98,63.74,-0.86,-55.9,260.0,80.0,2.04,-397.94
2024-05-09,SHORT,2024-05-09 10:20:00,22151.6,2024-05-14,5,0.0958,21900.0,22350.0,16.97,34.65,51.62,2024-05-09 15:25:00,21968.15,EOD,60.37,8.0,68.37,-16.75,-1088.75,260.0,80.0,1.68,-1430.43
2024-05-13,LONG,2024-05-13 13:50:00,22083.6,2024-05-14,1,0.1117,22050.0,22200.0,34.86,13.76,48.62,2024-05-13 15:25:00,22119.4,EOD,22.93,22.15,45.08,3.54,230.1,260.0,80.0,1.58,-111.48
2024-05-14,LONG,2024-05-14 11:15:00,22185.15,2024-05-21,7,0.1051,21950.0,22600.0,37.36,18.73,56.09,2024-05-14 15:25:00,22223.8,EOD,30.08,23.81,53.89,2.2,143.0,260.0,80.0,1.82,-198.82
2024-05-15,SHORT,2024-05-15 10:35:00,22159.95,2024-05-21,6,0.1077,21850.0,22400.0,20.94,43.72,64.66,2024-05-15 11:00:00,22248.59,SL,11.49,69.54,81.03,-16.37,-1064.05,260.0,80.0,2.1,-1406.15
2024-05-16,SHORT,2024-05-16 10:20:00,22178.4,2024-05-21,5,0.1073,21900.0,22400.0,19.87,38.59,58.46,2024-05-16 12:10:00,22267.11,SL,10.29,64.33,74.62,-16.16,-1050.4,260.0,80.0,1.9,-1392.3
2024-05-17,LONG,2024-05-17 10:30:00,22443.9,2024-05-21,4,0.1099,22300.0,22750.0,41.95,17.3,59.25,2024-05-17 15:25:00,22465.55,EOD,36.49,20.39,56.88,2.37,154.05,260.0,80.0,1.93,-187.88
2024-05-21,LONG,2024-05-21 11:25:00,22512.05,2024-05-28,7,0.1069,22250.0,22950.0,34.82,18.23,53.05,2024-05-21 15:25:00,22507.55,EOD,35.68,17.72,53.4,-0.35,-22.75,260.0,80.0,1.72,-364.47
2024-05-22,LONG,2024-05-22 12:15:00,22581.85,2024-05-28,6,0.0982,22400.0,22900.0,38.64,22.69,61.33,2024-05-22 15:25:00,22620.5,EOD,30.46,29.29,59.75,1.58,102.7,260.0,80.0,1.99,-239.29
2024-05-23,LONG,2024-05-23 10:20:00,22707.6,2024-05-28,5,0.099,22550.0,23000.0,38.9,20.95,59.85,2024-05-23 15:25:00,22951.0,EOD,6.16,92.54,98.7,-38.85,-2525.25,260.0,80.0,1.95,-2867.2
2024-05-24,LONG,2024-05-24 13:00:00,23013.55,2024-05-28,4,0.1207,22800.0,23350.0,35.16,20.41,55.57,2024-05-24 15:25:00,22952.0,EOD,50.18,13.2,63.38,-7.81,-507.65,260.0,80.0,1.81,-849.46
2024-05-28,SHORT,2024-05-28 12:30:00,22913.4,2024-06-04,7,0.1143,22500.0,23250.0,18.96,40.65,59.61,2024-05-28 15:25:00,22868.65,EOD,24.33,32.37,56.7,2.91,189.15,260.0,80.0,1.94,-152.79
2024-05-29,SHORT,2024-05-29 10:20:00,22724.75,2024-06-04,6,0.1099,22400.0,23000.0,21.92,40.19,62.11,2024-05-29 15:25:00,22705.8,EOD,24.6,36.18,60.78,1.33,86.45,260.0,80.0,2.02,-255.57
2024-05-30,SHORT,2024-05-30 11:20:00,22548.35,2024-06-04,5,0.1176,22200.0,22800.0,17.4,41.49,58.89,2024-05-30 15:25:00,22557.1,EOD,16.42,43.55,59.97,-1.08,-70.2,260.0,80.0,1.91,-412.11
2024-06-06,LONG,2024-06-06 10:20:00,22849.0,2024-06-11,5,0.3513,21650.0,24500.0,38.81,18.89,57.7,2024-06-06 11:45:00,22757.6,SL,47.59,14.84,62.43,-4.73,-307.45,260.0,80.0,1.88,-649.33
2024-06-07,LONG,2024-06-07 10:35:00,23042.55,2024-06-11,4,0.3512,22000.0,24450.0,39.4,20.6,60.0,2024-06-07 15:25:00,23270.05,EOD,21.92,37.75,59.67,0.33,21.45,260.0,80.0,1.95,-320.5
2024-06-11,LONG,2024-06-11 10:35:00,23344.75,2024-06-18,7,0.3608,21800.0,25500.0,41.72,20.06,61.78,2024-06-11 15:15:00,23251.37,SL,49.55,16.38,65.93,-4.15,-269.75,260.0,80.0,2.01,-611.76
2024-06-19,SHORT,2024-06-19 10:20:00,23467.35,2024-06-25,6,0.3547,21750.0,25050.0,19.02,39.37,58.39,2024-06-19 12:15:00,23561.22,SL,15.34,47.76,63.1,-4.71,-306.15,260.0,80.0,1.9,-648.05
2024-06-21,SHORT,2024-06-21 10:45:00,23510.55,2024-06-25,4,0.3479,22200.0,24650.0,19.58,41.63,61.21,2024-06-21 15:25:00,23453.15,EOD,22.87,36.03,58.9,2.31,150.15,260.0,80.0,1.99,-191.84
2024-06-24,LONG,2024-06-24 11:00:00,23505.85,2024-06-25,1,0.3488,23100.0,24050.0,37.97,22.25,60.22,2024-06-24 15:25:00,23548.65,EOD,31.41,27.31,58.72,1.5,97.5,260.0,80.0,1.96,-244.46
2024-06-26,LONG,2024-06-26 10:55:00,23764.3,2024-07-02,6,0.1552,23350.0,24450.0,43.87,18.52,62.39,2024-06-26 15:25:00,23840.25,EOD,32.31,26.07,58.38,4.01,260.65,260.0,80.0,2.03,-81.38
2024-06-27,LONG,2024-06-27 10:25:00,23970.8,2024-07-02,5,0.0928,23800.0,24250.0,34.61,22.49,57.1,2024-06-27 10:40:00,23874.92,SL,62.26,10.62,72.88,-15.78,-1025.7,260.0,80.0,1.86,-1367.56
2024-07-01,LONG,2024-07-01 11:25:00,24115.1,2024-07-02,1,0.0536,24100.0,24150.0,18.41,14.44,32.85,2024-07-01 15:25:00,24123.15,EOD,15.48,17.24,32.72,0.13,8.45,260.0,80.0,1.07,-332.62
2024-07-02,SHORT,2024-07-02 12:55:00,24070.2,2024-07-09,7,0.0528,23950.0,24150.0,19.09,48.17,67.26,2024-07-02 15:25:00,24117.8,EOD,11.44,69.26,80.7,-13.44,-873.6,260.0,80.0,2.19,-1215.79
2024-07-05,LONG,2024-07-05 11:35:00,24272.4,2024-07-09,4,0.0573,24250.0,24400.0,40.38,18.99,59.37,2024-07-05 15:25:00,24316.75,EOD,25.52,31.19,56.71,2.66,172.9,260.0,80.0,1.93,-169.03
2024-07-08,SHORT,2024-07-08 12:10:00,24252.65,2024-07-09,1,0.0578,24250.0,24250.0,25.93,32.9,58.83,2024-07-08 15:25:00,24331.05,EOD,4.47,89.83,94.3,-35.47,-2305.55,260.0,80.0,1.91,-2647.46
2024-07-09,LONG,2024-07-09 11:15:00,24388.5,2024-07-16,7,0.0585,24300.0,24600.0,33.16,19.53,52.69,2024-07-09 15:25:00,24417.25,EOD,26.0,25.34,51.34,1.35,87.75,260.0,80.0,1.71,-253.96
2024-07-10,SHORT,2024-07-10 10:20:00,24252.1,2024-07-16,6,0.0562,24150.0,24350.0,23.51,39.68,63.19,2024-07-10 15:25:00,24312.4,EOD,12.5,64.26,76.76,-13.57,-882.05,260.0,80.0,2.05,-1224.1
2024-07-11,SHORT,2024-07-11 10:55:00,24241.2,2024-07-16,5,0.064,24100.0,24350.0,18.21,37.17,55.38,2024-07-11 15:20:00,24338.16,SL,6.19,77.73,83.92,-28.54,-1855.1,260.0,80.0,1.8,-2196.9
2024-07-12,LONG,2024-07-12 10:50:00,24477.85,2024-07-16,4,0.061,24450.0,24600.0,42.28,23.63,65.91,2024-07-12 15:25:00,24512.4,EOD,30.41,33.65,64.06,1.85,120.25,260.0,80.0,2.14,-221.89
2024-07-15,LONG,2024-07-15 11:45:00,24602.1,2024-07-16,1,0.0646,24600.0,24650.0,30.07,15.92,45.99,2024-07-15 15:25:00,24588.35,EOD,36.96,12.16,49.12,-3.13,-203.45,260.0,80.0,1.49,-544.94
2024-07-16,LONG,2024-07-16 10:30:00,24652.25,2024-07-23,7,0.0608,24550.0,24900.0,32.6,16.09,48.69,2024-07-16 15:25:00,24601.1,EOD,48.0,9.76,57.76,-9.07,-589.55,260.0,80.0,1.58,-931.13
2024-07-18,LONG,2024-07-18 13:10:00,24711.6,2024-07-23,5,0.0587,24650.0,24850.0,33.89,25.01,58.9,2024-07-18 15:25:00,24779.35,EOD,17.31,46.45,63.76,-4.86,-315.9,260.0,80.0,1.91,-657.81
2024-07-19,SHORT,2024-07-19 10:45:00,24673.45,2024-07-23,4,0.0592,24550.0,24750.0,14.62,36.05,50.67,2024-07-19 15:25:00,24525.85,EOD,64.0,6.19,70.19,-19.52,-1268.8,260.0,80.0,1.65,-1610.45
2024-07-23,SHORT,2024-07-23 12:15:00,24283.2,2024-07-30,7,0.079,24050.0,24500.0,22.15,38.15,60.3,2024-07-23 12:40:00,24380.33,SL,10.55,67.85,78.4,-18.1,-1176.5,260.0,80.0,1.96,-1518.46
2024-07-24,SHORT,2024-07-24 12:15:00,24326.25,2024-07-30,6,0.0792,24100.0,24500.0,19.5,42.09,61.59,2024-07-24 14:30:00,24423.56,SL,8.67,75.93,84.6,-23.01,-1495.65,260.0,80.0,2.0,-1837.65
2024-07-26,LONG,2024-07-26 10:30:00,24603.65,2024-07-30,4,0.0762,24550.0,24800.0,47.68,19.5,67.18,2024-07-26 15:25:00,24851.75,EOD,4.35,118.45,122.8,-55.62,-3615.3,260.0,80.0,2.18,-3957.48
2024-07-29,LONG,2024-07-29 11:35:00,24983.85,2024-07-30,1,0.1053,24950.0,25100.0,37.87,16.33,54.2,2024-07-29 12:10:00,24883.91,SL,91.04,3.72,94.76,-40.56,-2636.4,260.0,80.0,1.76,-2978.16
2024-08-01,SHORT,2024-08-01 11:45:00,24990.65,2024-08-06,5,0.1014,24700.0,25250.0,21.85,36.15,58.0,2024-08-01 15:25:00,25006.0,EOD,19.74,39.57,59.31,-1.31,-85.15,260.0,80.0,1.89,-427.04
2024-08-05,SHORT,2024-08-05 10:45:00,24145.85,2024-08-06,1,0.1129,24050.0,24200.0,20.24,35.5,55.74,2024-08-05 15:25:00,24051.8,EOD,53.71,11.67,65.38,-9.64,-626.6,260.0,80.0,1.81,-968.41
2024-08-08,LONG,2024-08-08 12:10:00,24307.1,2024-08-13,5,0.1686,23850.0,25000.0,39.01,18.65,57.66,2024-08-08 12:55:00,24209.87,SL,56.54,11.75,68.29,-10.63,-690.95,260.0,80.0,1.87,-1032.82
2024-08-12,LONG,2024-08-12 10:40:00,24351.55,2024-08-13,1,0.1725,24250.0,24550.0,44.6,23.03,67.63,2024-08-12 15:25:00,24348.8,EOD,45.46,22.51,67.97,-0.34,-22.1,260.0,80.0,2.2,-364.3
2024-08-13,SHORT,2024-08-13 10:20:00,24298.25,2024-08-20,7,0.1725,23500.0,25000.0,18.69,37.3,55.99,2024-08-13 15:25:00,24141.2,EOD,33.29,20.98,54.27,1.72,111.8,260.0,80.0,1.82,-230.02
2024-08-20,LONG,2024-08-20 12:55:00,24729.4,2024-08-27,7,0.1739,24100.0,25650.0,38.57,19.19,57.76,2024-08-20 15:25:00,24672.85,EOD,46.41,15.42,61.83,-4.07,-264.55,260.0,80.0,1.88,-606.43
2024-08-21,LONG,2024-08-21 10:20:00,24743.9,2024-08-27,6,0.1756,24200.0,25550.0,42.93,21.85,64.78,2024-08-21 15:25:00,24781.9,EOD,37.6,25.33,62.93,1.85,120.25,260.0,80.0,2.11,-221.86
2024-08-27,LONG,2024-08-27 11:15:00,25061.25,2024-09-03,7,0.1129,24750.0,25600.0,40.58,18.75,59.33,2024-08-27 15:25:00,24997.05,EOD,54.1,13.11,67.21,-7.88,-512.2,260.0,80.0,1.93,-854.13
2024-08-28,LONG,2024-08-28 11:15:00,25065.65,2024-09-03,6,0.1108,24800.0,25550.0,40.72,17.37,58.09,2024-08-28 15:25:00,25044.85,EOD,45.11,15.33,60.44,-2.35,-152.75,260.0,80.0,1.89,-494.64
2024-08-29,LONG,2024-08-29 12:25:00,25142.9,2024-09-03,5,0.1018,24950.0,25500.0,41.08,20.31,61.39,2024-08-29 14:00:00,25042.33,SL,70.13,9.96,80.09,-18.7,-1215.5,260.0,80.0,2.0,-1557.5
2024-09-02,SHORT,2024-09-02 12:40:00,25276.8,2024-09-03,1,0.0856,25200.0,25300.0,15.64,36.46,52.1,2024-09-02 15:25:00,25273.9,EOD,16.34,35.21,51.55,0.55,35.75,260.0,80.0,1.69,-305.94
2024-09-04,LONG,2024-09-04 13:15:00,25175.8,2024-09-10,6,0.0685,25100.0,25400.0,46.03,22.76,68.79,2024-09-04 15:25:00,25206.35,EOD,37.01,29.1,66.11,2.68,174.2,260.0,80.0,2.24,-168.04
2024-09-05,SHORT,2024-09-05 10:25:00,25175.45,2024-09-10,5,0.0728,25000.0,25300.0,20.52,44.26,64.78,2024-09-05 15:25:00,25144.8,EOD,26.52,35.25,61.77,3.01,195.65,260.0,80.0,2.11,-146.46
2024-09-06,SHORT,2024-09-06 11:05:00,24876.65,2024-09-10,4,0.0441,24800.0,24900.0,13.21,43.03,56.24,2024-09-06 15:25:00,24868.5,EOD,14.96,39.22,54.18,2.06,133.9,260.0,80.0,1.83,-207.93
2024-09-09,LONG,2024-09-09 10:40:00,24888.85,2024-09-10,1,0.0722,24900.0,24950.0,40.98,15.83,56.81,2024-09-09 15:25:00,24942.25,EOD,18.75,35.98,54.73,2.08,135.2,260.0,80.0,1.85,-206.65
2024-09-10,LONG,2024-09-10 11:55:00,25024.55,2024-09-17,7,0.0705,24900.0,25300.0,38.61,20.74,59.35,2024-09-10 15:25:00,25052.1,EOD,31.93,25.59,57.52,1.83,118.95,260.0,80.0,1.93,-222.98
2024-09-17,LONG,2024-09-17 11:20:00,25428.35,2024-09-24,7,0.1055,25150.0,25900.0,41.47,22.25,63.72,2024-09-17 15:25:00,25407.15,EOD,45.85,19.78,65.63,-1.91,-124.15,260.0,80.0,2.07,-466.22
2024-09-18,LONG,2024-09-18 10:40:00,25466.5,2024-09-24,6,0.1055,25200.0,25900.0,37.23,20.77,58.0,2024-09-18 13:15:00,25364.63,SL,61.48,11.0,72.48,-14.48,-941.2,260.0,80.0,1.89,-1283.08
2024-09-19,SHORT,2024-09-19 11:25:00,25440.05,2024-09-24,5,0.1052,25100.0,25700.0,18.72,41.02,59.74,2024-09-19 15:25:00,25445.0,EOD,18.13,42.16,60.29,-0.55,-35.75,260.0,80.0,1.94,-377.69
2024-09-20,LONG,2024-09-20 10:35:00,25658.8,2024-09-24,4,0.1046,25500.0,26000.0,44.78,17.84,62.62,2024-09-20 13:35:00,25556.16,SL,78.19,8.12,86.31,-23.69,-1539.85,260.0,80.0,2.04,-1881.89
2024-09-25,SHORT,2024-09-25 11:50:00,25877.75,2024-10-01,6,0.1199,25400.0,26250.0,18.65,43.29,61.94,2024-09-25 15:00:00,25981.26,SL,10.52,67.7,78.22,-16.28,-1058.2,260.0,80.0,2.01,-1400.21
2024-09-26,LONG,2024-09-26 11:50:00,26081.55,2024-10-01,5,0.1184,25800.0,26550.0,39.66,19.59,59.25,2024-09-26 15:25:00,26184.65,EOD,23.15,34.31,57.46,1.79,116.35,260.0,80.0,1.93,-225.58
2024-09-27,SHORT,2024-09-27 12:50:00,26196.15,2024-10-01,4,0.1012,25900.0,26400.0,17.44,42.21,59.65,2024-09-27 15:25:00,26175.0,EOD,20.28,37.08,57.36,2.29,148.85,260.0,80.0,1.94,-193.09
2024-09-30,SHORT,2024-09-30 10:35:00,25953.9,2024-10-01,1,0.1036,25850.0,26000.0,17.71,37.87,55.58,2024-09-30 15:25:00,25822.8,EOD,67.9,7.43,75.33,-19.75,-1283.75,260.0,80.0,1.81,-1625.56
2024-10-01,SHORT,2024-10-01 10:30:00,25761.95,2024-10-08,7,0.1276,25200.0,26250.0,19.69,38.88,58.57,2024-10-01 15:25:00,25812.55,EOD,15.46,47.84,63.3,-4.73,-307.45,260.0,80.0,1.9,-649.35
2024-10-03,SHORT,2024-10-03 11:20:00,25427.9,2024-10-08,5,0.1242,25000.0,25750.0,19.37,44.33,63.7,2024-10-03 15:25:00,25266.0,EOD,44.73,18.98,63.71,-0.01,-0.65,260.0,80.0,2.07,-342.72
2024-10-04,LONG,2024-10-04 10:50:00,25336.8,2024-10-08,4,0.1384,25050.0,25800.0,41.25,20.74,61.99,2024-10-04 12:40:00,25235.45,SL,65.72,11.4,77.12,-15.13,-983.45,260.0,80.0,2.01,-1325.46
2024-10-07,SHORT,2024-10-07 10:35:00,24968.55,2024-10-08,1,0.1436,24800.0,25050.0,17.94,42.69,60.63,2024-10-07 15:25:00,24819.0,EOD,63.26,10.32,73.58,-12.95,-841.75,260.0,80.0,1.97,-1183.72
2024-10-08,LONG,2024-10-08 10:30:00,24918.6,2024-10-15,7,0.1469,24450.0,25650.0,42.28,20.55,62.83,2024-10-08 15:25:00,25039.5,EOD,26.42,33.81,60.23,2.6,169.0,260.0,80.0,2.04,-173.04
2024-10-09,LONG,2024-10-09 10:45:00,25205.35,2024-10-15,6,0.1531,24750.0,25900.0,42.13,21.37,63.5,2024-10-09 12:00:00,25104.53,SL,60.97,13.53,74.5,-11.0,-715.0,260.0,80.0,2.06,-1057.06
2024-10-11,SHORT,2024-10-11 11:20:00,24929.85,2024-10-15,4,0.1528,24450.0,25300.0,19.59,42.09,61.68,2024-10-11 15:25:00,24975.05,EOD,15.39,51.51,66.9,-5.22,-339.3,260.0,80.0,2.0,-681.3
2024-10-14,LONG,2024-10-14 11:45:00,25143.85,2024-10-15,1,0.1347,25050.0,25300.0,32.05,19.45,51.5,2024-10-14 15:25:00,25142.3,EOD,32.5,19.14,51.64,-0.14,-9.1,260.0,80.0,1.67,-350.77
2024-10-15,SHORT,2024-10-15 10:25:00,25033.2,2024-10-22,7,0.1357,24450.0,25550.0,20.22,37.98,58.2,2024-10-15 15:25:00,25065.15,EOD,17.46,43.22,60.68,-2.48,-161.2,260.0,80.0,1.89,-503.09
2024-10-16,SHORT,2024-10-16 11:15:00,24981.3,2024-10-22,6,0.1353,24450.0,25400.0,19.45,44.1,63.55,2024-10-16 15:25:00,24959.9,EOD,21.58,40.23,61.81,1.74,113.1,260.0,80.0,2.07,-228.97
2024-10-17,SHORT,2024-10-17 11:10:00,24790.95,2024-10-22,5,0.1334,24350.0,25150.0,21.22,41.79,63.01,2024-10-17 15:25:00,24750.2,EOD,26.23,34.38,60.61,2.4,156.0,260.0,80.0,2.05,-186.05
2024-10-22,SHORT,2024-10-22 10:25:00,24638.55,2024-10-29,7,0.1209,24150.0,25050.0,19.77,40.64,60.41,2024-10-22 11:10:00,24737.1,SL,11.74,61.94,73.68,-13.27,-862.55,260.0,80.0,1.96,-1204.51
2024-10-23,LONG,2024-10-23 11:00:00,24587.0,2024-10-29,6,0.1269,24250.0,25100.0,38.89,22.52,61.41,2024-10-23 14:10:00,24488.65,SL,59.82,13.25,73.07,-11.66,-757.9,260.0,80.0,2.0,-1099.9
2024-10-25,SHORT,2024-10-25 10:25:00,24211.45,2024-10-29,4,0.0927,24000.0,24350.0,20.32,45.51,65.83,2024-10-25 15:25:00,24211.8,EOD,20.26,45.61,65.87,-0.04,-2.6,260.0,80.0,2.14,-344.74
2024-10-28,LONG,2024-10-28 10:20:00,24389.25,2024-10-29,1,0.093,24400.0,24450.0,50.63,24.45,75.08,2024-10-28 15:25:00,24367.7,EOD,62.62,18.27,80.89,-5.81,-377.65,260.0,80.0,2.44,-720.09
2024-10-29,SHORT,2024-10-29 10:45:00,24156.2,2024-11-05,7,0.0885,23850.0,24400.0,18.54,41.24,59.78,2024-10-29 11:45:00,24252.82,SL,9.28,69.51,78.79,-19.01,-1235.65,260.0,80.0,1.94,-1577.59
2024-10-30,LONG,2024-10-30 11:20:00,24466.05,2024-11-05,6,0.0936,24300.0,24800.0,44.98,22.79,67.77,2024-10-30 13:40:00,24368.19,SL,75.41,11.45,86.86,-19.09,-1240.85,260.0,80.0,2.2,-1583.05
2024-10-31,SHORT,2024-10-31 12:15:00,24228.4,2024-11-05,5,0.0943,23950.0,24450.0,17.25,35.57,52.82,2024-10-31 15:25:00,24238.5,EOD,16.0,37.95,53.95,-1.13,-73.45,260.0,80.0,1.72,-415.17
2024-11-04,SHORT,2024-11-04 10:25:00,23934.35,2024-11-05,1,0.0917,23850.0,23950.0,14.45,40.35,54.8,2024-11-04 15:25:00,23990.95,EOD,5.62,71.98,77.6,-22.8,-1482.0,260.0,80.0,1.78,-1823.78
2024-11-05,SHORT,2024-11-05 11:35:00,23898.45,2024-11-12,7,0.1018,23550.0,24200.0,21.59,40.65,62.24,2024-11-05 13:25:00,23994.04,SL,11.92,65.29,77.21,-14.97,-973.05,260.0,80.0,2.02,-1315.07
2024-11-06,LONG,2024-11-06 11:50:00,24425.3,2024-11-12,6,0.114,24150.0,24900.0,39.12,18.47,57.59,2024-11-06 15:25:00,24493.9,EOD,27.4,27.21,54.61,2.98,193.7,260.0,80.0,1.87,-148.17
2024-11-07,SHORT,2024-11-07 10:25:00,24195.15,2024-11-12,5,0.1225,23800.0,24500.0,18.89,41.14,60.03,2024-11-07 15:25:00,24194.6,EOD,18.95,41.02,59.97,0.06,3.9,260.0,80.0,1.95,-338.05
2024-11-12,SHORT,2024-11-12 12:40:00,24050.05,2024-11-19,7,0.1187,23600.0,24450.0,20.87,38.05,58.92,2024-11-12 15:25:00,23842.95,EOD,55.81,12.92,68.73,-9.81,-637.65,260.0,80.0,1.91,-979.56
2024-11-13,SHORT,2024-11-13 12:45:00,23675.2,2024-11-19,6,0.1258,23250.0,24050.0,21.65,38.08,59.73,2024-11-13 15:25:00,23602.9,EOD,31.43,26.49,57.92,1.81,117.65,260.0,80.0,1.94,-224.29
2024-11-14,SHORT,2024-11-14 11:10:00,23490.9,2024-11-19,5,0.1357,23050.0,23850.0,18.75,37.83,56.58,2024-11-14 15:25:00,23559.6,EOD,12.63,52.43,65.06,-8.48,-551.2,260.0,80.0,1.84,-893.04
2024-11-18,SHORT,2024-11-18 10:45:00,23353.35,2024-11-19,1,0.1325,23250.0,23400.0,24.48,45.64,70.12,2024-11-18 11:45:00,23446.76,SL,8.35,93.43,101.78,-31.66,-2057.9,260.0,80.0,2.28,-2400.18
2024-11-22,LONG,2024-11-22 12:05:00,23639.65,2024-11-26,4,0.1252,23400.0,24000.0,35.04,21.44,56.48,2024-11-22 15:25:00,23873.5,EOD,7.5,77.98,85.48,-29.0,-1885.0,260.0,80.0,1.84,-2226.84
2024-11-25,LONG,2024-11-25 11:00:00,24340.5,2024-11-26,1,0.1675,24250.0,24550.0,45.83,19.35,65.18,2024-11-25 12:50:00,24243.14,SL,86.06,7.59,93.65,-28.47,-1850.55,260.0,80.0,2.12,-2192.67
2024-11-26,SHORT,2024-11-26 10:20:00,24167.55,2024-12-03,7,0.1767,23350.0,24850.0,18.77,42.21,60.98,2024-11-26 15:25:00,24192.95,EOD,17.04,45.92,62.96,-1.98,-128.7,260.0,80.0,1.98,-470.68
2024-11-28,SHORT,2024-11-28 10:35:00,24136.0,2024-12-03,5,0.1635,23550.0,24600.0,19.42,42.76,62.18,2024-11-28 15:25:00,23957.45,EOD,42.12,19.53,61.65,0.53,34.45,260.0,80.0,2.02,-307.57
2024-11-29,LONG,2024-11-29 10:30:00,24104.2,2024-12-03,4,0.1671,23750.0,24650.0,43.01,22.03,65.04,2024-11-29 15:25:00,24123.65,EOD,39.52,24.24,63.76,1.28,83.2,260.0,80.0,2.11,-258.91
2024-12-02,LONG,2024-12-02 12:25:00,24186.5,2024-12-03,1,0.1661,24100.0,24400.0,46.06,17.93,63.99,2024-12-02 15:25:00,24275.25,EOD,22.97,37.52,60.49,3.5,227.5,260.0,80.0,2.08,-114.58
2024-12-03,LONG,2024-12-03 10:25:00,24395.5,2024-12-10,7,0.1679,23800.0,25250.0,37.16,19.9,57.06,2024-12-03 15:25:00,24445.85,EOD,31.09,24.19,55.28,1.78,115.7,260.0,80.0,1.85,-226.15
2024-12-04,SHORT,2024-12-04 11:55:00,24414.0,2024-12-10,6,0.1704,23700.0,25000.0,18.96,41.92,60.88,2024-12-04 13:30:00,24511.66,SL,12.53,59.05,71.58,-10.7,-695.5,260.0,80.0,1.98,-1037.48
2024-12-10,SHORT,2024-12-10 12:15:00,24591.75,2024-12-17,7,0.1481,23950.0,25150.0,20.34,39.81,60.15,2024-12-10 15:25:00,24620.5,EOD,17.97,44.41,62.38,-2.23,-144.95,260.0,80.0,1.95,-486.9
2024-12-11,LONG,2024-12-11 10:25:00,24653.2,2024-12-17,6,0.149,24200.0,25300.0,36.87,21.71,58.58,2024-12-11 15:25:00,24629.5,EOD,40.56,19.48,60.04,-1.46,-94.9,260.0,80.0,1.9,-436.8
2024-12-12,SHORT,2024-12-12 10:55:00,24602.1,2024-12-17,5,0.1416,24100.0,25000.0,18.46,40.2,58.66,2024-12-12 15:25:00,24539.5,EOD,25.32,29.99,55.31,3.35,217.75,260.0,80.0,1.91,-124.16
2024-12-17,SHORT,2024-12-17 10:20:00,24428.9,2024-12-24,7,0.1075,24000.0,24750.0,17.35,44.49,61.84,2024-12-17 15:25:00,24319.35,EOD,31.6,25.28,56.88,4.96,322.4,260.0,80.0,2.01,-19.61
2024-12-18,SHORT,2024-12-18 10:55:00,24226.2,2024-12-24,6,0.1242,23800.0,24600.0,22.25,39.4,61.65,2024-12-18 15:25:00,24214.7,EOD,23.63,37.29,60.92,0.73,47.45,260.0,80.0,2.0,-294.55
2024-12-20,SHORT,2024-12-20 12:40:00,23801.35,2024-12-24,4,0.1099,23550.0,24000.0,23.38,42.0,65.38,2024-12-20 15:25:00,23631.35,EOD,66.22,12.93,79.15,-13.77,-895.05,260.0,80.0,2.12,-1237.17
2024-12-23,LONG,2024-12-23 10:55:00,23825.9,2024-12-24,1,0.122,23800.0,23950.0,46.76,18.79,65.55,2024-12-23 12:30:00,23730.6,SL,98.6,5.41,104.01,-38.46,-2499.9,260.0,80.0,2.13,-2842.03
2024-12-24,LONG,2024-12-24 10:25:00,23852.8,2024-12-31,7,0.1213,23500.0,24400.0,35.66,19.42,55.08,2024-12-24 13:40:00,23757.39,SL,54.57,11.47,66.04,-10.96,-712.4,260.0,80.0,1.79,-1054.19
2024-12-26,SHORT,2024-12-26 10:45:00,23713.1,2024-12-31,5,0.1209,23350.0,24000.0,20.53,41.5,62.03,2024-12-26 15:25:00,23760.3,EOD,15.36,52.79,68.15,-6.12,-397.8,260.0,80.0,2.02,-739.82
2024-12-30,LONG,2024-12-30 10:45:00,23840.5,2024-12-31,1,0.1115,23800.0,23950.0,35.92,18.13,54.05,2024-12-30 13:25:00,23745.14,SL,84.29,4.65,88.94,-34.89,-2267.85,260.0,80.0,1.76,-2609.61
2025-01-01,LONG,2025-01-01 10:45:00,23710.85,2025-01-07,6,0.1133,23450.0,24150.0,38.66,19.89,58.55,2025-01-01 15:25:00,23758.7,EOD,29.99,26.26,56.25,2.3,149.5,260.0,80.0,1.9,-192.4
2025-01-02,LONG,2025-01-02 10:20:00,23877.85,2025-01-07,5,0.1159,23650.0,24300.0,40.67,17.37,58.04,2025-01-02 15:25:00,24167.95,EOD,6.5,83.23,89.73,-31.69,-2059.85,260.0,80.0,1.89,-2401.74
2025-01-03,SHORT,2025-01-03 10:30:00,24024.7,2025-01-07,4,0.1465,23600.0,24350.0,20.11,42.26,62.37,2025-01-03 11:20:00,24120.8,SL,11.5,65.8,77.3,-14.93,-970.45,260.0,80.0,2.03,-1312.48
2025-01-08,SHORT,2025-01-08 10:20:00,23600.7,2025-01-14,6,0.1483,23050.0,24050.0,20.28,42.59,62.87,2025-01-08 14:10:00,23695.1,SL,12.79,62.06,74.85,-11.98,-778.7,260.0,80.0,2.04,-1120.74
2025-01-09,SHORT,2025-01-09 10:45:00,23554.4,2025-01-14,5,0.1473,23050.0,23950.0,18.02,40.06,58.08,2025-01-09 15:25:00,23557.2,EOD,17.76,40.58,58.34,-0.26,-16.9,260.0,80.0,1.89,-358.79
2025-01-15,LONG,2025-01-15 10:45:00,23291.05,2025-01-21,6,0.1408,22950.0,23850.0,43.71,21.29,65.0,2025-01-15 13:15:00,23197.89,SL,64.18,13.1,77.28,-12.28,-798.2,260.0,80.0,2.11,-1140.31
2025-01-17,SHORT,2025-01-17 10:45:00,23147.2,2025-01-21,4,0.1421,22750.0,23450.0,18.7,39.79,58.49,2025-01-17 12:15:00,23239.79,SL,10.49,62.72,73.21,-14.72,-956.8,260.0,80.0,1.9,-1298.7
2025-01-20,LONG,2025-01-20 11:15:00,23322.45,2025-01-21,1,0.1406,23250.0,23450.0,36.79,23.9,60.69,2025-01-20 15:25:00,23337.05,EOD,32.25,27.57,59.82,0.87,56.55,260.0,80.0,1.97,-285.42
2025-01-21,SHORT,2025-01-21 10:20:00,23142.75,2025-01-28,7,0.1441,22550.0,23650.0,18.12,37.11,55.23,2025-01-21 11:45:00,23235.32,SL,11.57,53.84,65.41,-10.18,-661.7,260.0,80.0,1.79,-1003.49
2025-01-23,LONG,2025-01-23 10:20:00,23235.9,2025-01-28,5,0.125,23000.0,23650.0,43.7,21.43,65.13,2025-01-23 15:25:00,23216.3,EOD,48.22,19.05,67.27,-2.14,-139.1,260.0,80.0,2.12,-481.22
2025-01-24,LONG,2025-01-24 11:40:00,23321.75,2025-01-28,4,0.125,23100.0,23700.0,37.53,18.17,55.7,2025-01-24 12:40:00,23228.46,SL,62.03,9.4,71.43,-15.73,-1022.45,260.0,80.0,1.81,-1364.26
2025-01-27,SHORT,2025-01-27 10:25:00,22853.9,2025-01-28,1,0.1087,22750.0,22900.0,14.74,33.61,48.35,2025-01-27 15:25:00,22816.85,EOD,23.82,21.66,45.48,2.87,186.55,260.0,80.0,1.57,-155.02
2025-01-28,LONG,2025-01-28 11:35:00,22997.55,2025-02-04,7,0.1131,22700.0,23450.0,35.22,21.95,57.17,2025-01-28 15:25:00,22976.3,EOD,39.19,19.44,58.63,-1.46,-94.9,260.0,80.0,1.86,-436.76
2025-01-29,LONG,2025-01-29 10:20:00,23100.05,2025-02-04,6,0.1183,22850.0,23550.0,42.79,19.8,62.59,2025-01-29 11:20:00,23007.65,SL,66.27,11.19,77.46,-14.87,-966.55,260.0,80.0,2.03,-1308.58
2025-01-31,LONG,2025-01-31 10:30:00,23409.55,2025-02-04,4,0.1259,23200.0,23800.0,41.27,17.43,58.7,2025-01-31 15:25:00,23533.85,EOD,19.6,37.56,57.16,1.54,100.1,260.0,80.0,1.91,-241.81
2025-02-01,LONG,2025-02-01 11:20:00,23599.9,2025-02-04,3,0.1166,23450.0,23850.0,38.39,23.08,61.47,2025-02-01 11:50:00,23505.5,SL,68.64,10.77,79.41,-17.94,-1166.1,260.0,80.0,2.0,-1508.1
2025-02-03,LONG,2025-02-03 13:05:00,23351.55,2025-02-04,1,0.1163,23300.0,23450.0,33.11,21.71,54.82,2025-02-03 15:25:00,23359.7,EOD,30.38,23.87,54.25,0.57,37.05,260.0,80.0,1.78,-304.73
2025-02-06,SHORT,2025-02-06 11:05:00,23617.5,2025-02-11,5,0.1339,23200.0,23950.0,20.77,42.05,62.82,2025-02-06 15:25:00,23628.05,EOD,19.59,44.24,63.83,-1.01,-65.65,260.0,80.0,2.04,-407.69
2025-02-10,SHORT,2025-02-10 12:05:00,23349.5,2025-02-11,1,0.1173,23250.0,23400.0,19.6,37.03,56.63,2025-02-10 15:25:00,23376.05,EOD,14.12,47.93,62.05,-5.42,-352.3,260.0,80.0,1.84,-694.14
2025-02-11,SHORT,2025-02-11 10:40:00,23259.3,2025-02-18,7,0.1219,22800.0,23650.0,19.42,38.79,58.21,2025-02-11 15:25:00,23070.5,EOD,48.79,14.58,63.37,-5.16,-335.4,260.0,80.0,1.89,-677.29
2025-02-12,LONG,2025-02-12 13:10:00,23103.05,2025-02-18,6,0.1353,22750.0,23650.0,36.41,18.94,55.35,2025-02-12 13:55:00,23010.64,SL,54.92,11.36,66.28,-10.93,-710.45,260.0,80.0,1.8,-1052.25
2025-02-13,LONG,2025-02-13 10:35:00,23202.9,2025-02-18,5,0.1338,22900.0,23650.0,36.5,22.23,58.73,2025-02-13 13:30:00,23110.09,SL,56.87,12.9,69.77,-11.04,-717.6,260.0,80.0,1.91,-1059.51
2025-02-14,SHORT,2025-02-14 10:35:00,22951.75,2025-02-18,4,0.1235,22650.0,23200.0,21.1,37.35,58.45,2025-02-14 15:25:00,22897.25,EOD,29.86,26.74,56.6,1.85,120.25,260.0,80.0,1.9,-221.65
2025-02-17,LONG,2025-02-17 10:40:00,22916.15,2025-02-18,1,0.1231,22900.0,23050.0,49.3,15.52,64.82,2025-02-17 11:10:00,22824.49,SL,101.24,4.34,105.58,-40.76,-2649.4,260.0,80.0,2.11,-2991.51
2025-02-18,SHORT,2025-02-18 10:20:00,22842.5,2025-02-25,7,0.1163,22450.0,23200.0,22.48,38.12,60.6,2025-02-18 13:40:00,22933.87,SL,13.35,58.75,72.1,-11.5,-747.5,260.0,80.0,1.97,-1089.47
2025-02-19,LONG,2025-02-19 10:20:00,23036.45,2025-02-25,6,0.1146,22800.0,23450.0,42.27,21.7,63.97,2025-02-19 10:55:00,22944.3,SL,66.21,12.19,78.4,-14.43,-937.95,260.0,80.0,2.08,-1280.03
2025-02-21,SHORT,2025-02-21 13:35:00,22726.95,2025-02-25,4,0.1008,22500.0,22900.0,19.17,37.3,56.47,2025-02-21 15:25:00,22764.35,EOD,14.11,47.96,62.07,-5.6,-364.0,260.0,80.0,1.84,-705.84
2025-02-24,SHORT,2025-02-24 10:20:00,22552.7,2025-02-25,1,0.1008,22500.0,22550.0,24.34,50.88,75.22,2025-02-24 15:25:00,22548.85,EOD,25.58,48.89,74.47,0.75,48.75,260.0,80.0,2.44,-293.69
2025-02-27,SHORT,2025-02-27 10:20:00,22528.2,2025-03-04,5,0.0687,22400.0,22650.0,20.93,32.68,53.61,2025-02-27 15:25:00,22510.85,EOD,24.73,27.94,52.67,0.94,61.1,260.0,80.0,1.74,-280.64
2025-02-28,SHORT,2025-02-28 12:05:00,22217.5,2025-03-04,4,0.0702,22100.0,22300.0,18.93,37.26,56.19,2025-02-28 15:25:00,22127.4,EOD,45.5,14.65,60.15,-3.96,-257.4,260.0,80.0,1.83,-599.23
2025-03-05,LONG,2025-03-05 10:30:00,22267.6,2025-03-11,6,0.0864,22150.0,22550.0,43.25,19.12,62.37,2025-03-05 15:25:00,22346.65,EOD,25.01,34.27,59.28,3.09,200.85,260.0,80.0,2.03,-141.18
2025-03-06,LONG,2025-03-06 13:45:00,22505.4,2025-03-11,5,0.1063,22350.0,22850.0,44.91,17.53,62.44,2025-03-06 15:25:00,22529.2,EOD,38.98,20.75,59.73,2.71,176.15,260.0,80.0,2.03,-165.88
2025-03-12,SHORT,2025-03-12 10:50:00,22406.5,2025-03-18,6,0.1171,22050.0,22700.0,21.18,41.02,62.2,2025-03-12 15:25:00,22468.5,EOD,14.48,56.12,70.6,-8.4,-546.0,260.0,80.0,2.02,-888.02
2025-03-13,SHORT,2025-03-13 11:35:00,22432.65,2025-03-18,5,0.1171,22100.0,22700.0,18.74,37.17,55.91,2025-03-13 15:25:00,22383.3,EOD,25.64,27.72,53.36,2.55,165.75,260.0,80.0,1.82,-176.07
2025-03-18,LONG,2025-03-18 10:25:00,22763.85,2025-03-25,7,0.1192,22450.0,23250.0,36.37,21.12,57.49,2025-03-18 15:25:00,22848.75,EOD,23.6,32.99,56.59,0.9,58.5,260.0,80.0,1.87,-283.37
2025-03-20,LONG,2025-03-20 12:10:00,23072.55,2025-03-25,5,0.1268,22800.0,23500.0,36.68,20.3,56.98,2025-03-20 15:25:00,23165.7,EOD,21.92,34.39,56.31,0.67,43.55,260.0,80.0,1.85,-298.3
2025-03-21,LONG,2025-03-21 10:25:00,23299.45,2025-03-25,4,0.135,23050.0,23700.0,38.56,20.4,58.96,2025-03-21 15:25:00,23355.65,EOD,28.26,28.51,56.77,2.19,142.35,260.0,80.0,1.92,-199.57
2025-03-24,LONG,2025-03-24 10:30:00,23560.0,2025-03-25,1,0.0968,23550.0,23650.0,40.83,16.57,57.4,2025-03-24 15:25:00,23674.15,EOD,8.65,63.32,71.97,-14.57,-947.05,260.0,80.0,1.87,-1288.92
2025-03-25,SHORT,2025-03-25 11:25:00,23662.8,2025-04-01,7,0.1022,23300.0,23950.0,19.43,43.11,62.54,2025-03-25 15:25:00,23605.95,EOD,27.14,31.72,58.86,3.68,239.2,260.0,80.0,2.03,-102.83
2025-03-26,SHORT,2025-03-26 11:55:00,23589.15,2025-04-01,6,0.1,23300.0,23850.0,22.96,38.23,61.19,2025-03-26 15:25:00,23464.3,EOD,48.03,17.43,65.46,-4.27,-277.55,260.0,80.0,1.99,-619.54
2025-03-28,LONG,2025-03-28 10:45:00,23643.3,2025-04-01,4,0.1056,23500.0,23950.0,42.89,17.98,60.87,2025-03-28 12:20:00,23548.73,SL,74.22,8.33,82.55,-21.68,-1409.2,260.0,80.0,1.98,-1751.18
2025-04-01,SHORT,2025-04-01 10:25:00,23307.2,2025-04-08,7,0.1084,22900.0,23650.0,17.25,36.02,53.27,2025-04-01 15:25:00,23179.7,EOD,35.21,17.56,52.77,0.5,32.5,260.0,80.0,1.73,-309.23
2025-04-02,LONG,2025-04-02 10:50:00,23293.7,2025-04-08,6,0.1303,23000.0,23800.0,44.58,21.04,65.62,2025-04-02 15:25:00,23330.8,EOD,37.54,25.55,63.09,2.53,164.45,260.0,80.0,2.13,-177.68
2025-04-11,LONG,2025-04-11 11:35:00,22888.0,2025-04-15,4,0.2132,22400.0,23600.0,42.29,21.64,63.93,2025-04-11 14:00:00,22796.45,SL,58.71,14.48,73.19,-9.26,-601.9,260.0,80.0,2.08,-943.98
2025-04-16,LONG,2025-04-16 13:55:00,23380.7,2025-04-22,6,0.2417,22550.0,24550.0,39.73,19.81,59.54,2025-04-16 15:25:00,23433.3,EOD,34.2,23.41,57.61,1.93,125.45,260.0,80.0,1.94,-216.49
2025-04-17,LONG,2025-04-17 10:45:00,23440.15,2025-04-22,5,0.2353,22750.0,24450.0,42.14,19.35,61.49,2025-04-17 15:25:00,23837.75,EOD,10.94,68.17,79.11,-17.62,-1145.3,260.0,80.0,2.0,-1487.3
2025-04-21,LONG,2025-04-21 10:40:00,24067.65,2025-04-22,1,0.2477,23850.0,24450.0,43.31,17.58,60.89,2025-04-21 15:25:00,24121.2,EOD,32.06,24.75,56.81,4.08,265.2,260.0,80.0,1.98,-76.78
2025-04-22,LONG,2025-04-22 10:20:00,24203.35,2025-04-29,7,0.2486,23200.0,25600.0,39.91,20.24,60.15,2025-04-22 15:25:00,24134.05,EOD,47.34,16.57,63.91,-3.76,-244.4,260.0,80.0,1.95,-586.35
2025-04-23,SHORT,2025-04-23 10:45:00,24146.1,2025-04-29,6,0.2484,23000.0,25150.0,19.12,40.04,59.16,2025-04-23 11:45:00,24242.68,SL,14.22,51.8,66.02,-6.86,-445.9,260.0,80.0,1.92,-787.82
2025-04-25,SHORT,2025-04-25 10:25:00,23927.5,2025-04-29,4,0.2368,23100.0,24600.0,19.17,42.11,61.28,2025-04-25 12:55:00,24023.21,SL,13.26,57.4,70.66,-9.38,-609.7,260.0,80.0,1.99,-951.69
2025-05-02,SHORT,2025-05-02 12:15:00,24294.15,2025-05-06,4,0.1561,23800.0,24650.0,17.86,44.29,62.15,2025-05-02 13:30:00,24391.33,SL,10.4,67.38,77.78,-15.63,-1015.95,260.0,80.0,2.02,-1357.97
2025-05-05,LONG,2025-05-05 10:40:00,24522.65,2025-05-06,1,0.151,24450.0,24700.0,44.71,19.91,64.62,2025-05-05 11:50:00,24424.56,SL,88.03,7.17,95.2,-30.58,-1987.7,260.0,80.0,2.1,-2329.8
2025-05-08,SHORT,2025-05-08 13:20:00,24355.55,2025-05-13,5,0.1099,24000.0,24600.0,16.97,44.38,61.35,2025-05-08 15:25:00,24154.1,EOD,55.05,12.72,67.77,-6.42,-417.3,260.0,80.0,1.99,-759.29
2025-05-12,LONG,2025-05-12 12:30:00,24786.3,2025-05-13,1,0.1072,24750.0,24900.0,37.46,17.24,54.7,2025-05-12 15:25:00,24920.25,EOD,7.0,68.98,75.98,-21.28,-1383.2,260.0,80.0,1.78,-1724.98
2025-05-13,SHORT,2025-05-13 10:25:00,24658.2,2025-05-20,7,0.1865,23750.0,25450.0,18.25,38.13,56.38,2025-05-13 10:50:00,24756.83,SL,12.73,51.85,64.58,-8.2,-533.0,260.0,80.0,1.83,-874.83
2025-05-15,LONG,2025-05-15 10:35:00,24738.95,2025-05-20,5,0.1978,24150.0,25600.0,40.41,19.55,59.96,2025-05-15 11:10:00,24639.99,SL,56.03,13.1,69.13,-9.17,-596.05,260.0,80.0,1.95,-938.0
2025-05-16,SHORT,2025-05-16 11:05:00,24956.5,2025-05-20,4,0.2062,24250.0,25550.0,21.1,40.8,61.9,2025-05-16 15:25:00,25013.1,EOD,16.75,49.89,66.64,-4.74,-308.1,260.0,80.0,2.01,-650.11
2025-05-20,SHORT,2025-05-20 11:50:00,24858.3,2025-05-27,7,0.198,23900.0,25700.0,20.52,41.4,61.92,2025-05-20 15:25:00,24713.85,EOD,32.54,26.38,58.92,3.0,195.0,260.0,80.0,2.01,-147.01
2025-05-21,LONG,2025-05-21 10:20:00,24905.95,2025-05-27,6,0.2048,24200.0,25950.0,41.18,18.55,59.73,2025-05-21 12:00:00,24806.33,SL,55.32,12.91,68.23,-8.5,-552.5,260.0,80.0,1.94,-894.44
2025-05-23,LONG,2025-05-23 10:45:00,24878.85,2025-05-27,4,0.2095,24300.0,25700.0,36.59,18.28,54.87,2025-05-23 15:25:00,24845.15,EOD,41.27,15.89,57.16,-2.29,-148.85,260.0,80.0,1.78,-490.63
2025-05-27,LONG,2025-05-27 11:25:00,25013.65,2025-06-03,7,0.2124,24150.0,26200.0,37.55,20.45,58.0,2025-05-27 11:45:00,24913.6,SL,49.41,14.8,64.21,-6.21,-403.65,260.0,80.0,1.89,-745.53
2025-05-29,SHORT,2025-05-29 10:35:00,24750.25,2025-06-03,5,0.2143,23900.0,25500.0,20.94,38.74,59.68,2025-05-29 15:10:00,24849.25,SL,14.58,53.03,67.61,-7.93,-515.45,260.0,80.0,1.94,-857.39
2025-06-02,LONG,2025-06-02 12:30:00,24719.8,2025-06-03,1,0.1312,24650.0,24850.0,36.91,22.76,59.67,2025-06-02 15:25:00,24690.35,EOD,47.57,16.7,64.27,-4.6,-299.0,260.0,80.0,1.94,-640.94
2025-06-03,SHORT,2025-06-03 11:10:00,24590.2,2025-06-10,7,0.1161,24150.0,25000.0,21.94,36.46,58.4,2025-06-03 15:25:00,24538.4,EOD,28.5,28.33,56.83,1.57,102.05,260.0,80.0,1.9,-239.85
2025-06-04,LONG,2025-06-04 13:00:00,24613.9,2025-06-10,6,0.1192,24300.0,25100.0,36.86,20.88,57.74,2025-06-04 15:25:00,24612.0,EOD,37.2,20.67,57.87,-0.13,-8.45,260.0,80.0,1.88,-350.33
2025-06-05,LONG,2025-06-05 12:00:00,24798.95,2025-06-10,5,0.0954,24650.0,25100.0,45.12,23.17,68.29,2025-06-05 14:00:00,24699.75,SL,77.74,11.13,88.87,-20.58,-1337.7,260.0,80.0,2.22,-1679.92
2025-06-06,LONG,2025-06-06 10:25:00,24834.6,2025-06-10,4,0.0993,24700.0,25100.0,44.06,23.6,67.66,2025-06-06 15:25:00,25000.3,EOD,13.61,68.06,81.67,-14.01,-910.65,260.0,80.0,2.2,-1252.85
2025-06-11,LONG,2025-06-11 10:40:00,25173.75,2025-06-17,6,0.0964,24950.0,25550.0,36.61,20.89,57.5,2025-06-11 15:25:00,25126.8,EOD,47.41,15.33,62.74,-5.24,-340.6,260.0,80.0,1.87,-682.47
2025-06-12,SHORT,2025-06-12 10:40:00,25044.65,2025-06-17,5,0.087,24800.0,25250.0,19.13,35.67,54.8,2025-06-12 15:25:00,24856.0,EOD,66.54,8.23,74.77,-19.97,-1298.05,260.0,80.0,1.78,-1639.83
2025-06-16,LONG,2025-06-16 10:25:00,24825.95,2025-06-17,1,0.0914,24800.0,24900.0,33.71,20.54,54.25,2025-06-16 15:25:00,24940.95,EOD,6.38,73.65,80.03,-25.78,-1675.7,260.0,80.0,1.76,-2017.46
2025-06-17,SHORT,2025-06-17 12:40:00,24844.1,2025-06-24,7,0.0958,24500.0,25150.0,20.5,37.87,58.37,2025-06-17 15:25:00,24841.5,EOD,20.83,37.33,58.16,0.21,13.65,260.0,80.0,1.9,-328.25
2025-06-18,SHORT,2025-06-18 11:30:00,24773.1,2025-06-24,6,0.0964,24450.0,25050.0,18.9,36.12,55.02,2025-06-18 15:25:00,24798.75,EOD,15.94,41.81,57.75,-2.73,-177.45,260.0,80.0,1.79,-519.24
2025-06-20,LONG,2025-06-20 10:20:00,24978.95,2025-06-24,4,0.0946,24850.0,25250.0,41.94,20.0,61.94,2025-06-20 15:25:00,25079.75,EOD,20.52,41.23,61.75,0.19,12.35,260.0,80.0,2.01,-329.66
2025-06-24,LONG,2025-06-24 11:05:00,25264.15,2025-07-01,7,0.1063,25000.0,25750.0,44.58,20.68,65.26,2025-06-24 12:40:00,25163.09,SL,70.06,11.46,81.52,-16.26,-1056.9,260.0,80.0,2.12,-1399.02
2025-06-25,LONG,2025-06-25 10:35:00,25214.05,2025-07-01,6,0.1062,24950.0,25650.0,37.47,20.24,57.71,2025-06-25 15:25:00,25236.35,EOD,33.31,23.07,56.38,1.33,86.45,260.0,80.0,1.88,-255.43
2025-06-26,LONG,2025-06-26 13:40:00,25442.05,2025-07-01,5,0.1088,25200.0,25850.0,37.36,19.11,56.47,2025-06-26 15:25:00,25530.4,EOD,22.48,32.43,54.91,1.56,101.4,260.0,80.0,1.84,-240.44
2025-06-27,LONG,2025-06-27 12:15:00,25628.4,2025-07-01,4,0.1119,25400.0,26000.0,34.37,18.11,52.48,2025-06-27 15:25:00,25632.45,EOD,33.55,18.61,52.16,0.32,20.8,260.0,80.0,1.71,-320.91
2025-06-30,SHORT,2025-06-30 10:45:00,25541.1,2025-07-01,1,0.1117,25450.0,25600.0,23.49,36.37,59.86,2025-06-30 15:25:00,25507.45,EOD,33.51,25.66,59.17,0.69,44.85,260.0,80.0,1.95,-297.1
2025-07-02,SHORT,2025-07-02 10:40:00,25491.75,2025-07-08,6,0.1147,25050.0,25850.0,18.35,39.57,57.92,2025-07-02 15:25:00,25442.85,EOD,23.95,31.0,54.95,2.97,193.05,260.0,80.0,1.88,-148.83
2025-07-03,LONG,2025-07-03 11:05:00,25561.8,2025-07-08,5,0.1051,25350.0,25950.0,41.16,19.56,60.72,2025-07-03 14:25:00,25459.55,SL,69.57,9.73,79.3,-18.58,-1207.7,260.0,80.0,1.97,-1549.67
2025-07-04,SHORT,2025-07-04 11:40:00,25360.65,2025-07-08,4,0.0994,25100.0,25550.0,19.41,41.35,60.76,2025-07-04 14:45:00,25462.09,SL,8.71,74.58,83.29,-22.53,-1464.45,260.0,80.0,1.97,-1806.42
2025-07-10,SHORT,2025-07-10 10:50:00,25389.05,2025-07-15,5,0.0905,25150.0,25600.0,23.28,38.75,62.03,2025-07-10 15:25:00,25348.15,EOD,30.74,29.7,60.44,1.59,103.35,260.0,80.0,2.02,-238.67
2025-07-11,SHORT,2025-07-11 10:30:00,25219.9,2025-07-15,4,0.0797,25050.0,25350.0,21.22,39.71,60.93,2025-07-11 15:25:00,25140.55,EOD,40.25,20.79,61.04,-0.11,-7.15,260.0,80.0,1.98,-349.13
2025-07-14,SHORT,2025-07-14 11:25:00,25036.35,2025-07-15,1,0.0842,25000.0,25050.0,26.54,39.56,66.1,2025-07-14 15:25:00,25087.1,EOD,12.57,67.91,80.48,-14.38,-934.7,260.0,80.0,2.15,-1276.85
2025-07-15,LONG,2025-07-15 10:35:00,25156.9,2025-07-22,7,0.0844,24950.0,25500.0,34.38,22.3,56.68,2025-07-15 15:25:00,25219.65,EOD,23.22,33.23,56.45,0.23,14.95,260.0,80.0,1.84,-326.89
2025-07-16,SHORT,2025-07-16 10:40:00,25127.05,2025-07-22,6,0.0793,24900.0,25300.0,21.26,45.39,66.65,2025-07-16 12:45:00,25227.56,SL,9.53,81.3,90.83,-24.18,-1571.7,260.0,80.0,2.17,-1913.87
2025-07-18,SHORT,2025-07-18 10:25:00,24952.55,2025-07-22,4,0.0548,24850.0,25000.0,15.91,43.51,59.42,2025-07-18 15:25:00,24967.45,EOD,13.15,50.06,63.21,-3.79,-246.35,260.0,80.0,1.93,-588.28
2025-07-21,LONG,2025-07-21 11:05:00,25074.95,2025-07-22,1,0.0561,25050.0,25100.0,16.94,20.21,37.15,2025-07-21 15:25:00,25093.3,EOD,11.44,28.27,39.71,-2.56,-166.4,260.0,80.0,1.21,-507.61
2025-07-22,SHORT,2025-07-22 11:05:00,25056.05,2025-07-29,7,0.0617,24900.0,25200.0,22.29,40.78,63.07,2025-07-22 15:25:00,25064.9,EOD,20.67,43.51,64.18,-1.11,-72.15,260.0,80.0,2.05,-414.2
2025-07-23,LONG,2025-07-23 12:00:00,25152.4,2025-07-29,6,0.0608,25100.0,25350.0,44.84,21.02,65.86,2025-07-23 15:25:00,25209.2,EOD,28.32,34.49,62.81,3.05,198.25,260.0,80.0,2.14,-143.89
2025-07-24,SHORT,2025-07-24 11:10:00,25148.45,2025-07-29,5,0.0683,25000.0,25250.0,21.97,46.92,68.89,2025-07-24 15:25:00,25051.9,EOD,48.14,21.18,69.32,-0.43,-27.95,260.0,80.0,2.24,-370.19
2025-07-28,SHORT,2025-07-28 13:00:00,24707.3,2025-07-29,1,0.0783,24650.0,24700.0,16.8,46.52,63.32,2025-07-28 15:25:00,24673.95,EOD,27.74,30.47,58.21,5.11,332.15,260.0,80.0,2.06,-9.91
2025-07-29,LONG,2025-07-29 13:05:00,24728.0,2025-08-05,7,0.0781,24600.0,25050.0,45.27,19.13,64.4,2025-07-29 15:25:00,24830.4,EOD,23.2,38.54,61.74,2.66,172.9,260.0,80.0,2.09,-169.19
2025-07-31,LONG,2025-07-31 11:20:00,24787.95,2025-08-05,5,0.0852,24650.0,25050.0,38.32,22.08,60.4,2025-07-31 15:25:00,24765.6,EOD,44.39,18.56,62.95,-2.55,-165.75,260.0,80.0,1.96,-507.71
2025-08-04,LONG,2025-08-04 11:20:00,24676.4,2025-08-05,1,0.0856,24650.0,24750.0,30.4,17.94,48.34,2025-08-04 15:25:00,24726.9,EOD,14.9,35.51,50.41,-2.07,-134.55,260.0,80.0,1.57,-476.12
2025-08-06,SHORT,2025-08-06 10:35:00,24569.1,2025-08-12,6,0.0882,24300.0,24800.0,20.18,37.73,57.91,2025-08-06 15:25:00,24569.6,EOD,20.11,37.84,57.95,-0.04,-2.6,260.0,80.0,1.88,-344.48
2025-08-07,SHORT,2025-08-07 10:25:00,24450.15,2025-08-12,5,0.0878,24200.0,24650.0,17.59,35.72,53.31,2025-08-07 15:00:00,24547.95,SL,7.76,65.8,73.56,-20.25,-1316.25,260.0,80.0,1.73,-1657.98
2025-08-08,SHORT,2025-08-08 10:35:00,24434.5,2025-08-12,4,0.0862,24250.0,24600.0,21.3,33.29,54.59,2025-08-08 15:25:00,24350.85,EOD,40.79,16.74,57.53,-2.94,-191.1,260.0,80.0,1.77,-532.87
2025-08-11,LONG,2025-08-11 10:25:00,24441.35,2025-08-12,1,0.0885,24450.0,24500.0,47.37,23.18,70.55,2025-08-11 15:25:00,24562.15,EOD,9.0,86.15,95.15,-24.6,-1599.0,260.0,80.0,2.29,-1941.29
2025-08-13,LONG,2025-08-13 12:30:00,24614.4,2025-08-19,6,0.0945,24400.0,25000.0,35.02,17.03,52.05,2025-08-13 15:25:00,24630.4,EOD,31.83,18.99,50.82,1.23,79.95,260.0,80.0,1.69,-261.74
2025-08-19,LONG,2025-08-19 11:05:00,24939.15,2025-08-26,7,0.097,24700.0,25350.0,39.32,22.09,61.41,2025-08-19 15:25:00,24989.7,EOD,29.9,29.62,59.52,1.89,122.85,260.0,80.0,2.0,-219.15
2025-08-20,LONG,2025-08-20 10:30:00,25002.75,2025-08-26,6,0.0956,24800.0,25400.0,39.96,17.39,57.35,2025-08-20 15:25:00,25047.15,EOD,30.92,23.23,54.15,3.2,208.0,260.0,80.0,1.86,-133.86
2025-08-22,SHORT,2025-08-22 10:20:00,24920.5,2025-08-26,4,0.0943,24700.0,25100.0,21.5,38.05,59.55,2025-08-22 15:25:00,24869.45,EOD,31.29,26.52,57.81,1.74,113.1,260.0,80.0,1.94,-228.84
2025-08-25,LONG,2025-08-25 12:10:00,24974.7,2025-08-26,1,0.0949,24950.0,25050.0,36.27,22.0,58.27,2025-08-25 15:25:00,24978.55,EOD,34.73,23.12,57.85,0.42,27.3,260.0,80.0,1.89,-314.59
2025-08-29,LONG,2025-08-29 11:45:00,24569.8,2025-09-02,4,0.1088,24400.0,24900.0,41.83,18.99,60.82,2025-08-29 14:25:00,24471.52,SL,72.21,9.0,81.21,-20.39,-1325.35,260.0,80.0,1.98,-1667.33
2025-09-01,LONG,2025-09-01 12:25:00,24571.6,2025-09-02,1,0.1093,24550.0,24700.0,44.04,14.7,58.74,2025-09-01 15:25:00,24624.3,EOD,25.35,27.69,53.04,5.7,370.5,260.0,80.0,1.91,28.59
2025-09-02,LONG,2025-09-02 12:35:00,24752.55,2025-09-09,7,0.1067,24450.0,25250.0,35.34,18.18,53.52,2025-09-02 13:40:00,24653.54,SL,56.71,9.98,66.69,-13.17,-856.05,260.0,80.0,1.74,-1197.79
2025-09-05,SHORT,2025-09-05 12:30:00,24635.45,2025-09-09,4,0.0985,24400.0,24800.0,21.06,44.67,65.73,2025-09-05 13:45:00,24733.99,SL,9.56,79.53,89.09,-23.36,-1518.4,260.0,80.0,2.14,-1860.54
2025-09-08,LONG,2025-09-08 12:35:00,24852.3,2025-09-09,1,0.0985,24850.0,24950.0,47.83,17.55,65.38,2025-09-08 15:10:00,24752.89,SL,110.21,3.73,113.94,-48.56,-3156.4,260.0,80.0,2.12,-3498.52
2025-09-10,LONG,2025-09-10 10:25:00,25029.1,2025-09-16,6,0.0882,24850.0,25350.0,38.32,22.32,60.64,2025-09-10 14:40:00,24928.98,SL,67.29,10.74,78.03,-17.39,-1130.35,260.0,80.0,1.97,-1472.32
2025-09-12,LONG,2025-09-12 11:05:00,25102.75,2025-09-16,4,0.0894,25000.0,25350.0,45.29,20.74,66.03,2025-09-12 15:25:00,25107.7,EOD,43.81,21.58,65.39,0.64,41.6,260.0,80.0,2.15,-300.55
2025-09-16,LONG,2025-09-16 12:20:00,25191.65,2025-09-23,7,0.0818,25000.0,25550.0,35.08,18.29,53.37,2025-09-16 15:25:00,25254.45,EOD,23.49,27.96,51.45,1.92,124.8,260.0,80.0,1.73,-216.93
2025-09-18,SHORT,2025-09-18 12:35:00,25389.7,2025-09-23,5,0.0532,25300.0,25450.0,22.09,46.05,68.14,2025-09-18 15:25:00,25420.75,EOD,15.61,59.89,75.5,-7.36,-478.4,260.0,80.0,2.21,-820.61
2025-09-23,SHORT,2025-09-23 11:10:00,25098.9,2025-09-30,7,0.0548,24950.0,25200.0,17.42,46.25,63.67,2025-09-23 12:35:00,25199.3,SL,5.9,92.55,98.45,-34.78,-2260.7,260.0,80.0,2.07,-2602.77
2025-09-24,SHORT,2025-09-24 11:05:00,25031.9,2025-09-30,6,0.0534,24900.0,25150.0,16.34,32.37,48.71,2025-09-24 13:10:00,25132.03,SL,4.91,73.22,78.13,-29.42,-1912.3,260.0,80.0,1.58,-2253.88
2025-09-25,SHORT,2025-09-25 11:40:00,24989.75,2025-09-30,5,0.0588,24850.0,25100.0,15.89,33.57,49.46,2025-09-25 15:25:00,24904.55,EOD,36.71,14.17,50.88,-1.42,-92.3,260.0,80.0,1.61,-433.91
2025-09-26,SHORT,2025-09-26 11:15:00,24755.95,2025-09-30,4,0.0671,24650.0,24850.0,24.26,37.85,62.11,2025-09-26 15:25:00,24673.1,EOD,50.62,16.95,67.57,-5.46,-354.9,260.0,80.0,2.02,-696.92
2025-09-29,SHORT,2025-09-29 11:45:00,24643.5,2025-09-30,1,0.079,24600.0,24650.0,21.1,39.62,60.72,2025-09-29 14:20:00,24742.07,SL,3.46,105.92,109.38,-48.66,-3162.9,260.0,80.0,1.97,-3504.87
2025-09-30,SHORT,2025-09-30 10:25:00,24624.0,2025-10-07,7,0.0767,24400.0,24850.0,22.6,34.86,57.46,2025-09-30 15:25:00,24633.6,EOD,21.08,37.12,58.2,-0.74,-48.1,260.0,80.0,1.87,-389.97
2025-10-01,LONG,2025-10-01 11:10:00,24702.2,2025-10-07,6,0.0734,24600.0,24950.0,42.1,21.48,63.58,2025-10-01 15:25:00,24853.4,EOD,12.97,62.58,75.55,-11.97,-778.05,260.0,80.0,2.07,-1120.12
2025-10-06,LONG,2025-10-06 10:20:00,24974.8,2025-10-07,1,0.083,24950.0,25050.0,30.21,16.86,47.07,2025-10-06 15:25:00,25072.55,EOD,6.5,58.28,64.78,-17.71,-1151.15,260.0,80.0,1.53,-1492.68
2025-10-07,LONG,2025-10-07 13:40:00,25210.35,2025-10-14,7,0.0893,25000.0,25600.0,38.78,19.94,58.72,2025-10-07 15:05:00,25109.51,SL,65.78,9.99,75.77,-17.05,-1108.25,260.0,80.0,1.91,-1450.16
2025-10-08,SHORT,2025-10-08 11:00:00,25070.9,2025-10-14,6,0.0842,24800.0,25300.0,18.26,36.03,54.29,2025-10-08 15:25:00,25023.8,EOD,25.48,26.38,51.86,2.43,157.95,260.0,80.0,1.76,-183.81
2025-10-09,LONG,2025-10-09 11:05:00,25151.05,2025-10-14,5,0.0826,25000.0,25400.0,33.71,23.32,57.03,2025-10-09 15:25:00,25170.3,EOD,29.4,26.96,56.36,0.67,43.55,260.0,80.0,1.85,-298.3
2025-10-10,LONG,2025-10-10 10:55:00,25297.0,2025-10-14,4,0.0847,25200.0,25550.0,43.31,17.3,60.61,2025-10-10 15:25:00,25278.2,EOD,49.27,14.67,63.94,-3.33,-216.45,260.0,80.0,1.97,-558.42
2025-10-14,SHORT,2025-10-14 11:15:00,25140.8,2025-10-21,7,0.0835,24850.0,25400.0,19.27,36.4,55.67,2025-10-14 15:25:00,25123.35,EOD,21.68,32.72,54.4,1.27,82.55,260.0,80.0,1.81,-259.26
2025-10-15,LONG,2025-10-15 10:20:00,25272.95,2025-10-21,6,0.0845,25100.0,25600.0,36.88,19.36,56.24,2025-10-15 15:25:00,25327.75,EOD,25.84,28.3,54.14,2.1,136.5,260.0,80.0,1.83,-205.33
2025-10-16,LONG,2025-10-16 10:25:00,25453.25,2025-10-21,5,0.087,25300.0,25750.0,38.11,19.67,57.78,2025-10-16 15:25:00,25566.3,EOD,17.2,42.91,60.11,-2.33,-151.45,260.0,80.0,1.88,-493.33
2025-10-17,LONG,2025-10-17 10:30:00,25691.1,2025-10-21,4,0.0887,25550.0,25950.0,35.73,19.83,55.56,2025-10-17 15:25:00,25704.7,EOD,32.45,22.09,54.54,1.02,66.3,260.0,80.0,1.81,-275.51
2025-10-23,SHORT,2025-10-23 13:55:00,25990.0,2025-10-28,5,0.0684,25800.0,26100.0,16.36,46.84,63.2,2025-10-23 15:25:00,25870.3,EOD,44.07,17.54,61.61,1.59,103.35,260.0,80.0,2.05,-238.7
2025-10-24,SHORT,2025-10-24 10:25:00,25826.95,2025-10-28,4,0.0642,25700.0,25900.0,19.42,45.43,64.85,2025-10-24 15:25:00,25797.45,EOD,26.05,35.22,61.27,3.58,232.7,260.0,80.0,2.11,-109.41
2025-10-27,LONG,2025-10-27 11:10:00,25976.3,2025-10-28,1,0.0702,26000.0,26050.0,48.41,13.16,61.57,2025-10-27 15:25:00,25974.0,EOD,49.75,12.63,62.38,-0.81,-52.65,260.0,80.0,2.0,-394.65
2025-10-28,SHORT,2025-10-28 10:30:00,25880.8,2025-11-04,7,0.0693,25650.0,26050.0,18.25,45.63,63.88,2025-10-28 15:25:00,25965.4,EOD,9.03,75.65,84.68,-20.8,-1352.0,260.0,80.0,2.08,-1694.08
2025-10-30,SHORT,2025-10-30 13:30:00,25877.6,2025-11-04,5,0.0679,25700.0,26000.0,17.75,41.89,59.64,2025-10-30 15:25:00,25891.2,EOD,15.64,46.36,62.0,-2.36,-153.4,260.0,80.0,1.94,-495.34
2025-10-31,SHORT,2025-10-31 10:30:00,25810.6,2025-11-04,4,0.0778,25650.0,25950.0,22.9,37.1,60.0,2025-10-31 15:25:00,25732.55,EOD,42.57,19.43,62.0,-2.0,-130.0,260.0,80.0,1.95,-471.95
2025-11-03,LONG,2025-11-03 10:40:00,25772.25,2025-11-04,1,0.084,25750.0,25850.0,33.04,17.8,50.84,2025-11-03 15:25:00,25774.3,EOD,32.22,18.34,50.56,0.28,18.2,260.0,80.0,1.65,-323.45
2025-11-04,SHORT,2025-11-04 11:20:00,25670.8,2025-11-11,7,0.0825,25400.0,25900.0,22.59,44.29,66.88,2025-11-04 15:25:00,25586.25,EOD,38.24,26.5,64.74,2.14,139.1,260.0,80.0,2.17,-203.07
2025-11-07,LONG,2025-11-07 11:30:00,25461.25,2025-11-11,4,0.0849,25350.0,25700.0,39.77,20.03,59.8,2025-11-07 15:25:00,25510.05,EOD,27.72,29.6,57.32,2.48,161.2,260.0,80.0,1.94,-180.74
2025-11-10,LONG,2025-11-10 10:20:00,25619.05,2025-11-11,1,0.0723,25600.0,25650.0,27.98,26.91,54.89,2025-11-10 15:25:00,25574.25,EOD,50.12,13.04,63.16,-8.27,-537.55,260.0,80.0,1.78,-879.33
2025-11-11,SHORT,2025-11-11 10:30:00,25469.8,2025-11-18,7,0.0703,25250.0,25650.0,19.86,42.23,62.09,2025-11-11 12:25:00,25571.68,SL,8.52,77.96,86.48,-24.39,-1585.35,260.0,80.0,2.02,-1927.37
2025-11-12,LONG,2025-11-12 10:35:00,25867.2,2025-11-18,6,0.0696,25750.0,26100.0,37.07,23.97,61.04,2025-11-12 15:25:00,25874.0,EOD,35.32,25.29,60.61,0.43,27.95,260.0,80.0,1.98,-314.03
2025-11-13,LONG,2025-11-13 10:20:00,25913.2,2025-11-18,5,0.0763,25800.0,26150.0,39.61,22.57,62.18,2025-11-13 15:25:00,25884.1,EOD,48.28,17.78,66.06,-3.88,-252.2,260.0,80.0,2.02,-594.22
2025-11-17,LONG,2025-11-17 12:35:00,25981.75,2025-11-18,1,0.0745,26000.0,26050.0,47.58,16.35,63.93,2025-11-17 15:25:00,26014.3,EOD,31.67,26.83,58.5,5.43,352.95,260.0,80.0,2.08,10.87
2025-11-19,LONG,2025-11-19 10:30:00,25977.05,2025-11-25,6,0.0729,25850.0,26250.0,38.31,20.17,58.48,2025-11-19 15:25:00,26052.7,EOD,22.2,35.33,57.53,0.95,61.75,260.0,80.0,1.9,-280.15
2025-11-20,LONG,2025-11-20 10:45:00,26140.4,2025-11-25,5,0.0742,26050.0,26400.0,44.68,17.74,62.42,2025-11-20 15:25:00,26197.4,EOD,29.61,28.18,57.79,4.63,300.95,260.0,80.0,2.03,-41.08
2025-11-26,LONG,2025-11-26 10:45:00,26122.95,2025-12-02,6,0.0661,26050.0,26350.0,46.73,22.49,69.22,2025-11-26 15:25:00,26203.5,EOD,25.67,41.84,67.51,1.71,111.15,260.0,80.0,2.25,-231.1
2025-11-27,SHORT,2025-11-27 13:10:00,26177.25,2025-12-02,5,0.079,25950.0,26350.0,18.61,39.94,58.55,2025-11-27 15:25:00,26219.85,EOD,13.11,52.76,65.87,-7.32,-475.8,260.0,80.0,1.9,-817.7
2025-11-28,LONG,2025-11-28 10:40:00,26274.5,2025-12-02,4,0.0784,26200.0,26500.0,47.26,19.68,66.94,2025-11-28 15:25:00,26204.55,EOD,74.7,10.3,85.0,-18.06,-1173.9,260.0,80.0,2.18,-1516.08
2025-12-01,SHORT,2025-12-01 10:50:00,26229.65,2025-12-02,1,0.0789,26150.0,26250.0,13.47,35.84,49.31,2025-12-01 15:25:00,26175.95,EOD,29.51,17.07,46.58,2.73,177.45,260.0,80.0,1.6,-164.15
2025-12-02,SHORT,2025-12-02 12:50:00,26043.9,2025-12-09,7,0.0785,25750.0,26300.0,17.15,35.03,52.18,2025-12-02 15:25:00,26057.0,EOD,15.61,37.97,53.58,-1.4,-91.0,260.0,80.0,1.7,-432.7
2025-12-03,SHORT,2025-12-03 11:20:00,25893.5,2025-12-09,6,0.0788,25650.0,26100.0,20.07,38.8,58.87,2025-12-03 15:10:00,25997.07,SL,8.84,71.7,80.54,-21.67,-1408.55,260.0,80.0,1.91,-1750.46
2025-12-04,LONG,2025-12-04 10:20:00,26050.55,2025-12-09,5,0.0794,25900.0,26300.0,33.34,23.11,56.45,2025-12-04 15:25:00,26017.1,EOD,41.92,17.75,59.67,-3.22,-209.3,260.0,80.0,1.83,-551.13
2025-12-05,LONG,2025-12-05 10:45:00,26124.2,2025-12-09,4,0.0796,26000.0,26350.0,33.3,20.09,53.39,2025-12-05 15:25:00,26176.65,EOD,21.89,30.89,52.78,0.61,39.65,260.0,80.0,1.74,-302.09
2025-12-09,LONG,2025-12-09 12:20:00,25921.55,2025-12-16,7,0.0887,25700.0,26300.0,38.03,22.92,60.95,2025-12-09 14:25:00,25817.86,SL,65.08,11.59,76.67,-15.72,-1021.8,260.0,80.0,1.98,-1363.78
2025-12-10,SHORT,2025-12-10 11:50:00,25828.1,2025-12-16,6,0.0872,25550.0,26050.0,21.18,43.64,64.82,2025-12-10 15:25:00,25742.65,EOD,36.51,25.75,62.26,2.56,166.4,260.0,80.0,2.11,-175.71
2025-12-11,LONG,2025-12-11 10:30:00,25830.8,2025-12-16,5,0.0834,25700.0,26100.0,41.66,22.32,63.98,2025-12-11 15:25:00,25898.4,EOD,26.29,36.08,62.37,1.61,104.65,260.0,80.0,2.08,-237.43
2025-12-15,LONG,2025-12-15 11:50:00,26007.55,2025-12-16,1,0.0881,26000.0,26100.0,42.0,16.29,58.29,2025-12-15 15:25:00,26014.0,EOD,39.11,17.85,56.96,1.33,86.45,260.0,80.0,1.89,-255.44
2025-12-17,SHORT,2025-12-17 10:25:00,25813.65,2025-12-23,6,0.0725,25600.0,26000.0,19.55,36.84,56.39,2025-12-17 15:25:00,25821.8,EOD,18.32,38.97,57.29,-0.9,-58.5,260.0,80.0,1.83,-400.33
2025-12-18,LONG,2025-12-18 10:20:00,25834.45,2025-12-23,5,0.0723,25750.0,26050.0,43.65,22.97,66.62,2025-12-18 15:25:00,25815.65,EOD,49.77,19.59,69.36,-2.74,-178.1,260.0,80.0,2.17,-520.27
2025-12-19,LONG,2025-12-19 10:40:00,25974.85,2025-12-23,4,0.0723,25900.0,26150.0,40.38,24.0,64.38,2025-12-19 15:25:00,25961.4,EOD,44.79,21.24,66.03,-1.65,-107.25,260.0,80.0,2.09,-449.34
2025-12-26,SHORT,2025-12-26 11:15:00,26064.5,2025-12-30,4,0.0818,25850.0,26200.0,16.86,42.71,59.57,2025-12-26 15:25:00,26047.65,EOD,19.48,37.83,57.31,2.26,146.9,260.0,80.0,1.94,-195.04
2025-12-29,SHORT,2025-12-29 10:30:00,26019.4,2025-12-30,1,0.0793,25950.0,26050.0,15.77,31.37,47.14,2025-12-29 15:25:00,25949.8,EOD,40.8,11.13,51.93,-4.79,-311.35,260.0,80.0,1.53,-652.88
2025-12-30,LONG,2025-12-30 10:20:00,25968.7,2026-01-06,7,0.0719,25850.0,26250.0,44.5,23.45,67.95,2025-12-30 15:25:00,25970.55,EOD,43.98,23.77,67.75,0.2,13.0,260.0,80.0,2.21,-329.21
2025-12-31,LONG,2025-12-31 10:30:00,26030.95,2026-01-06,6,0.0687,25900.0,26300.0,33.03,17.58,50.61,2025-12-31 15:25:00,26141.85,EOD,13.5,41.33,54.83,-4.22,-274.3,260.0,80.0,1.64,-615.94
2026-01-01,SHORT,2026-01-01 12:10:00,26125.0,2026-01-06,5,0.0728,25950.0,26300.0,22.58,33.08,55.66,2026-01-01 15:25:00,26140.25,EOD,19.9,37.07,56.97,-1.31,-85.15,260.0,80.0,1.81,-426.96
2026-01-02,LONG,2026-01-02 11:25:00,26273.25,2026-01-06,4,0.07,26200.0,26450.0,39.31,22.49,61.8,2026-01-02 15:25:00,26335.7,EOD,23.03,38.6,61.63,0.17,11.05,260.0,80.0,2.01,-330.96
2026-01-05,LONG,2026-01-05 10:20:00,26367.7,2026-01-06,1,0.0719,26350.0,26400.0,29.36,27.31,56.67,2026-01-05 13:50:00,26262.23,SL,94.16,4.11,98.27,-41.6,-2704.0,260.0,80.0,1.84,-3045.84
2026-01-06,SHORT,2026-01-06 11:15:00,26156.6,2026-01-13,7,0.0734,25900.0,26350.0,18.39,44.8,63.19,2026-01-06 15:25:00,26174.65,EOD,16.07,49.97,66.04,-2.85,-185.25,260.0,80.0,2.05,-527.3
2026-01-07,SHORT,2026-01-07 12:40:00,26083.25,2026-01-13,6,0.0679,25900.0,26250.0,21.43,37.88,59.31,2026-01-07 15:25:00,26142.9,EOD,12.86,56.87,69.73,-10.42,-677.3,260.0,80.0,1.93,-1019.23
2026-01-08,SHORT,2026-01-08 10:20:00,26034.8,2026-01-13,5,0.0678,25850.0,26150.0,16.85,44.66,61.51,2026-01-08 15:25:00,25868.9,EOD,62.62,10.46,73.08,-11.57,-752.05,260.0,80.0,2.0,-1094.05
2026-01-09,SHORT,2026-01-09 11:00:00,25810.65,2026-01-13,4,0.0825,25600.0,25950.0,17.4,41.41,58.81,2026-01-09 15:25:00,25703.7,EOD,40.43,17.81,58.24,0.57,37.05,260.0,80.0,1.91,-304.86
2026-01-12,SHORT,2026-01-12 11:15:00,25514.95,2026-01-13,1,0.0841,25450.0,25550.0,18.34,31.24,49.58,2026-01-12 12:20:00,25617.01,SL,3.11,89.5,92.61,-43.03,-2796.95,260.0,80.0,1.61,-3138.56
2026-01-13,SHORT,2026-01-13 13:30:00,25661.4,2026-01-20,7,0.0779,25400.0,25900.0,20.25,36.95,57.2,2026-01-13 15:25:00,25714.2,EOD,13.79,50.72,64.51,-7.31,-475.15,260.0,80.0,1.86,-817.01
2026-01-14,LONG,2026-01-14 11:25:00,25770.4,2026-01-20,6,0.0778,25650.0,26050.0,44.95,22.61,67.56,2026-01-14 13:40:00,25667.32,SL,81.31,9.98,91.29,-23.73,-1542.45,260.0,80.0,2.2,-1884.65
2026-01-16,LONG,2026-01-16 10:20:00,25848.45,2026-01-20,4,0.0781,25750.0,26050.0,38.28,22.76,61.04,2026-01-16 12:25:00,25745.06,SL,77.39,8.58,85.97,-24.93,-1620.45,260.0,80.0,1.98,-1962.43
2026-01-19,SHORT,2026-01-19 10:35:00,25503.8,2026-01-20,1,0.0778,25450.0,25500.0,18.59,45.73,64.32,2026-01-19 13:55:00,25605.82,SL,2.76,118.07,120.83,-56.51,-3673.15,260.0,80.0,2.09,-4015.24
2026-01-20,SHORT,2026-01-20 12:05:00,25432.7,2026-01-27,7,0.0781,25150.0,25650.0,17.02,41.39,58.41,2026-01-20 15:25:00,25225.35,EOD,63.5,9.47,72.97,-14.56,-946.4,260.0,80.0,1.9,-1288.3
2026-01-21,SHORT,2026-01-21 10:20:00,25105.85,2026-01-27,6,0.0951,24800.0,25350.0,21.18,43.51,64.69,2026-01-21 12:35:00,25206.27,SL,10.7,73.31,84.01,-19.32,-1255.8,260.0,80.0,2.1,-1597.9
2026-01-22,SHORT,2026-01-22 10:55:00,25221.7,2026-01-27,5,0.0851,25000.0,25400.0,21.82,41.31,63.13,2026-01-22 15:20:00,25322.59,SL,9.68,75.72,85.4,-22.27,-1447.55,260.0,80.0,2.05,-1789.6
2026-01-23,SHORT,2026-01-23 11:35:00,25229.1,2026-01-27,4,0.0907,25000.0,25400.0,18.54,38.2,56.74,2026-01-23 15:25:00,25064.75,EOD,59.17,10.35,69.52,-12.78,-830.7,260.0,80.0,1.84,-1172.54
2026-01-28,SHORT,2026-01-28 13:40:00,25208.35,2026-02-03,6,0.0923,24900.0,25450.0,19.12,41.63,60.75,2026-01-28 14:50:00,25309.18,SL,9.35,71.37,80.72,-19.97,-1298.05,260.0,80.0,1.97,-1640.02
2026-01-29,LONG,2026-01-29 13:00:00,25351.3,2026-02-03,5,0.1009,25150.0,25700.0,39.06,21.45,60.51,2026-01-29 15:25:00,25422.1,EOD,25.51,33.47,58.98,1.53,99.45,260.0,80.0,1.97,-242.52
2026-01-30,LONG,2026-01-30 13:50:00,25329.6,2026-02-03,4,0.1034,25150.0,25650.0,37.49,19.08,56.57,2026-01-30 15:25:00,25315.8,EOD,40.82,17.26,58.08,-1.51,-98.15,260.0,80.0,1.84,-439.99
2026-02-06,SHORT,2026-02-06 10:40:00,25502.4,2026-02-10,4,0.1514,25000.0,25900.0,18.19,38.59,56.78,2026-02-06 11:30:00,25604.41,SL,10.41,60.34,70.75,-13.97,-908.05,260.0,80.0,1.85,-1249.9
2026-02-10,LONG,2026-02-10 10:30:00,25976.75,2026-02-17,7,0.1527,25450.0,26800.0,42.97,19.74,62.71,2026-02-10 15:25:00,25916.8,EOD,52.73,15.41,68.14,-5.43,-352.95,260.0,80.0,2.04,-694.99
2026-02-12,SHORT,2026-02-12 11:30:00,25821.15,2026-02-17,5,0.1356,25350.0,26250.0,22.0,35.6,57.6,2026-02-12 15:25:00,25796.15,EOD,24.91,31.66,56.57,1.03,66.95,260.0,80.0,1.87,-274.92
2026-02-13,SHORT,2026-02-13 13:45:00,25510.3,2026-02-17,4,0.1387,25100.0,25850.0,22.11,40.14,62.25,2026-02-13 15:25:00,25460.55,EOD,28.81,31.26,60.07,2.18,141.7,260.0,80.0,2.02,-200.32
2026-02-16,LONG,2026-02-16 12:15:00,25561.25,2026-02-17,1,0.1448,25450.0,25750.0,32.67,17.91,50.58,2026-02-16 15:25:00,25682.45,EOD,10.37,50.31,60.68,-10.1,-656.5,260.0,80.0,1.64,-998.14
2026-02-17,LONG,2026-02-17 10:20:00,25694.65,2026-02-24,7,0.1471,25200.0,26450.0,41.93,21.21,63.14,2026-02-17 15:25:00,25716.0,EOD,38.77,23.16,61.93,1.21,78.65,260.0,80.0,2.05,-263.4
2026-02-19,SHORT,2026-02-19 10:25:00,25746.7,2026-02-24,5,0.1454,25200.0,26200.0,19.17,38.73,57.9,2026-02-19 15:25:00,25416.45,EOD,78.1,7.43,85.53,-27.63,-1795.95,260.0,80.0,1.88,-2137.83
2026-02-20,LONG,2026-02-20 10:30:00,25570.85,2026-02-24,4,0.1584,25200.0,26150.0,40.42,19.19,59.61,2026-02-20 15:25:00,25565.9,EOD,41.3,18.71,60.01,-0.4,-26.0,260.0,80.0,1.94,-367.94
2026-02-24,SHORT,2026-02-24 10:45:00,25472.45,2026-03-03,7,0.1105,25000.0,25850.0,17.38,40.86,58.24,2026-02-24 15:25:00,25460.25,EOD,18.57,38.58,57.15,1.09,70.85,260.0,80.0,1.89,-271.04
2026-02-25,SHORT,2026-02-25 12:40:00,25504.3,2026-03-03,6,0.1198,25050.0,25900.0,20.03,37.27,57.3,2026-02-25 15:25:00,25478.65,EOD,22.91,32.94,55.85,1.45,94.25,260.0,80.0,1.86,-247.61
2026-02-26,SHORT,2026-02-26 11:40:00,25461.35,2026-03-03,5,0.1189,25050.0,25800.0,18.34,36.74,55.08,2026-02-26 15:25:00,25493.3,EOD,15.17,43.21,58.38,-3.3,-214.5,260.0,80.0,1.79,-556.29
2026-02-27,SHORT,2026-02-27 11:30:00,25284.5,2026-03-03,4,0.1185,24950.0,25550.0,20.07,38.89,58.96,2026-02-27 15:25:00,25181.8,EOD,37.14,21.02,58.16,0.8,52.0,260.0,80.0,1.92,-289.92
2026-03-02,SHORT,2026-03-02 12:35:00,24695.75,2026-03-03,1,0.1236,24550.0,24750.0,14.79,41.96,56.75,2026-03-02 14:10:00,24794.53,SL,4.08,91.36,95.44,-38.69,-2514.85,260.0,80.0,1.84,-2856.69
2026-03-05,LONG,2026-03-05 10:55:00,24666.55,2026-03-10,5,0.1385,24350.0,25200.0,43.5,19.78,63.28,2026-03-05 11:50:00,24567.88,SL,66.32,11.48,77.8,-14.52,-943.8,260.0,80.0,2.06,-1285.86
2026-03-06,SHORT,2026-03-06 10:45:00,24586.5,2026-03-10,4,0.1534,24100.0,24950.0,18.22,42.21,60.43,2026-03-06 15:25:00,24469.4,EOD,33.01,23.81,56.82,3.61,234.65,260.0,80.0,1.96,-107.31
2026-03-11,SHORT,2026-03-11 10:35:00,24085.55,2026-03-17,6,0.1652,23400.0,24650.0,17.89,39.58,57.47,2026-03-11 15:25:00,23848.2,EOD,46.14,14.69,60.83,-3.36,-218.4,260.0,80.0,1.87,-560.27
2026-03-13,SHORT,2026-03-13 12:20:00,23269.55,2026-03-17,4,0.1652,22800.0,23650.0,21.44,40.98,62.42,2026-03-13 15:25:00,23170.9,EOD,34.76,25.53,60.29,2.13,138.45,260.0,80.0,2.03,-203.58
2026-03-16,SHORT,2026-03-16 10:20:00,23056.7,2026-03-17,1,0.1709,22850.0,23150.0,16.26,45.41,61.67,2026-03-16 11:15:00,23148.93,SL,6.41,84.14,90.55,-28.88,-1877.2,260.0,80.0,2.0,-2219.2
2026-03-17,LONG,2026-03-17 10:20:00,23564.45,2026-03-24,7,0.1802,22950.0,24450.0,39.12,20.62,59.74,2026-03-17 10:30:00,23470.19,SL,53.19,14.25,67.44,-7.7,-500.5,260.0,80.0,1.94,-842.44
2026-03-18,LONG,2026-03-18 10:45:00,23759.85,2026-03-24,6,0.1882,23150.0,24600.0,37.15,21.57,58.72,2026-03-18 15:25:00,23764.1,EOD,36.61,21.92,58.53,0.19,12.35,260.0,80.0,1.91,-329.56
2026-03-19,SHORT,2026-03-19 13:10:00,23200.25,2026-03-24,5,0.1946,22500.0,23800.0,19.71,38.05,57.76,2026-03-19 14:55:00,22981.9,EOD,45.67,15.71,61.38,-3.62,-235.3,260.0,80.0,1.88,-577.18
2026-03-20,LONG,2026-03-20 11:20:00,23327.55,2026-03-24,4,0.14,23050.0,23750.0,36.34,20.32,56.66,2026-03-20 11:55:00,23234.24,SL,57.95,11.31,69.26,-12.6,-819.0,260.0,80.0,1.84,-1160.84
2026-03-23,SHORT,2026-03-23 10:20:00,22541.6,2026-03-24,1,0.14,22400.0,22600.0,17.02,42.32,59.34,2026-03-23 14:00:00,22631.77,SL,5.67,85.54,91.21,-31.87,-2071.55,260.0,80.0,1.93,-2413.48
2026-03-25,LONG,2026-03-25 10:40:00,23366.65,2026-03-31,6,0.14,23000.0,23950.0,38.75,18.74,57.49,2026-03-25 15:25:00,23309.0,EOD,49.67,13.85,63.52,-6.03,-391.95,260.0,80.0,1.87,-733.82
