date,direction,entry_ts,entry_price,or_width_pct,day_filter_passed,expiry_date,dte_entry_days,iv_used,pe_strike,pe_delta_target,pe_delta_actual,ce_strike,ce_delta_target,ce_delta_actual,pe_credit,ce_credit,total_credit,exit_ts,exit_reason,exit_price,pe_exit,ce_exit,gross_pnl_per_unit,gross_pnl_per_lot,slippage,brokerage,stt,net_pnl_per_lot
2024-03-05,SHORT,2024-03-05 10:20:00,22293.5,0.4614,True,2024-03-05,0,0.1437,22250.0,-0.1,-0.0357,22300.0,0.22,0.3957,0.34,6.79,7.13,2024-03-05 13:00:00,SL,22406.55,0.03,107.46,-100.36,-6523.4,260.0,80.0,0.23,-6863.63
2024-03-06,SHORT,2024-03-06 11:35:00,22234.75,0.536,True,2024-03-12,6,0.1451,21750.0,-0.1,-0.1054,22600.0,0.22,0.2093,21.03,48.51,69.54,2024-03-06 13:50:00,SL,22369.45,10.31,83.52,-24.29,-1578.85,260.0,80.0,2.26,-1921.11
2024-03-11,SHORT,2024-03-11 10:45:00,22415.65,0.4566,True,2024-03-12,1,0.1441,22200.0,-0.1,-0.0953,22550.0,0.22,0.2222,7.58,21.54,29.12,2024-03-11 15:25:00,EOD,22319.85,22.51,7.13,-0.52,-33.8,260.0,80.0,0.95,-374.75
2024-03-12,SHORT,2024-03-12 10:45:00,22298.75,0.6164,True,2024-03-12,0,0.1519,22250.0,-0.1,-0.028,22350.0,0.22,0.023,0.28,0.22,0.5,2024-03-12 15:25:00,EOD,22333.7,0.01,1.83,-1.34,-87.1,260.0,80.0,0.02,-427.12
2024-03-14,LONG,2024-03-14 10:40:00,22071.05,0.5856,True,2024-03-19,5,0.1736,21750.0,-0.22,-0.2192,22700.0,0.1,0.092,56.9,19.06,75.96,2024-03-14 15:25:00,EOD,22153.05,41.04,27.94,6.98,453.7,260.0,80.0,2.47,111.23
2024-03-15,SHORT,2024-03-15 10:25:00,21972.9,0.6351,True,2024-03-19,4,0.1727,21500.0,-0.1,-0.1053,22300.0,0.22,0.221,20.17,49.99,70.16,2024-03-15 15:25:00,EOD,21996.35,17.83,55.39,-3.06,-198.9,260.0,80.0,2.28,-541.18
2024-03-18,LONG,2024-03-18 12:15:00,22057.2,0.4985,True,2024-03-19,1,0.1756,21900.0,-0.22,-0.2113,22350.0,0.1,0.0792,24.39,7.24,31.63,2024-03-18 15:25:00,EOD,22051.5,25.62,6.8,-0.79,-51.35,260.0,80.0,1.03,-392.38
2024-03-19,SHORT,2024-03-19 10:25:00,21853.15,0.5564,True,2024-03-19,0,0.1745,21800.0,-0.1,-0.0321,21900.0,0.22,0.0525,0.36,0.64,1.0,2024-03-19 15:25:00,EOD,21810.35,3.95,0.01,-2.96,-192.4,260.0,80.0,0.03,-532.43
2024-03-20,SHORT,2024-03-20 10:30:00,21754.85,0.6203,True,2024-03-26,6,0.1836,21150.0,-0.1,-0.1047,22200.0,0.22,0.2109,25.89,60.5,86.39,2024-03-20 13:05:00,SL,21891.7,14.51,95.0,-23.12,-1502.8,260.0,80.0,2.81,-1845.61
2024-03-21,SHORT,2024-03-21 12:05:00,21965.65,0.4671,True,2024-03-26,5,0.1724,21450.0,-0.1,-0.1091,22350.0,0.22,0.2103,23.5,52.26,75.76,2024-03-21 15:25:00,EOD,22014.6,18.64,63.35,-6.23,-404.95,260.0,80.0,2.46,-747.41
2024-03-27,LONG,2024-03-27 11:00:00,22171.35,0.4911,True,2024-04-02,6,0.1492,21850.0,-0.22,-0.2037,22750.0,0.1,0.1001,48.93,19.94,68.87,2024-03-27 15:25:00,EOD,22147.2,54.05,17.64,-2.82,-183.3,260.0,80.0,2.24,-525.54
2024-04-03,LONG,2024-04-03 10:20:00,22461.2,0.4974,True,2024-04-09,6,0.1598,22150.0,-0.22,-0.2286,23100.0,0.1,0.0957,61.65,20.48,82.13,2024-04-03 15:25:00,EOD,22445.55,65.31,19.03,-2.21,-143.65,260.0,80.0,2.67,-486.32
2024-04-08,LONG,2024-04-08 11:35:00,22642.85,0.3572,True,2024-04-09,1,0.1217,22550.0,-0.22,-0.2495,22850.0,0.1,0.081,21.53,5.3,26.83,2024-04-08 15:25:00,EOD,22661.0,17.35,6.95,2.53,164.45,260.0,80.0,0.87,-176.42
2024-04-12,SHORT,2024-04-12 12:15:00,22623.9,0.4491,True,2024-04-16,4,0.12,22300.0,-0.1,-0.113,22850.0,0.22,0.2331,15.68,38.44,54.12,2024-04-12 15:25:00,EOD,22519.4,31.73,19.41,2.98,193.7,260.0,80.0,1.76,-148.06
2024-04-16,SHORT,2024-04-16 13:10:00,22099.2,0.4972,True,2024-04-16,0,0.1357,22050.0,-0.1,-0.0147,22150.0,0.22,0.0127,0.12,0.1,0.22,2024-04-16 15:25:00,EOD,22177.45,0.01,27.78,-27.57,-1792.05,260.0,80.0,0.01,-2132.06
2024-04-18,LONG,2024-04-18 11:05:00,22274.95,0.4837,True,2024-04-23,5,0.1393,22000.0,-0.22,-0.2048,22750.0,0.1,0.109,42.11,18.95,61.06,2024-04-18 13:25:00,SL,22163.45,70.2,9.61,-18.75,-1218.75,260.0,80.0,1.98,-1560.73
2024-04-19,LONG,2024-04-19 12:15:00,21943.8,0.5747,True,2024-04-23,4,0.1434,21700.0,-0.22,-0.212,22400.0,0.1,0.0941,39.92,14.4,54.32,2024-04-19 15:25:00,EOD,22149.7,11.69,47.64,-5.01,-325.65,260.0,80.0,1.77,-667.42
2024-04-24,LONG,2024-04-24 10:25:00,22458.0,0.2297,True,2024-04-30,6,0.1395,22200.0,-0.22,-0.2374,23000.0,0.1,0.103,56.45,19.55,76.0,2024-04-24 14:30:00,SL,22399.85,71.6,14.27,-9.87,-641.55,260.0,80.0,2.47,-984.02
2024-04-29,LONG,2024-04-29 10:30:00,22538.95,0.4037,True,2024-04-30,1,0.1512,22400.0,-0.22,-0.2095,22800.0,0.1,0.0765,21.21,6.11,27.32,2024-04-29 15:25:00,EOD,22633.15,7.58,17.86,1.88,122.2,260.0,80.0,0.89,-218.69
2024-04-30,LONG,2024-04-30 10:50:00,22765.9,0.4106,True,2024-04-30,0,0.1629,22750.0,-0.22,-0.2839,22800.0,0.1,0.1127,4.95,1.53,6.48,2024-04-30 15:00:00,SL,22661.8,88.12,0.01,-81.65,-5307.25,260.0,80.0,0.21,-5647.46
2024-05-07,SHORT,2024-05-07 10:20:00,22368.25,0.5504,True,2024-05-07,0,0.1496,22300.0,-0.1,-0.0034,22400.0,0.22,0.1055,0.03,1.28,1.31,2024-05-07 15:25:00,EOD,22304.5,5.07,0.01,-3.77,-245.05,260.0,80.0,0.04,-585.09
2024-05-08,LONG,2024-05-08 11:45:00,22313.9,0.4787,True,2024-05-14,6,0.1389,22050.0,-0.22,-0.2306,22850.0,0.1,0.1031,53.78,19.37,73.15,2024-05-08 15:25:00,EOD,22306.75,55.44,18.64,-0.93,-60.45,260.0,80.0,2.38,-402.83
2024-05-09,SHORT,2024-05-09 10:20:00,22151.6,0.5578,True,2024-05-14,5,0.1341,21750.0,-0.1,-0.1092,22450.0,0.22,0.2153,18.42,42.33,60.75,2024-05-09 15:25:00,EOD,21968.15,49.58,15.0,-3.83,-248.95,260.0,80.0,1.97,-590.92
2024-05-14,LONG,2024-05-14 11:15:00,22185.15,0.4594,True,2024-05-14,0,0.1471,22150.0,-0.22,-0.0762,22250.0,0.1,0.0044,0.84,0.03,0.87,2024-05-14 15:25:00,EOD,22223.8,0.01,0.52,0.34,22.1,260.0,80.0,0.03,-317.93
2024-05-15,SHORT,2024-05-15 10:35:00,22159.95,0.6141,True,2024-05-21,6,0.1508,21650.0,-0.1,-0.1022,22500.0,0.22,0.2349,20.98,58.32,79.3,2024-05-15 15:25:00,EOD,22210.4,16.33,71.11,-8.14,-529.1,260.0,80.0,2.58,-871.68
2024-05-16,SHORT,2024-05-16 10:20:00,22178.4,0.5116,True,2024-05-21,5,0.1502,21700.0,-0.1,-0.0969,22500.0,0.22,0.2238,17.9,49.9,67.8,2024-05-16 14:55:00,SL,22330.0,7.46,93.42,-33.08,-2150.2,260.0,80.0,2.2,-2492.4
2024-05-17,LONG,2024-05-17 10:30:00,22443.9,0.3831,True,2024-05-21,4,0.1539,22200.0,-0.22,-0.2325,22950.0,0.1,0.0914,49.43,15.27,64.7,2024-05-17 15:25:00,EOD,22465.55,44.59,17.36,2.75,178.75,260.0,80.0,2.1,-163.35
2024-05-21,LONG,2024-05-21 11:25:00,22512.05,0.4664,True,2024-05-21,0,0.1497,22500.0,-0.22,-0.3166,22550.0,0.1,0.0687,5.22,0.77,5.99,2024-05-21 15:25:00,EOD,22507.55,4.01,0.06,1.92,124.8,260.0,80.0,0.19,-215.39
2024-05-22,LONG,2024-05-22 12:15:00,22581.85,0.4192,True,2024-05-28,6,0.1375,22300.0,-0.22,-0.2172,23150.0,0.1,0.0902,49.85,16.53,66.38,2024-05-22 15:25:00,EOD,22620.5,41.99,20.33,4.06,263.9,260.0,80.0,2.16,-78.26
2024-05-23,LONG,2024-05-23 10:20:00,22707.6,0.4956,True,2024-05-28,5,0.1387,22450.0,-0.22,-0.2218,23200.0,0.1,0.104,47.39,18.17,65.56,2024-05-23 15:25:00,EOD,22951.0,13.06,62.11,-9.61,-624.65,260.0,80.0,2.13,-966.78
2024-05-24,LONG,2024-05-24 13:00:00,23013.55,0.4193,True,2024-05-28,4,0.169,22700.0,-0.22,-0.2048,23550.0,0.1,0.1051,47.27,20.31,67.58,2024-05-24 15:25:00,EOD,22952.0,61.26,14.64,-8.32,-540.8,260.0,80.0,2.2,-883.0
2024-05-28,SHORT,2024-05-28 12:30:00,22913.4,0.2881,True,2024-05-28,0,0.16,22850.0,-0.1,-0.0108,22950.0,0.22,0.0939,0.1,1.22,1.32,2024-05-28 15:25:00,EOD,22868.65,1.77,0.01,-0.46,-29.9,260.0,80.0,0.04,-369.94
2024-05-29,SHORT,2024-05-29 10:20:00,22724.75,0.34,True,2024-06-04,6,0.1539,22200.0,-0.1,-0.106,23100.0,0.22,0.2218,22.95,56.64,79.59,2024-05-29 15:25:00,EOD,22705.8,25.04,52.55,2.0,130.0,260.0,80.0,2.59,-212.59
2024-06-11,LONG,2024-06-11 10:35:00,23344.75,0.5154,True,2024-06-11,0,0.25,23300.0,-0.22,-0.1541,23400.0,0.1,0.1059,3.55,2.23,5.78,2024-06-11 15:25:00,EOD,23261.8,39.81,0.01,-34.04,-2212.6,260.0,80.0,0.19,-2552.79
2024-06-19,SHORT,2024-06-19 10:20:00,23467.35,0.5504,True,2024-06-25,6,0.25,22550.0,-0.1,-0.0979,24100.0,0.22,0.2175,35.2,92.13,127.33,2024-06-19 14:30:00,SL,23630.85,21.97,133.19,-27.83,-1808.95,260.0,80.0,4.14,-2153.09
2024-06-21,SHORT,2024-06-21 10:45:00,23510.55,0.4245,True,2024-06-25,4,0.25,22750.0,-0.1,-0.0973,24000.0,0.22,0.2275,28.51,80.1,108.61,2024-06-21 15:25:00,EOD,23453.15,34.58,67.83,6.2,403.0,260.0,80.0,3.53,59.47
2024-06-24,LONG,2024-06-24 11:00:00,23505.85,0.457,True,2024-06-25,1,0.25,23250.0,-0.22,-0.1959,23900.0,0.1,0.1055,33.64,15.45,49.09,2024-06-24 15:25:00,EOD,23548.65,26.05,20.55,2.49,161.85,260.0,80.0,1.6,-179.75
2024-06-26,LONG,2024-06-26 10:55:00,23764.3,0.334,True,2024-07-02,6,0.2172,23300.0,-0.22,-0.2234,24650.0,0.1,0.1036,86.39,32.3,118.69,2024-06-26 15:25:00,EOD,23840.25,70.68,40.99,7.02,456.3,260.0,80.0,3.86,112.44
2024-07-01,LONG,2024-07-01 11:25:00,24115.1,0.433,True,2024-07-02,1,0.12,24000.0,-0.22,-0.2138,24300.0,0.1,0.1181,18.48,8.75,27.23,2024-07-01 15:25:00,EOD,24123.15,16.82,9.74,0.67,43.55,260.0,80.0,0.88,-297.33
2024-07-05,LONG,2024-07-05 11:35:00,24272.4,0.3811,True,2024-07-09,4,0.12,24050.0,-0.22,-0.2131,24700.0,0.1,0.0922,37.15,13.03,50.18,2024-07-05 15:25:00,EOD,24316.75,28.6,17.69,3.89,252.85,260.0,80.0,1.63,-88.78
2024-07-08,SHORT,2024-07-08 12:10:00,24252.65,0.3145,True,2024-07-09,1,0.12,24050.0,-0.1,-0.0858,24400.0,0.22,0.1754,6.01,14.36,20.37,2024-07-08 15:20:00,SL,24338.85,1.56,36.81,-18.0,-1170.0,260.0,80.0,0.66,-1510.66
2024-07-09,LONG,2024-07-09 11:15:00,24388.5,0.2205,True,2024-07-09,0,0.12,24350.0,-0.22,-0.0403,24450.0,0.1,0.0028,0.36,0.02,0.38,2024-07-09 15:25:00,EOD,24417.25,0.01,0.1,0.27,17.55,260.0,80.0,0.01,-322.46
2024-07-10,SHORT,2024-07-10 10:20:00,24252.1,0.6129,True,2024-07-16,6,0.12,23800.0,-0.1,-0.0968,24550.0,0.22,0.2369,17.09,51.46,68.55,2024-07-10 15:25:00,EOD,24312.4,12.03,67.3,-10.78,-700.7,260.0,80.0,2.23,-1042.93
2024-07-11,SHORT,2024-07-11 10:55:00,24241.2,0.6482,True,2024-07-16,5,0.12,23850.0,-0.1,-0.1096,24550.0,0.22,0.203,18.11,38.49,56.6,2024-07-11 15:25:00,EOD,24338.5,9.76,62.47,-15.63,-1015.95,260.0,80.0,1.84,-1357.79
2024-07-12,LONG,2024-07-12 10:50:00,24477.85,0.4505,True,2024-07-16,4,0.12,24250.0,-0.22,-0.2097,24900.0,0.1,0.0971,36.7,13.98,50.68,2024-07-12 15:25:00,EOD,24512.4,30.0,17.69,2.99,194.35,260.0,80.0,1.65,-147.3
2024-07-15,LONG,2024-07-15 11:45:00,24602.1,0.3069,True,2024-07-16,1,0.12,24500.0,-0.22,-0.244,24800.0,0.1,0.1067,22.39,7.89,30.28,2024-07-15 15:25:00,EOD,24588.35,25.94,6.53,-2.19,-142.35,260.0,80.0,0.98,-483.33
2024-07-16,LONG,2024-07-16 10:30:00,24652.25,0.2045,True,2024-07-16,0,0.12,24600.0,-0.22,-0.0095,24700.0,0.1,0.0166,0.07,0.13,0.2,2024-07-16 14:30:00,SL,24599.75,12.62,0.01,-12.43,-807.95,260.0,80.0,0.01,-1147.96
2024-07-18,LONG,2024-07-18 13:10:00,24711.6,0.6682,True,2024-07-23,5,0.12,24450.0,-0.22,-0.2038,25200.0,0.1,0.0929,39.96,14.96,54.92,2024-07-18 15:25:00,EOD,24779.35,27.92,22.45,4.55,295.75,260.0,80.0,1.78,-46.03
2024-07-23,SHORT,2024-07-23 12:15:00,24283.2,0.6502,True,2024-07-23,0,0.12,24250.0,-0.1,-0.0651,24300.0,0.22,0.2241,0.63,2.85,3.48,2024-07-23 15:25:00,EOD,24476.4,0.01,176.45,-172.98,-11243.7,260.0,80.0,0.11,-11583.81
2024-07-24,SHORT,2024-07-24 12:15:00,24326.25,0.5366,True,2024-07-30,6,0.12,23900.0,-0.1,-0.1101,24650.0,0.22,0.2171,20.03,46.08,66.11,2024-07-24 15:25:00,EOD,24441.9,10.25,76.82,-20.96,-1362.4,260.0,80.0,2.15,-1704.55
2024-07-29,LONG,2024-07-29 11:35:00,24983.85,0.4449,True,2024-07-30,1,0.1474,24850.0,-0.22,-0.2348,25250.0,0.1,0.0891,26.59,7.93,34.52,2024-07-29 12:15:00,SL,24869.8,65.03,1.91,-32.42,-2107.3,260.0,80.0,1.12,-2448.42
2024-08-01,SHORT,2024-08-01 11:45:00,24990.65,0.2779,True,2024-08-06,5,0.142,24500.0,-0.1,-0.1047,25350.0,0.22,0.2126,20.92,49.75,70.67,2024-08-01 15:25:00,EOD,25006.0,19.37,53.1,-1.8,-117.0,260.0,80.0,2.3,-459.3
2024-08-05,SHORT,2024-08-05 10:45:00,24145.85,0.6512,True,2024-08-06,1,0.1581,23900.0,-0.1,-0.1034,24300.0,0.22,0.2286,9.88,26.39,36.27,2024-08-05 15:25:00,EOD,24051.8,24.41,10.78,1.08,70.2,260.0,80.0,1.18,-270.98
2024-08-08,LONG,2024-08-08 12:10:00,24307.1,0.5979,True,2024-08-13,5,0.236,23800.0,-0.22,-0.2092,25200.0,0.1,0.1038,80.46,32.88,113.34,2024-08-08 13:25:00,SL,24119.3,127.86,17.59,-32.11,-2087.15,260.0,80.0,3.68,-2430.83
2024-08-12,LONG,2024-08-12 10:40:00,24351.55,0.4609,True,2024-08-13,1,0.2415,24100.0,-0.22,-0.2,24750.0,0.1,0.1032,34.57,15.06,49.63,2024-08-12 15:25:00,EOD,24348.8,35.12,14.78,-0.27,-17.55,260.0,80.0,1.61,-359.16
2024-08-13,SHORT,2024-08-13 10:20:00,24298.25,0.2492,True,2024-08-13,0,0.2415,24250.0,-0.1,-0.1373,24350.0,0.22,0.1224,3.09,2.68,5.77,2024-08-13 15:25:00,EOD,24141.2,108.76,0.01,-103.0,-6695.0,260.0,80.0,0.19,-7035.19
2024-08-20,LONG,2024-08-20 12:55:00,24729.4,0.496,True,2024-08-20,0,0.2435,24700.0,-0.22,-0.258,24800.0,0.1,0.0609,7.08,1.2,8.28,2024-08-20 15:25:00,EOD,24672.85,30.67,0.01,-22.4,-1456.0,260.0,80.0,0.27,-1796.27
2024-08-21,LONG,2024-08-21 10:20:00,24743.9,0.2906,True,2024-08-27,6,0.2458,24200.0,-0.22,-0.2252,25800.0,0.1,0.1009,103.04,36.85,139.89,2024-08-21 15:25:00,EOD,24781.9,94.76,40.85,4.28,278.2,260.0,80.0,4.55,-66.35
2024-08-27,LONG,2024-08-27 11:15:00,25061.25,0.2803,True,2024-08-27,0,0.158,25050.0,-0.22,-0.352,25100.0,0.1,0.0984,7.11,1.39,8.5,2024-08-27 15:25:00,EOD,24997.05,52.95,0.01,-44.46,-2889.9,260.0,80.0,0.28,-3230.18
2024-08-28,LONG,2024-08-28 11:15:00,25065.65,0.3345,True,2024-09-03,6,0.1552,24700.0,-0.22,-0.2112,25750.0,0.1,0.0985,60.26,22.98,83.24,2024-08-28 15:25:00,EOD,25044.85,64.78,21.01,-2.55,-165.75,260.0,80.0,2.71,-508.46
2024-08-29,LONG,2024-08-29 12:25:00,25142.9,0.4015,True,2024-09-03,5,0.1425,24850.0,-0.22,-0.2223,25700.0,0.1,0.1052,54.07,20.95,75.02,2024-08-29 14:00:00,SL,25017.5,87.94,10.77,-23.69,-1539.85,260.0,80.0,2.44,-1882.29
2024-09-02,SHORT,2024-09-02 12:40:00,25276.8,0.2057,True,2024-09-03,1,0.12,25100.0,-0.1,-0.1253,25400.0,0.22,0.2289,9.91,21.03,30.94,2024-09-02 15:25:00,EOD,25273.9,10.28,20.37,0.29,18.85,260.0,80.0,1.01,-322.16
2024-09-04,LONG,2024-09-04 13:15:00,25175.8,0.2974,True,2024-09-10,6,0.12,24900.0,-0.22,-0.2139,25700.0,0.1,0.1034,47.48,18.97,66.45,2024-09-04 15:25:00,EOD,25206.35,41.29,22.36,2.8,182.0,260.0,80.0,2.16,-160.16
2024-09-05,SHORT,2024-09-05 10:25:00,25175.45,0.3514,True,2024-09-10,5,0.12,24750.0,-0.1,-0.0996,25500.0,0.22,0.2,16.75,39.21,55.96,2024-09-05 15:25:00,EOD,25144.8,20.05,33.45,2.46,159.9,260.0,80.0,1.82,-181.92
2024-09-09,LONG,2024-09-09 10:40:00,24888.85,0.4658,True,2024-09-10,1,0.12,24750.0,-0.22,-0.1782,25100.0,0.1,0.0945,15.12,6.9,22.02,2024-09-09 15:25:00,EOD,24942.25,7.73,13.72,0.57,37.05,260.0,80.0,0.72,-303.67
2024-09-10,LONG,2024-09-10 11:55:00,25024.55,0.474,True,2024-09-10,0,0.12,25000.0,-0.22,-0.1385,25050.0,0.1,0.1321,1.6,1.51,3.11,2024-09-10 15:25:00,EOD,25052.1,0.01,7.54,-4.44,-288.6,260.0,80.0,0.1,-628.7
2024-09-17,LONG,2024-09-17 11:20:00,25428.35,0.255,True,2024-09-17,0,0.1477,25400.0,-0.22,-0.1579,25500.0,0.1,0.0059,2.35,0.05,2.4,2024-09-17 15:25:00,EOD,25407.15,4.91,0.01,-2.52,-163.8,260.0,80.0,0.08,-503.88
2024-09-18,LONG,2024-09-18 10:40:00,25466.5,0.2455,True,2024-09-24,6,0.1477,25150.0,-0.22,-0.2339,26150.0,0.1,0.0914,66.55,20.34,86.89,2024-09-18 13:05:00,SL,25380.8,89.02,13.66,-15.79,-1026.35,260.0,80.0,2.82,-1369.17
2024-09-19,SHORT,2024-09-19 11:25:00,25440.05,0.5112,True,2024-09-24,5,0.1473,24900.0,-0.1,-0.0959,25800.0,0.22,0.2251,19.88,56.54,76.42,2024-09-19 15:25:00,EOD,25445.0,19.41,57.67,-0.66,-42.9,260.0,80.0,2.48,-385.38
2024-09-25,SHORT,2024-09-25 11:50:00,25877.75,0.2412,True,2024-10-01,6,0.1679,25200.0,-0.1,-0.0979,26350.0,0.22,0.2177,25.94,68.65,94.59,2024-09-25 15:00:00,SL,25954.15,19.31,86.88,-11.6,-754.0,260.0,80.0,3.07,-1097.07
2024-09-26,LONG,2024-09-26 11:50:00,26081.55,0.2954,True,2024-10-01,5,0.1657,25700.0,-0.22,-0.2074,26750.0,0.1,0.1058,59.72,25.42,85.14,2024-09-26 15:25:00,EOD,26184.65,41.17,38.42,5.55,360.75,260.0,80.0,2.77,17.98
2024-09-27,SHORT,2024-09-27 12:50:00,26196.15,0.2402,True,2024-10-01,4,0.1416,25700.0,-0.1,-0.0893,26500.0,0.22,0.235,16.15,53.04,69.19,2024-09-27 15:25:00,EOD,26175.0,18.13,48.24,2.82,183.3,260.0,80.0,2.25,-158.95
2024-09-30,SHORT,2024-09-30 10:35:00,25953.9,0.6669,True,2024-10-01,1,0.145,25700.0,-0.1,-0.093,26100.0,0.22,0.2381,8.58,27.46,36.04,2024-09-30 15:25:00,EOD,25822.8,30.31,7.5,-1.77,-115.05,260.0,80.0,1.17,-456.22
2024-10-01,SHORT,2024-10-01 10:30:00,25761.95,0.4636,True,2024-10-01,0,0.1786,25700.0,-0.1,-0.0369,25800.0,0.22,0.1378,0.51,2.43,2.94,2024-10-01 15:25:00,EOD,25812.55,0.01,17.38,-14.45,-939.25,260.0,80.0,0.1,-1279.35
2024-10-07,SHORT,2024-10-07 10:35:00,24968.55,0.4974,True,2024-10-08,1,0.201,24650.0,-0.1,-0.107,25200.0,0.22,0.1964,13.56,28.51,42.07,2024-10-07 15:25:00,EOD,24819.0,39.36,9.01,-6.3,-409.5,260.0,80.0,1.37,-750.87
2024-10-08,LONG,2024-10-08 10:30:00,24918.6,0.5831,True,2024-10-08,0,0.2057,24900.0,-0.22,-0.3143,25000.0,0.1,0.0181,7.86,0.25,8.11,2024-10-08 15:25:00,EOD,25039.5,0.01,40.47,-32.37,-2104.05,260.0,80.0,0.26,-2444.31
2024-10-09,LONG,2024-10-09 10:45:00,25205.35,0.6352,True,2024-10-15,6,0.2143,24700.0,-0.22,-0.2148,26150.0,0.1,0.0991,85.91,32.09,118.0,2024-10-09 14:45:00,SL,25031.35,130.1,18.26,-30.36,-1973.4,260.0,80.0,3.83,-2317.23
2024-10-11,SHORT,2024-10-11 11:20:00,24929.85,0.3782,True,2024-10-15,4,0.214,24250.0,-0.1,-0.1007,25400.0,0.22,0.2144,26.91,67.44,94.35,2024-10-11 15:25:00,EOD,24975.05,22.67,77.68,-6.0,-390.0,260.0,80.0,3.07,-733.07
2024-10-14,LONG,2024-10-14 11:45:00,25143.85,0.4575,True,2024-10-15,1,0.1886,24950.0,-0.22,-0.2098,25450.0,0.1,0.1144,29.6,13.77,43.37,2024-10-14 15:25:00,EOD,25142.3,29.92,13.6,-0.15,-9.75,260.0,80.0,1.41,-351.16
2024-10-16,SHORT,2024-10-16 11:15:00,24981.3,0.3951,True,2024-10-22,6,0.1894,24250.0,-0.1,-0.1003,25500.0,0.22,0.2147,29.11,73.3,102.41,2024-10-16 15:25:00,EOD,24959.9,31.32,68.81,2.28,148.2,260.0,80.0,3.33,-195.13
2024-10-30,LONG,2024-10-30 11:20:00,24466.05,0.4062,True,2024-11-05,6,0.1311,24200.0,-0.22,-0.235,25050.0,0.1,0.0915,57.01,17.38,74.39,2024-10-30 14:10:00,SL,24337.6,93.81,8.5,-27.92,-1814.8,260.0,80.0,2.42,-2157.22
2024-10-31,SHORT,2024-10-31 12:15:00,24228.4,0.5701,True,2024-11-05,5,0.132,23800.0,-0.1,-0.1112,24550.0,0.22,0.2153,20.29,45.62,65.91,2024-10-31 15:25:00,EOD,24238.5,19.19,47.83,-1.11,-72.15,260.0,80.0,2.14,-414.29
2024-11-05,SHORT,2024-11-05 11:35:00,23898.45,0.4919,True,2024-11-05,0,0.1425,23850.0,-0.1,-0.0295,23950.0,0.22,0.0229,0.29,0.22,0.51,2024-11-05 13:25:00,SL,24026.25,0.01,78.34,-77.84,-5059.6,260.0,80.0,0.02,-5399.62
2024-11-12,SHORT,2024-11-12 12:40:00,24050.05,0.5052,True,2024-11-12,0,0.1662,24000.0,-0.1,-0.0482,24100.0,0.22,0.0496,0.61,0.62,1.23,2024-11-12 15:25:00,EOD,23842.95,157.01,0.01,-155.79,-10126.35,260.0,80.0,0.04,-10466.39
2024-11-25,LONG,2024-11-25 11:00:00,24340.5,0.4892,True,2024-11-26,1,0.2345,24100.0,-0.22,-0.2033,24750.0,0.1,0.0903,34.26,12.45,46.71,2024-11-25 12:50:00,SL,24212.25,69.01,4.56,-26.86,-1745.9,260.0,80.0,1.52,-2087.42
2024-11-28,SHORT,2024-11-28 10:35:00,24136.0,0.3768,True,2024-12-03,5,0.2289,23350.0,-0.1,-0.0998,24650.0,0.22,0.2296,30.88,85.14,116.02,2024-11-28 15:25:00,EOD,23957.45,53.56,51.11,11.35,737.75,260.0,80.0,3.77,393.98
2024-11-29,LONG,2024-11-29 10:30:00,24104.2,0.606,True,2024-12-03,4,0.2339,23700.0,-0.22,-0.2321,24900.0,0.1,0.0993,80.82,27.44,108.26,2024-11-29 15:25:00,EOD,24123.65,76.4,29.43,2.43,157.95,260.0,80.0,3.52,-185.57
2024-12-03,LONG,2024-12-03 10:25:00,24395.5,0.4032,True,2024-12-03,0,0.235,24350.0,-0.22,-0.1458,24450.0,0.1,0.1049,3.25,2.17,5.42,2024-12-03 15:25:00,EOD,24445.85,0.01,10.3,-4.89,-317.85,260.0,80.0,0.18,-658.03
2024-12-04,SHORT,2024-12-04 11:55:00,24414.0,0.5168,True,2024-12-10,6,0.2386,23500.0,-0.1,-0.0972,25050.0,0.22,0.2147,34.63,89.99,124.62,2024-12-04 15:25:00,EOD,24461.55,30.26,100.65,-6.29,-408.85,260.0,80.0,4.05,-752.9
2024-12-10,SHORT,2024-12-10 12:15:00,24591.75,0.3438,True,2024-12-10,0,0.2073,24550.0,-0.1,-0.1383,24650.0,0.22,0.0659,2.71,1.11,3.82,2024-12-10 15:25:00,EOD,24620.5,0.04,1.95,1.83,118.95,260.0,80.0,0.12,-221.17
2024-12-11,LONG,2024-12-11 10:25:00,24653.2,0.265,True,2024-12-17,6,0.2086,24200.0,-0.22,-0.2275,25550.0,0.1,0.0998,88.04,30.78,118.82,2024-12-11 15:25:00,EOD,24629.5,93.56,28.49,-3.23,-209.95,260.0,80.0,3.86,-553.81
2024-12-12,SHORT,2024-12-12 10:55:00,24602.1,0.2878,True,2024-12-17,5,0.1983,23900.0,-0.1,-0.0972,25100.0,0.22,0.208,26.37,66.28,92.65,2024-12-12 15:25:00,EOD,24539.5,33.08,54.21,5.36,348.4,260.0,80.0,3.01,5.39
2024-12-17,SHORT,2024-12-17 10:20:00,24428.9,0.4989,True,2024-12-17,0,0.1505,24400.0,-0.1,-0.1481,24450.0,0.22,0.225,2.12,3.61,5.73,2024-12-17 15:25:00,EOD,24319.35,80.6,0.01,-74.88,-4867.2,260.0,80.0,0.19,-5207.39
2024-12-23,LONG,2024-12-23 10:55:00,23825.9,0.4426,True,2024-12-24,1,0.1707,23650.0,-0.22,-0.1967,24100.0,0.1,0.1047,23.37,10.61,33.98,2024-12-23 12:50:00,SL,23701.6,59.42,2.72,-28.16,-1830.4,260.0,80.0,1.1,-2171.5
2024-12-24,LONG,2024-12-24 10:25:00,23852.8,0.5574,True,2024-12-24,0,0.1699,23800.0,-0.22,-0.0418,23900.0,0.1,0.0622,0.52,0.82,1.34,2024-12-24 15:25:00,SL,23709.65,90.31,0.01,-88.98,-5783.7,260.0,80.0,0.04,-6123.74
2024-12-26,SHORT,2024-12-26 10:45:00,23713.1,0.5287,True,2024-12-31,5,0.1693,23150.0,-0.1,-0.1024,24100.0,0.22,0.223,23.08,59.76,82.84,2024-12-26 15:25:00,EOD,23760.3,18.65,71.01,-6.82,-443.3,260.0,80.0,2.69,-785.99
2024-12-30,LONG,2024-12-30 10:45:00,23840.5,0.4627,True,2024-12-31,1,0.1561,23700.0,-0.22,-0.2268,24100.0,0.1,0.0969,25.67,8.85,34.52,2024-12-30 13:30:00,SL,23709.1,70.76,1.75,-37.99,-2469.35,260.0,80.0,1.12,-2810.47
2025-01-01,LONG,2025-01-01 10:45:00,23710.85,0.5127,True,2025-01-07,6,0.1586,23350.0,-0.22,-0.207,24350.0,0.1,0.1065,56.8,24.42,81.22,2025-01-01 15:25:00,EOD,23758.7,47.56,29.97,3.69,239.85,260.0,80.0,2.64,-102.79
2025-01-02,LONG,2025-01-02 10:20:00,23877.85,0.5296,True,2025-01-07,5,0.1623,23550.0,-0.22,-0.2165,24500.0,0.1,0.0972,56.57,20.59,77.16,2025-01-02 15:25:00,EOD,24167.95,16.23,69.25,-8.32,-540.8,260.0,80.0,2.51,-883.31
2025-01-08,SHORT,2025-01-08 10:20:00,23600.7,0.5488,True,2025-01-14,6,0.2077,22850.0,-0.1,-0.1025,24150.0,0.22,0.2088,30.98,73.17,104.15,2025-01-08 15:25:00,EOD,23675.2,24.09,90.03,-9.97,-648.05,260.0,80.0,3.38,-991.43
2025-01-09,SHORT,2025-01-09 10:45:00,23554.4,0.405,True,2025-01-14,5,0.2063,22850.0,-0.1,-0.0957,24050.0,0.22,0.208,25.8,65.99,91.79,2025-01-09 15:25:00,EOD,23557.2,25.53,66.57,-0.31,-20.15,260.0,80.0,2.98,-363.13
2025-01-15,LONG,2025-01-15 10:45:00,23291.05,0.4673,True,2025-01-21,6,0.1971,22850.0,-0.22,-0.2085,24100.0,0.1,0.0974,70.15,26.72,96.87,2025-01-15 13:30:00,SL,23165.3,100.45,16.58,-20.16,-1310.4,260.0,80.0,3.15,-1653.55
2025-01-17,SHORT,2025-01-17 10:45:00,23147.2,0.5398,True,2025-01-21,4,0.1989,22550.0,-0.1,-0.0969,23550.0,0.22,0.2166,22.15,59.04,81.19,2025-01-17 15:25:00,EOD,23203.1,17.27,72.12,-8.2,-533.0,260.0,80.0,2.64,-875.64
2025-01-20,LONG,2025-01-20 11:15:00,23322.45,0.5943,True,2025-01-21,1,0.1969,23150.0,-0.22,-0.2288,23650.0,0.1,0.0916,32.09,10.2,42.29,2025-01-20 15:25:00,EOD,23337.05,28.88,11.61,1.8,117.0,260.0,80.0,1.37,-224.37
2025-01-23,LONG,2025-01-23 10:20:00,23235.9,0.6269,True,2025-01-28,5,0.175,22900.0,-0.22,-0.2222,23900.0,0.1,0.093,61.46,20.49,81.95,2025-01-23 15:25:00,EOD,23216.3,65.94,18.73,-2.72,-176.8,260.0,80.0,2.66,-519.46
2025-01-27,SHORT,2025-01-27 10:25:00,22853.9,0.467,True,2025-01-28,1,0.1522,22600.0,-0.1,-0.0766,23000.0,0.22,0.2196,6.29,22.85,29.14,2025-01-27 15:25:00,EOD,22816.85,9.72,15.76,3.66,237.9,260.0,80.0,0.95,-103.05
2025-01-28,LONG,2025-01-28 11:35:00,22997.55,0.5066,True,2025-01-28,0,0.1584,22950.0,-0.22,-0.0415,23050.0,0.1,0.0287,0.46,0.3,0.76,2025-01-28 15:25:00,EOD,22976.3,0.78,0.01,-0.03,-1.95,260.0,80.0,0.02,-341.97
2025-01-29,LONG,2025-01-29 10:20:00,23100.05,0.5258,True,2025-02-04,6,0.1657,22750.0,-0.22,-0.2178,23750.0,0.1,0.1065,61.75,24.84,86.59,2025-01-29 15:25:00,EOD,23176.2,46.83,34.1,5.66,367.9,260.0,80.0,2.81,25.09
2025-01-31,LONG,2025-01-31 10:30:00,23409.55,0.5428,True,2025-02-04,4,0.1763,23100.0,-0.22,-0.2209,24000.0,0.1,0.0965,55.33,19.45,74.78,2025-01-31 15:25:00,EOD,23533.85,32.77,34.89,7.12,462.8,260.0,80.0,2.43,120.37
2025-02-01,LONG,2025-02-01 11:20:00,23599.9,0.4958,True,2025-02-04,3,0.1632,23350.0,-0.22,-0.2227,24050.0,0.1,0.1087,45.1,18.17,63.27,2025-02-01 11:50:00,SL,23479.05,78.78,8.41,-23.92,-1554.8,260.0,80.0,2.06,-1896.86
2025-02-03,LONG,2025-02-03 13:05:00,23351.55,0.5303,True,2025-02-04,1,0.1629,23200.0,-0.22,-0.2151,23600.0,0.1,0.1119,24.5,10.76,35.26,2025-02-03 15:25:00,EOD,23359.7,22.8,11.71,0.75,48.75,260.0,80.0,1.15,-292.4
2025-02-06,SHORT,2025-02-06 11:05:00,23617.5,0.6563,True,2025-02-11,5,0.1874,23000.0,-0.1,-0.104,24050.0,0.22,0.219,25.94,64.3,90.24,2025-02-06 15:25:00,EOD,23628.05,24.86,66.64,-1.26,-81.9,260.0,80.0,2.93,-424.83
2025-02-11,SHORT,2025-02-11 10:40:00,23259.3,0.5451,True,2025-02-11,0,0.1706,23200.0,-0.1,-0.0236,23300.0,0.22,0.0881,0.27,1.22,1.49,2025-02-11 15:25:00,EOD,23070.5,129.46,0.01,-127.98,-8318.7,260.0,80.0,0.05,-8658.75
2025-02-14,SHORT,2025-02-14 10:35:00,22951.75,0.5498,True,2025-02-18,4,0.173,22450.0,-0.1,-0.1022,23300.0,0.22,0.2167,20.34,50.99,71.33,2025-02-14 15:25:00,EOD,22897.25,26.59,40.19,4.55,295.75,260.0,80.0,2.32,-46.57
2025-02-17,LONG,2025-02-17 10:40:00,22916.15,0.657,True,2025-02-18,1,0.1723,22750.0,-0.22,-0.2029,23200.0,0.1,0.09,23.6,8.59,32.19,2025-02-17 15:25:00,EOD,22963.5,15.43,13.82,2.94,191.1,260.0,80.0,1.05,-149.95
2025-02-18,SHORT,2025-02-18 10:20:00,22842.5,0.5462,True,2025-02-18,0,0.1628,22800.0,-0.1,-0.0646,22850.0,0.22,0.3962,0.79,7.89,8.68,2025-02-18 15:25:00,EOD,22923.15,0.01,73.19,-64.52,-4193.8,260.0,80.0,0.28,-4534.08
2025-02-24,SHORT,2025-02-24 10:20:00,22552.7,0.4776,True,2025-02-25,1,0.1411,22350.0,-0.1,-0.1055,22700.0,0.22,0.1966,8.44,18.12,26.56,2025-02-24 15:25:00,EOD,22548.85,8.85,17.38,0.33,21.45,260.0,80.0,0.86,-319.41
2025-02-27,SHORT,2025-02-27 10:20:00,22528.2,0.3697,True,2025-03-04,5,0.12,22150.0,-0.1,-0.101,22800.0,0.22,0.2167,15.25,38.89,54.14,2025-02-27 15:25:00,EOD,22510.85,17.09,35.27,1.78,115.7,260.0,80.0,1.76,-226.06
2025-03-13,SHORT,2025-03-13 11:35:00,22432.65,0.4256,True,2025-03-18,5,0.1639,21900.0,-0.1,-0.0953,22800.0,0.22,0.2145,19.38,52.1,71.48,2025-03-13 15:25:00,EOD,22383.3,24.59,42.31,4.58,297.7,260.0,80.0,2.32,-44.62
2025-03-20,LONG,2025-03-20 12:10:00,23072.55,0.4229,True,2025-03-25,5,0.1775,22750.0,-0.22,-0.2324,23700.0,0.1,0.1078,65.62,24.62,90.24,2025-03-20 15:25:00,EOD,23165.7,46.6,36.47,7.17,466.05,260.0,80.0,2.93,123.12
2025-03-21,LONG,2025-03-21 10:25:00,23299.45,0.6221,True,2025-03-25,4,0.1891,22950.0,-0.22,-0.2091,23900.0,0.1,0.1075,55.04,23.63,78.67,2025-03-21 15:25:00,EOD,23355.65,44.24,30.33,4.1,266.5,260.0,80.0,2.56,-76.06
2025-03-24,LONG,2025-03-24 10:30:00,23560.0,0.5394,True,2025-03-25,1,0.1355,23450.0,-0.22,-0.2455,23800.0,0.1,0.0806,24.41,6.1,30.51,2025-03-24 15:25:00,EOD,23674.15,6.59,23.14,0.78,50.7,260.0,80.0,0.99,-290.29
2025-03-26,SHORT,2025-03-26 11:55:00,23589.15,0.5158,True,2025-04-01,6,0.14,23100.0,-0.1,-0.1083,23950.0,0.22,0.2185,22.24,52.53,74.77,2025-03-26 15:25:00,EOD,23464.3,39.62,30.26,4.89,317.85,260.0,80.0,2.43,-24.58
2025-03-28,LONG,2025-03-28 10:45:00,23643.3,0.5307,True,2025-04-01,4,0.1478,23400.0,-0.22,-0.235,24150.0,0.1,0.094,50.71,15.97,66.68,2025-03-28 12:30:00,SL,23504.95,91.96,6.68,-31.96,-2077.4,260.0,80.0,2.17,-2419.57
2025-04-02,LONG,2025-04-02 10:50:00,23293.7,0.5838,True,2025-04-08,6,0.1824,22900.0,-0.22,-0.2159,24050.0,0.1,0.0953,67.88,24.12,92.0,2025-04-02 15:25:00,EOD,23330.8,60.23,27.88,3.89,252.85,260.0,80.0,2.99,-90.14
2025-04-16,LONG,2025-04-16 13:55:00,23380.7,0.4114,True,2025-04-22,6,0.25,22850.0,-0.22,-0.2219,24400.0,0.1,0.0999,97.18,34.98,132.16,2025-04-16 15:25:00,EOD,23433.3,86.04,40.57,5.55,360.75,260.0,80.0,4.3,16.45
2025-04-17,LONG,2025-04-17 10:45:00,23440.15,0.5839,True,2025-04-22,5,0.25,22950.0,-0.22,-0.2215,24350.0,0.1,0.1045,88.57,33.82,122.39,2025-04-17 15:25:00,EOD,23837.75,29.37,101.32,-8.3,-539.5,260.0,80.0,3.98,-883.48
2025-04-21,LONG,2025-04-21 10:40:00,24067.65,0.6602,True,2025-04-22,1,0.25,23850.0,-0.22,-0.2375,24500.0,0.1,0.09,44.2,13.08,57.28,2025-04-21 15:25:00,EOD,24121.2,32.83,18.7,5.75,373.75,260.0,80.0,1.86,31.89
2025-04-22,LONG,2025-04-22 10:20:00,24203.35,0.5425,True,2025-04-22,0,0.25,24150.0,-0.22,-0.1208,24250.0,0.1,0.1547,2.72,3.69,6.41,2025-04-22 15:25:00,EOD,24134.05,22.35,0.01,-15.95,-1036.75,260.0,80.0,0.21,-1376.96
2025-05-05,LONG,2025-05-05 10:40:00,24522.65,0.4535,True,2025-05-06,1,0.2113,24300.0,-0.22,-0.1987,24900.0,0.1,0.0871,30.2,10.84,41.04,2025-05-05 15:25:00,EOD,24459.5,44.93,6.38,-10.27,-667.55,260.0,80.0,1.33,-1008.88
2025-05-08,SHORT,2025-05-08 13:20:00,24355.55,0.3028,True,2025-05-13,5,0.1538,23800.0,-0.1,-0.0901,24700.0,0.22,0.2352,18.44,59.84,78.28,2025-05-08 15:25:00,EOD,24154.1,45.77,25.06,7.45,484.25,260.0,80.0,2.54,141.71
2025-05-16,SHORT,2025-05-16 11:05:00,24956.5,0.3772,True,2025-05-20,4,0.25,24150.0,-0.1,-0.0976,25500.0,0.22,0.2168,30.35,79.89,110.24,2025-05-16 15:25:00,EOD,25013.1,25.23,92.9,-7.89,-512.85,260.0,80.0,3.58,-856.43
2025-05-20,SHORT,2025-05-20 11:50:00,24858.3,0.591,True,2025-05-20,0,0.25,24800.0,-0.1,-0.1064,24900.0,0.22,0.1882,2.4,4.85,7.25,2025-05-20 15:25:00,EOD,24713.85,86.15,0.01,-78.91,-5129.15,260.0,80.0,0.24,-5469.39
2025-05-29,SHORT,2025-05-29 10:35:00,24750.25,0.4439,True,2025-06-03,5,0.25,23850.0,-0.1,-0.0949,25350.0,0.22,0.2197,32.58,89.96,122.54,2025-05-29 15:25:00,SL,24889.7,21.43,124.75,-23.64,-1536.6,260.0,80.0,3.98,-1880.58
2025-06-04,LONG,2025-06-04 13:00:00,24613.9,0.3355,True,2025-06-10,6,0.1669,24250.0,-0.22,-0.2246,25350.0,0.1,0.094,69.0,22.95,91.95,2025-06-04 15:25:00,EOD,24612.0,69.43,22.77,-0.25,-16.25,260.0,80.0,2.99,-359.24
2025-06-05,LONG,2025-06-05 12:00:00,24798.95,0.6029,True,2025-06-10,5,0.1336,24550.0,-0.22,-0.2388,25350.0,0.1,0.09,54.88,16.07,70.95,2025-06-05 15:25:00,EOD,24761.1,64.51,12.95,-6.51,-423.15,260.0,80.0,2.31,-765.46
2025-06-06,LONG,2025-06-06 10:25:00,24834.6,0.5904,True,2025-06-10,4,0.1391,24600.0,-0.22,-0.2394,25300.0,0.1,0.1114,51.33,19.39,70.72,2025-06-06 15:25:00,EOD,25000.3,22.07,46.41,2.24,145.6,260.0,80.0,2.3,-196.7
2025-06-11,LONG,2025-06-11 10:40:00,25173.75,0.3096,True,2025-06-17,6,0.1349,24850.0,-0.22,-0.2065,25750.0,0.1,0.1079,51.06,22.42,73.48,2025-06-11 15:25:00,EOD,25126.8,61.5,17.81,-5.83,-378.95,260.0,80.0,2.39,-721.34
2025-06-12,SHORT,2025-06-12 10:40:00,25044.65,0.5242,True,2025-06-17,5,0.1218,24600.0,-0.1,-0.0924,25350.0,0.22,0.2175,15.45,44.1,59.55,2025-06-12 15:25:00,EOD,24856.0,43.19,15.66,0.7,45.5,260.0,80.0,1.94,-296.44
2025-06-16,LONG,2025-06-16 10:25:00,24825.95,0.4617,True,2025-06-17,1,0.1279,24700.0,-0.22,-0.2149,25050.0,0.1,0.0948,20.43,7.36,27.79,2025-06-16 15:25:00,EOD,24940.95,5.14,27.11,-4.46,-289.9,260.0,80.0,0.9,-630.8
2025-06-17,SHORT,2025-06-17 12:40:00,24844.1,0.5458,True,2025-06-17,0,0.1341,24800.0,-0.1,-0.0394,24850.0,0.22,0.409,0.4,7.4,7.8,2025-06-17 15:25:00,EOD,24841.5,0.06,3.66,4.08,265.2,260.0,80.0,0.25,-75.05
2025-06-24,LONG,2025-06-24 11:05:00,25264.15,0.5552,True,2025-06-24,0,0.1489,25250.0,-0.22,-0.3078,25300.0,0.1,0.1044,5.61,1.42,7.03,2025-06-24 13:25:00,SL,25118.5,131.34,0.01,-124.32,-8080.8,260.0,80.0,0.23,-8421.03
2025-06-25,LONG,2025-06-25 10:35:00,25214.05,0.3325,True,2025-07-01,6,0.1487,24900.0,-0.22,-0.2349,25850.0,0.1,0.1074,66.72,24.61,91.33,2025-06-25 15:25:00,EOD,25236.35,61.64,27.1,2.59,168.35,260.0,80.0,2.97,-174.62
2025-06-27,LONG,2025-06-27 12:15:00,25628.4,0.3877,True,2025-07-01,4,0.1567,25350.0,-0.22,-0.2365,26200.0,0.1,0.098,58.77,19.28,78.05,2025-06-27 15:25:00,EOD,25632.45,57.82,19.68,0.55,35.75,260.0,80.0,2.54,-306.79
2025-06-30,SHORT,2025-06-30 10:45:00,25541.1,0.4919,True,2025-07-01,1,0.1564,25300.0,-0.1,-0.1181,25700.0,0.22,0.2322,12.15,28.18,40.33,2025-06-30 15:25:00,EOD,25507.45,16.7,21.17,2.46,159.9,260.0,80.0,1.31,-181.41
2025-07-02,SHORT,2025-07-02 10:40:00,25491.75,0.4363,True,2025-07-08,6,0.1606,24850.0,-0.1,-0.0967,25950.0,0.22,0.2109,24.07,62.12,86.19,2025-07-02 15:25:00,EOD,25442.85,29.2,52.45,4.54,295.1,260.0,80.0,2.8,-47.7
2025-07-03,LONG,2025-07-03 11:05:00,25561.8,0.5114,True,2025-07-08,5,0.1472,25250.0,-0.22,-0.2198,26150.0,0.1,0.1038,55.98,21.64,77.62,2025-07-03 14:30:00,SL,25429.75,91.31,11.08,-24.77,-1610.05,260.0,80.0,2.52,-1952.57
2025-07-04,SHORT,2025-07-04 11:40:00,25360.65,0.3473,True,2025-07-08,4,0.1391,24900.0,-0.1,-0.0943,25650.0,0.22,0.2349,16.38,50.39,66.77,2025-07-04 14:45:00,SL,25458.65,9.08,77.64,-19.95,-1296.75,260.0,80.0,2.17,-1638.92
2025-07-10,SHORT,2025-07-10 10:50:00,25389.05,0.4874,True,2025-07-15,5,0.1267,24950.0,-0.1,-0.1068,25700.0,0.22,0.2256,19.41,48.74,68.15,2025-07-10 15:25:00,EOD,25348.15,24.21,40.16,3.78,245.7,260.0,80.0,2.21,-96.51
2025-07-11,SHORT,2025-07-11 10:30:00,25219.9,0.331,True,2025-07-15,4,0.12,24850.0,-0.1,-0.1076,25500.0,0.22,0.2072,16.48,36.78,53.26,2025-07-11 15:25:00,EOD,25140.55,27.06,22.99,3.21,208.65,260.0,80.0,1.73,-133.08
2025-07-14,SHORT,2025-07-14 11:25:00,25036.35,0.4361,True,2025-07-15,1,0.12,24850.0,-0.1,-0.1111,25150.0,0.22,0.2452,8.47,22.8,31.27,2025-07-14 15:25:00,EOD,25087.1,4.19,37.99,-10.91,-709.15,260.0,80.0,1.02,-1050.17
2025-07-15,LONG,2025-07-15 10:35:00,25156.9,0.2685,True,2025-07-15,0,0.12,25150.0,-0.22,-0.3794,25200.0,0.1,0.0298,6.03,0.26,6.29,2025-07-15 15:25:00,EOD,25219.65,0.01,20.57,-14.29,-928.85,260.0,80.0,0.2,-1269.05
2025-07-16,SHORT,2025-07-16 10:40:00,25127.05,0.3629,True,2025-07-22,6,0.12,24650.0,-0.1,-0.0929,25450.0,0.22,0.2258,16.86,50.08,66.94,2025-07-16 12:45:00,SL,25218.95,9.96,74.29,-17.31,-1125.15,260.0,80.0,2.18,-1467.33
2025-07-22,SHORT,2025-07-22 11:05:00,25056.05,0.3843,True,2025-07-22,0,0.12,25000.0,-0.1,-0.0067,25100.0,0.22,0.0269,0.05,0.23,0.28,2025-07-22 15:25:00,EOD,25064.9,0.01,0.08,0.19,12.35,260.0,80.0,0.01,-327.66
2025-07-23,LONG,2025-07-23 12:00:00,25152.4,0.2565,True,2025-07-29,6,0.12,24900.0,-0.22,-0.2319,25700.0,0.1,0.093,52.7,16.68,69.38,2025-07-23 15:25:00,EOD,25209.2,40.75,22.7,5.93,385.45,260.0,80.0,2.25,43.2
2025-07-24,SHORT,2025-07-24 11:10:00,25148.45,0.3651,True,2025-07-29,5,0.12,24700.0,-0.1,-0.0883,25450.0,0.22,0.2182,14.48,43.81,58.29,2025-07-24 15:25:00,EOD,25051.9,25.39,26.35,6.55,425.75,260.0,80.0,1.89,83.86
2025-07-28,SHORT,2025-07-28 13:00:00,24707.3,0.5853,True,2025-07-29,1,0.12,24500.0,-0.1,-0.0849,24850.0,0.22,0.188,6.05,15.96,22.01,2025-07-28 15:25:00,EOD,24673.95,9.5,10.6,1.91,124.15,260.0,80.0,0.72,-216.57
2025-07-29,LONG,2025-07-29 13:05:00,24728.0,0.5226,True,2025-07-29,0,0.12,24700.0,-0.22,-0.1049,24750.0,0.1,0.1644,1.12,1.95,3.07,2025-07-29 15:25:00,EOD,24830.4,0.01,80.45,-77.39,-5030.35,260.0,80.0,0.1,-5370.45
2025-07-31,LONG,2025-07-31 11:20:00,24787.95,0.3814,True,2025-08-05,5,0.12,24550.0,-0.22,-0.2245,25250.0,0.1,0.1067,45.41,17.71,63.12,2025-07-31 15:25:00,EOD,24765.6,50.65,15.45,-2.98,-193.7,260.0,80.0,2.05,-535.75
2025-08-04,LONG,2025-08-04 11:20:00,24676.4,0.4722,True,2025-08-05,1,0.12,24550.0,-0.22,-0.1979,24900.0,0.1,0.0801,17.12,5.61,22.73,2025-08-04 15:25:00,EOD,24726.9,9.2,11.07,2.46,159.9,260.0,80.0,0.74,-180.84
2025-08-06,SHORT,2025-08-06 10:35:00,24569.1,0.3731,True,2025-08-12,6,0.1235,24100.0,-0.1,-0.0981,24900.0,0.22,0.2208,18.11,48.97,67.08,2025-08-06 15:25:00,EOD,24569.6,18.06,49.08,-0.06,-3.9,260.0,80.0,2.18,-346.08
2025-08-07,SHORT,2025-08-07 10:25:00,24450.15,0.3387,True,2025-08-12,5,0.123,24050.0,-0.1,-0.112,24750.0,0.22,0.2183,19.23,43.66,62.89,2025-08-07 15:00:00,SL,24542.9,10.92,67.74,-15.77,-1025.05,260.0,80.0,2.04,-1367.09
2025-08-08,SHORT,2025-08-08 10:35:00,24434.5,0.6054,True,2025-08-12,4,0.1207,24050.0,-0.1,-0.0937,24700.0,0.22,0.214,13.59,37.36,50.95,2025-08-08 15:25:00,EOD,24350.85,23.57,22.53,4.85,315.25,260.0,80.0,1.66,-26.41
2025-08-11,LONG,2025-08-11 10:25:00,24441.35,0.3325,True,2025-08-12,1,0.1239,24300.0,-0.22,-0.1775,24650.0,0.1,0.1003,15.26,7.52,22.78,2025-08-11 15:25:00,EOD,24562.15,3.03,30.46,-10.71,-696.15,260.0,80.0,0.74,-1036.89
2025-08-13,LONG,2025-08-13 12:30:00,24614.4,0.3218,True,2025-08-19,6,0.1323,24300.0,-0.22,-0.2034,25200.0,0.1,0.0943,48.02,18.29,66.31,2025-08-13 15:25:00,EOD,24630.4,44.85,19.85,1.61,104.65,260.0,80.0,2.16,-237.51
2025-08-19,LONG,2025-08-19 11:05:00,24939.15,0.2513,True,2025-08-19,0,0.1358,24900.0,-0.22,-0.0623,25000.0,0.1,0.0089,0.69,0.08,0.77,2025-08-19 15:25:00,EOD,24989.7,0.01,3.23,-2.47,-160.55,260.0,80.0,0.03,-500.58
2025-08-20,LONG,2025-08-20 10:30:00,25002.75,0.2894,True,2025-08-26,6,0.1339,24700.0,-0.22,-0.2176,25600.0,0.1,0.0961,53.85,19.23,73.08,2025-08-20 15:25:00,EOD,25047.15,44.85,23.91,4.32,280.8,260.0,80.0,2.38,-61.58
2025-08-22,SHORT,2025-08-22 10:20:00,24920.5,0.6268,True,2025-08-26,4,0.132,24500.0,-0.1,-0.0986,25200.0,0.22,0.2271,16.13,45.0,61.13,2025-08-22 15:25:00,EOD,24869.45,21.86,34.51,4.76,309.4,260.0,80.0,1.99,-32.59
2025-08-25,LONG,2025-08-25 12:10:00,24974.7,0.3198,True,2025-08-26,1,0.1329,24850.0,-0.22,-0.227,25200.0,0.1,0.1035,22.92,8.55,31.47,2025-08-25 15:25:00,EOD,24978.55,22.06,8.96,0.45,29.25,260.0,80.0,1.02,-311.77
2025-08-29,LONG,2025-08-29 11:45:00,24569.8,0.4096,True,2025-09-02,4,0.1524,24300.0,-0.22,-0.2282,25100.0,0.1,0.0993,52.28,18.27,70.55,2025-08-29 14:35:00,SL,24464.15,80.97,10.0,-20.42,-1327.3,260.0,80.0,2.29,-1669.59
2025-09-01,LONG,2025-09-01 12:25:00,24571.6,0.5245,True,2025-09-02,1,0.1531,24400.0,-0.22,-0.1838,24850.0,0.1,0.0838,19.81,7.52,27.33,2025-09-01 15:25:00,EOD,24624.3,11.85,13.16,2.32,150.8,260.0,80.0,0.89,-190.09
2025-09-02,LONG,2025-09-02 12:35:00,24752.55,0.4718,True,2025-09-02,0,0.1493,24700.0,-0.22,-0.0295,24800.0,0.1,0.0452,0.32,0.52,0.84,2025-09-02 13:50:00,SL,24631.35,70.44,0.01,-69.61,-4524.65,260.0,80.0,0.03,-4864.68
2025-09-08,LONG,2025-09-08 12:35:00,24852.3,0.3522,True,2025-09-09,1,0.1379,24700.0,-0.22,-0.1895,25100.0,0.1,0.0893,18.77,7.39,26.16,2025-09-08 15:10:00,SL,24758.5,44.15,2.14,-20.13,-1308.45,260.0,80.0,0.85,-1649.3
2025-09-10,LONG,2025-09-10 10:25:00,25029.1,0.2376,True,2025-09-16,6,0.1235,24750.0,-0.22,-0.2167,25550.0,0.1,0.1102,49.42,20.96,70.38,2025-09-10 13:15:00,SL,24958.1,66.75,14.25,-10.62,-690.3,260.0,80.0,2.29,-1032.59
2025-09-12,LONG,2025-09-12 11:05:00,25102.75,0.2065,True,2025-09-16,4,0.1251,24850.0,-0.22,-0.2022,25550.0,0.1,0.099,37.46,15.29,52.75,2025-09-12 15:25:00,EOD,25107.7,36.47,15.78,0.5,32.5,260.0,80.0,1.71,-309.21
2025-09-16,LONG,2025-09-16 12:20:00,25191.65,0.4443,True,2025-09-16,0,0.12,25150.0,-0.22,-0.0336,25250.0,0.1,0.0054,0.3,0.04,0.34,2025-09-16 15:25:00,EOD,25254.45,0.01,8.95,-8.62,-560.3,260.0,80.0,0.01,-900.31
2025-09-18,SHORT,2025-09-18 12:35:00,25389.7,0.2172,True,2025-09-23,5,0.12,24950.0,-0.1,-0.0944,25700.0,0.22,0.2135,15.84,42.99,58.83,2025-09-18 15:25:00,EOD,25420.75,13.13,50.02,-4.32,-280.8,260.0,80.0,1.91,-622.71
2025-09-23,SHORT,2025-09-23 11:10:00,25098.9,0.5607,True,2025-09-23,0,0.12,25050.0,-0.1,-0.0156,25150.0,0.22,0.0126,0.13,0.1,0.23,2025-09-23 14:05:00,SL,25250.85,0.01,101.17,-100.95,-6561.75,260.0,80.0,0.01,-6901.76
2025-09-24,SHORT,2025-09-24 11:05:00,25031.9,0.4008,True,2025-09-30,6,0.12,24550.0,-0.1,-0.09,25350.0,0.22,0.2286,16.17,50.69,66.86,2025-09-24 15:25:00,EOD,25060.9,13.74,57.66,-4.54,-295.1,260.0,80.0,2.17,-637.27
2025-09-25,SHORT,2025-09-25 11:40:00,24989.75,0.3551,True,2025-09-30,5,0.12,24550.0,-0.1,-0.091,25300.0,0.22,0.2095,14.93,41.31,56.24,2025-09-25 15:25:00,EOD,24904.55,24.57,26.24,5.43,352.95,260.0,80.0,1.83,11.12
2025-09-26,SHORT,2025-09-26 11:15:00,24755.95,0.4427,True,2025-09-30,4,0.12,24400.0,-0.1,-0.112,25000.0,0.22,0.2364,16.98,42.83,59.81,2025-09-26 15:25:00,EOD,24673.1,28.59,26.43,4.79,311.35,260.0,80.0,1.94,-30.59
2025-09-29,SHORT,2025-09-29 11:45:00,24643.5,0.4806,True,2025-09-30,1,0.12,24450.0,-0.1,-0.0991,24750.0,0.22,0.2562,7.27,23.77,31.04,2025-09-29 15:25:00,EOD,24677.55,4.49,33.76,-7.21,-468.65,260.0,80.0,1.01,-809.66
2025-09-30,SHORT,2025-09-30 10:25:00,24624.0,0.3995,True,2025-09-30,0,0.12,24600.0,-0.1,-0.14,24650.0,0.22,0.1231,1.59,1.36,2.95,2025-09-30 15:25:00,EOD,24633.6,0.09,1.23,1.63,105.95,260.0,80.0,0.1,-234.15
2025-10-01,LONG,2025-10-01 11:10:00,24702.2,0.358,True,2025-10-07,6,0.12,24450.0,-0.22,-0.2284,25250.0,0.1,0.0888,50.74,15.5,66.24,2025-10-01 15:25:00,EOD,24853.4,24.35,34.64,7.25,471.25,260.0,80.0,2.15,129.1
2025-10-06,LONG,2025-10-06 10:20:00,24974.8,0.3702,True,2025-10-07,1,0.12,24850.0,-0.22,-0.2035,25200.0,0.1,0.0811,17.96,5.77,23.73,2025-10-06 15:25:00,EOD,25072.55,5.17,19.69,-1.13,-73.45,260.0,80.0,0.77,-414.22
2025-10-07,LONG,2025-10-07 13:40:00,25210.35,0.5021,True,2025-10-07,0,0.1251,25200.0,-0.22,-0.3303,25250.0,0.1,0.0486,5.18,0.48,5.66,2025-10-07 15:25:00,EOD,25112.8,87.15,0.01,-81.5,-5297.5,260.0,80.0,0.18,-5637.68
2025-10-08,SHORT,2025-10-08 11:00:00,25070.9,0.4566,True,2025-10-14,6,0.12,24600.0,-0.1,-0.0952,25400.0,0.22,0.2205,17.32,48.46,65.78,2025-10-08 15:25:00,EOD,25023.8,22.31,38.9,4.57,297.05,260.0,80.0,2.14,-45.09
2025-10-09,LONG,2025-10-09 11:05:00,25151.05,0.3838,True,2025-10-14,5,0.12,24900.0,-0.22,-0.2163,25650.0,0.1,0.0921,43.92,15.05,58.97,2025-10-09 15:25:00,EOD,25170.3,39.91,16.92,2.14,139.1,260.0,80.0,1.92,-202.82
2025-10-10,LONG,2025-10-10 10:55:00,25297.0,0.5446,True,2025-10-14,4,0.12,25050.0,-0.22,-0.1993,25750.0,0.1,0.0885,35.53,12.93,48.46,2025-10-10 15:25:00,EOD,25278.2,39.44,11.36,-2.34,-152.1,260.0,80.0,1.57,-493.67
2025-10-14,SHORT,2025-10-14 11:15:00,25140.8,0.5452,True,2025-10-14,0,0.12,25100.0,-0.1,-0.0362,25150.0,0.22,0.3449,0.33,5.26,5.59,2025-10-14 15:25:00,EOD,25123.35,0.52,0.33,4.74,308.1,260.0,80.0,0.18,-32.08
2025-10-15,LONG,2025-10-15 10:20:00,25272.95,0.4316,True,2025-10-21,6,0.12,25000.0,-0.22,-0.2168,25800.0,0.1,0.103,48.52,18.96,67.48,2025-10-15 15:25:00,EOD,25327.75,37.73,25.35,4.4,286.0,260.0,80.0,2.19,-56.19
2025-10-16,LONG,2025-10-16 10:25:00,25453.25,0.2991,True,2025-10-21,5,0.1218,25200.0,-0.22,-0.2203,25950.0,0.1,0.0991,46.17,16.89,63.06,2025-10-16 15:25:00,EOD,25566.3,26.05,31.58,5.43,352.95,260.0,80.0,2.05,10.9
2025-10-23,SHORT,2025-10-23 13:55:00,25990.0,0.4155,True,2025-10-28,5,0.12,25550.0,-0.1,-0.0992,26300.0,0.22,0.2195,17.22,45.63,62.85,2025-10-23 15:25:00,EOD,25870.3,33.02,24.66,5.17,336.05,260.0,80.0,2.04,-5.99
2025-10-24,SHORT,2025-10-24 10:25:00,25826.95,0.4266,True,2025-10-28,4,0.12,25450.0,-0.1,-0.1087,26100.0,0.22,0.2194,17.08,40.56,57.64,2025-10-24 15:25:00,EOD,25797.45,20.55,34.47,2.62,170.3,260.0,80.0,1.87,-171.57
2025-10-27,LONG,2025-10-27 11:10:00,25976.3,0.5752,True,2025-10-28,1,0.12,25850.0,-0.22,-0.2097,26200.0,0.1,0.0912,19.41,6.89,26.3,2025-10-27 15:25:00,EOD,25974.0,19.9,6.69,-0.29,-18.85,260.0,80.0,0.85,-359.7
2025-10-28,SHORT,2025-10-28 10:30:00,25880.8,0.5993,True,2025-10-28,0,0.12,25850.0,-0.1,-0.0938,25900.0,0.22,0.208,1.03,2.75,3.78,2025-10-28 15:25:00,EOD,25965.4,0.01,65.45,-61.68,-4009.2,260.0,80.0,0.12,-4349.32
2025-10-30,SHORT,2025-10-30 13:30:00,25877.6,0.5399,True,2025-11-04,5,0.12,25450.0,-0.1,-0.1044,26200.0,0.22,0.2086,18.24,42.55,60.79,2025-10-30 15:25:00,EOD,25891.2,16.86,45.46,-1.53,-99.45,260.0,80.0,1.98,-441.43
2025-10-31,SHORT,2025-10-31 10:30:00,25810.6,0.5098,True,2025-11-04,4,0.12,25400.0,-0.1,-0.0902,26100.0,0.22,0.2048,13.63,37.09,50.72,2025-10-31 15:25:00,EOD,25732.55,22.37,23.6,4.75,308.75,260.0,80.0,1.65,-32.9
2025-11-03,LONG,2025-11-03 10:40:00,25772.25,0.4541,True,2025-11-04,1,0.12,25650.0,-0.22,-0.2152,26000.0,0.1,0.0855,19.92,6.33,26.25,2025-11-03 15:25:00,EOD,25774.3,19.48,6.51,0.26,16.9,260.0,80.0,0.85,-323.95
2025-11-04,SHORT,2025-11-04 11:20:00,25670.8,0.4421,True,2025-11-04,0,0.12,25650.0,-0.1,-0.1844,25700.0,0.22,0.1058,2.34,1.18,3.52,2025-11-04 15:25:00,EOD,25586.25,63.7,0.01,-60.19,-3912.35,260.0,80.0,0.11,-4252.46
2025-11-07,LONG,2025-11-07 11:30:00,25461.25,0.5081,True,2025-11-11,4,0.12,25250.0,-0.22,-0.2339,25900.0,0.1,0.0973,43.98,14.58,58.56,2025-11-07 15:25:00,EOD,25510.05,33.66,20.01,4.89,317.85,260.0,80.0,1.9,-24.05
2025-11-10,LONG,2025-11-10 10:20:00,25619.05,0.389,True,2025-11-11,1,0.12,25500.0,-0.22,-0.2197,25850.0,0.1,0.0812,20.34,5.92,26.26,2025-11-10 15:25:00,EOD,25574.25,32.16,3.11,-9.01,-585.65,260.0,80.0,0.85,-926.5
2025-11-11,SHORT,2025-11-11 10:30:00,25469.8,0.5923,True,2025-11-11,0,0.12,25450.0,-0.1,-0.1942,25500.0,0.22,0.0964,2.48,1.05,3.53,2025-11-11 13:35:00,SL,25637.6,0.01,137.98,-134.46,-8739.9,260.0,80.0,0.11,-9080.01
2025-11-12,LONG,2025-11-12 10:35:00,25867.2,0.3231,True,2025-11-18,6,0.12,25600.0,-0.22,-0.226,26400.0,0.1,0.106,52.41,20.09,72.5,2025-11-12 15:25:00,EOD,25874.0,50.89,20.82,0.79,51.35,260.0,80.0,2.36,-291.01
2025-11-13,LONG,2025-11-13 10:20:00,25913.2,0.383,True,2025-11-18,5,0.12,25650.0,-0.22,-0.2126,26400.0,0.1,0.1048,44.26,18.12,62.38,2025-11-13 15:25:00,EOD,25884.1,50.79,15.28,-3.69,-239.85,260.0,80.0,2.03,-581.88
2025-11-17,LONG,2025-11-17 12:35:00,25981.75,0.2835,True,2025-11-18,1,0.12,25850.0,-0.22,-0.2002,26200.0,0.1,0.0968,18.3,7.41,25.71,2025-11-17 15:25:00,EOD,26014.3,12.64,11.16,1.91,124.15,260.0,80.0,0.84,-216.69
2025-11-19,LONG,2025-11-19 10:30:00,25977.05,0.4334,True,2025-11-25,6,0.12,25700.0,-0.22,-0.2194,26550.0,0.1,0.09,50.66,16.57,67.23,2025-11-19 15:25:00,EOD,26052.7,36.06,24.64,6.53,424.45,260.0,80.0,2.18,82.27
2025-11-20,LONG,2025-11-20 10:45:00,26140.4,0.2793,True,2025-11-25,5,0.12,25900.0,-0.22,-0.2332,26650.0,0.1,0.0961,50.34,16.47,66.81,2025-11-20 15:25:00,EOD,26197.4,38.35,22.75,5.71,371.15,260.0,80.0,2.17,28.98
2025-11-27,SHORT,2025-11-27 13:10:00,26177.25,0.3741,True,2025-12-02,5,0.12,25750.0,-0.1,-0.1071,26500.0,0.22,0.2113,19.02,43.74,62.76,2025-11-27 15:25:00,EOD,26219.85,14.89,53.47,-5.6,-364.0,260.0,80.0,2.04,-706.04
2025-11-28,LONG,2025-11-28 10:40:00,26274.5,0.3645,True,2025-12-02,4,0.12,26050.0,-0.22,-0.2278,26700.0,0.1,0.112,43.86,17.83,61.69,2025-11-28 15:25:00,EOD,26204.55,62.15,11.29,-11.75,-763.75,260.0,80.0,2.0,-1105.75
2025-12-01,SHORT,2025-12-01 10:50:00,26229.65,0.2384,True,2025-12-02,1,0.12,26000.0,-0.1,-0.0761,26350.0,0.22,0.2428,5.65,23.57,29.22,2025-12-01 15:25:00,EOD,26175.95,11.2,13.06,4.96,322.4,260.0,80.0,0.95,-18.55
2025-12-02,SHORT,2025-12-02 12:50:00,26043.9,0.4137,True,2025-12-02,0,0.12,26000.0,-0.1,-0.0311,26050.0,0.22,0.3998,0.29,6.72,7.01,2025-12-02 15:25:00,EOD,26057.0,0.01,10.77,-3.77,-245.05,260.0,80.0,0.23,-585.28
2025-12-03,SHORT,2025-12-03 11:20:00,25893.5,0.6528,True,2025-12-09,6,0.12,25400.0,-0.1,-0.0921,26250.0,0.22,0.2085,17.2,46.57,63.77,2025-12-03 15:25:00,EOD,25985.1,10.33,68.87,-15.43,-1002.95,260.0,80.0,2.07,-1345.02
2025-12-04,LONG,2025-12-04 10:20:00,26050.55,0.4264,True,2025-12-09,5,0.12,25800.0,-0.22,-0.2241,26550.0,0.1,0.1,47.61,17.21,64.82,2025-12-04 15:25:00,EOD,26017.1,55.58,14.13,-4.89,-317.85,260.0,80.0,2.11,-659.96
2025-12-05,LONG,2025-12-05 10:45:00,26124.2,0.4945,True,2025-12-09,4,0.12,25900.0,-0.22,-0.2269,26550.0,0.1,0.1105,43.38,17.43,60.81,2025-12-05 15:25:00,EOD,26176.65,32.69,24.07,4.05,263.25,260.0,80.0,1.98,-78.73
2025-12-09,LONG,2025-12-09 12:20:00,25921.55,0.6334,True,2025-12-09,0,0.1241,25900.0,-0.22,-0.1864,25950.0,0.1,0.122,2.48,1.46,3.94,2025-12-09 15:25:00,EOD,25841.75,58.2,0.01,-54.27,-3527.55,260.0,80.0,0.13,-3867.68
2025-12-10,SHORT,2025-12-10 11:50:00,25828.1,0.3898,True,2025-12-16,6,0.1221,25350.0,-0.1,-0.1022,26150.0,0.22,0.2374,19.79,55.92,75.71,2025-12-10 15:25:00,EOD,25742.65,30.28,38.29,7.14,464.1,260.0,80.0,2.46,121.64
2025-12-11,LONG,2025-12-11 10:30:00,25830.8,0.5013,True,2025-12-16,5,0.12,25600.0,-0.22,-0.239,26350.0,0.1,0.0891,51.37,14.86,66.23,2025-12-11 15:25:00,EOD,25898.4,37.07,21.99,7.17,466.05,260.0,80.0,2.15,123.9
2025-12-15,LONG,2025-12-15 11:50:00,26007.55,0.3955,True,2025-12-16,1,0.1234,25900.0,-0.22,-0.2506,26250.0,0.1,0.0798,25.21,6.06,31.27,2025-12-15 15:25:00,EOD,26014.0,23.63,6.59,1.05,68.25,260.0,80.0,1.02,-272.77
2025-12-17,SHORT,2025-12-17 10:25:00,25813.65,0.4074,True,2025-12-23,6,0.12,25350.0,-0.1,-0.1047,26150.0,0.22,0.2223,20.0,50.44,70.44,2025-12-17 15:25:00,EOD,25821.8,19.16,52.28,-1.0,-65.0,260.0,80.0,2.29,-407.29
2025-12-18,LONG,2025-12-18 10:20:00,25834.45,0.392,True,2025-12-23,5,0.12,25600.0,-0.22,-0.2359,26350.0,0.1,0.0907,50.5,15.19,65.69,2025-12-18 15:25:00,EOD,25815.65,55.09,13.57,-2.97,-193.05,260.0,80.0,2.13,-535.18
2025-12-19,LONG,2025-12-19 10:40:00,25974.85,0.3476,True,2025-12-23,4,0.12,25750.0,-0.22,-0.2251,26400.0,0.1,0.1095,42.69,17.14,59.83,2025-12-19 15:25:00,EOD,25961.4,45.8,15.72,-1.69,-109.85,260.0,80.0,1.94,-451.79
2025-12-26,SHORT,2025-12-26 11:15:00,26064.5,0.2614,True,2025-12-30,4,0.12,25650.0,-0.1,-0.0903,26350.0,0.22,0.2106,13.78,38.83,52.61,2025-12-26 15:25:00,EOD,26047.65,15.37,35.41,1.83,118.95,260.0,80.0,1.71,-222.76
2025-12-29,SHORT,2025-12-29 10:30:00,26019.4,0.3067,True,2025-12-30,1,0.12,25800.0,-0.1,-0.0838,26150.0,0.22,0.2219,6.28,20.8,27.08,2025-12-29 15:25:00,EOD,25949.8,14.88,9.27,2.93,190.45,260.0,80.0,0.88,-150.43
2025-12-30,LONG,2025-12-30 10:20:00,25968.7,0.3053,True,2025-12-30,0,0.12,25950.0,-0.22,-0.2121,26000.0,0.1,0.0927,2.84,1.02,3.86,2025-12-30 15:25:00,EOD,25970.55,0.86,0.26,2.74,178.1,260.0,80.0,0.13,-162.03
2025-12-31,LONG,2025-12-31 10:30:00,26030.95,0.2214,True,2026-01-06,6,0.12,25750.0,-0.22,-0.217,26600.0,0.1,0.092,50.02,17.05,67.07,2025-12-31 15:25:00,EOD,26141.85,30.13,30.11,6.83,443.95,260.0,80.0,2.18,101.77
2026-01-01,SHORT,2026-01-01 12:10:00,26125.0,0.262,True,2026-01-06,5,0.12,25700.0,-0.1,-0.1078,26450.0,0.22,0.209,19.14,43.06,62.2,2026-01-01 15:25:00,EOD,26140.25,17.55,46.33,-1.68,-109.2,260.0,80.0,2.02,-451.22
2026-01-02,LONG,2026-01-02 11:25:00,26273.25,0.5577,True,2026-01-06,4,0.12,26050.0,-0.22,-0.229,26700.0,0.1,0.1113,44.14,17.69,61.83,2026-01-02 15:25:00,EOD,26335.7,31.55,25.85,4.43,287.95,260.0,80.0,2.01,-54.06
2026-01-05,LONG,2026-01-05 10:20:00,26367.7,0.368,True,2026-01-06,1,0.12,26250.0,-0.22,-0.2285,26600.0,0.1,0.0861,22.03,6.54,28.57,2026-01-05 13:50:00,SL,26263.8,56.96,1.42,-29.81,-1937.65,260.0,80.0,0.93,-2278.58
2026-01-06,SHORT,2026-01-06 11:15:00,26156.6,0.4389,True,2026-01-06,0,0.12,26100.0,-0.1,-0.0083,26200.0,0.22,0.0341,0.07,0.32,0.39,2026-01-06 15:25:00,EOD,26174.65,0.01,0.48,-0.1,-6.5,260.0,80.0,0.01,-346.51
2026-01-07,SHORT,2026-01-07 12:40:00,26083.25,0.3437,True,2026-01-13,6,0.12,25600.0,-0.1,-0.0981,26450.0,0.22,0.2032,18.68,45.38,64.06,2026-01-07 15:25:00,EOD,26142.9,13.55,58.8,-8.29,-538.85,260.0,80.0,2.08,-880.93
2026-01-08,SHORT,2026-01-08 10:20:00,26034.8,0.3677,True,2026-01-13,5,0.12,25600.0,-0.1,-0.1021,26350.0,0.22,0.2158,17.86,44.71,62.57,2026-01-08 15:25:00,EOD,25868.9,42.87,18.6,1.1,71.5,260.0,80.0,2.03,-270.53
2026-01-09,SHORT,2026-01-09 11:00:00,25810.65,0.4721,True,2026-01-13,4,0.12,25400.0,-0.1,-0.0902,26100.0,0.22,0.2048,13.63,37.1,50.73,2026-01-09 15:25:00,EOD,25703.7,26.59,19.75,4.39,285.35,260.0,80.0,1.65,-56.3
2026-01-12,SHORT,2026-01-12 11:15:00,25514.95,0.6665,True,2026-01-13,1,0.12,25300.0,-0.1,-0.084,25650.0,0.22,0.2093,6.18,18.9,25.08,2026-01-12 12:30:00,SL,25699.55,0.3,94.98,-70.2,-4563.0,260.0,80.0,0.82,-4903.82
2026-01-14,LONG,2026-01-14 11:25:00,25770.4,0.4715,True,2026-01-20,6,0.12,25500.0,-0.22,-0.2228,26300.0,0.1,0.1066,51.26,20.14,71.4,2026-01-14 13:50:00,SL,25640.4,87.09,9.69,-25.38,-1649.7,260.0,80.0,2.32,-1992.02
2026-01-16,LONG,2026-01-16 10:20:00,25848.45,0.6476,True,2026-01-20,4,0.12,25600.0,-0.22,-0.2028,26300.0,0.1,0.0942,37.11,14.23,51.34,2026-01-16 13:25:00,SL,25679.2,85.57,4.16,-38.39,-2495.35,260.0,80.0,1.67,-2837.02
2026-01-19,SHORT,2026-01-19 10:35:00,25503.8,0.495,True,2026-01-20,1,0.12,25300.0,-0.1,-0.0953,25650.0,0.22,0.1898,7.18,16.68,23.86,2026-01-19 14:50:00,SL,25631.6,1.03,57.57,-34.74,-2258.1,260.0,80.0,0.78,-2598.88
2026-01-20,SHORT,2026-01-20 12:05:00,25432.7,0.5902,True,2026-01-20,0,0.12,25400.0,-0.1,-0.0773,25450.0,0.22,0.228,0.8,3.05,3.85,2026-01-20 15:25:00,EOD,25225.35,174.6,0.01,-170.76,-11099.4,260.0,80.0,0.13,-11439.53
2026-01-21,SHORT,2026-01-21 10:20:00,25105.85,0.5623,True,2026-01-27,6,0.1332,24600.0,-0.1,-0.1033,25450.0,0.22,0.2339,21.25,58.09,79.34,2026-01-21 12:45:00,SL,25277.65,8.7,109.73,-39.09,-2540.85,260.0,80.0,2.58,-2883.43
2026-01-22,SHORT,2026-01-22 10:55:00,25221.7,0.5199,True,2026-01-27,5,0.12,24800.0,-0.1,-0.1019,25500.0,0.22,0.2386,17.25,49.34,66.59,2026-01-22 15:25:00,EOD,25320.45,9.36,77.42,-20.19,-1312.35,260.0,80.0,2.16,-1654.51
2026-01-23,SHORT,2026-01-23 11:35:00,25229.1,0.3794,True,2026-01-27,4,0.127,24800.0,-0.1,-0.0884,25500.0,0.22,0.2287,13.77,44.22,57.99,2026-01-23 15:25:00,EOD,25064.75,36.27,17.3,4.42,287.3,260.0,80.0,1.88,-54.58
2026-01-28,SHORT,2026-01-28 13:40:00,25208.35,0.5698,True,2026-02-03,6,0.1292,24700.0,-0.1,-0.0963,25550.0,0.22,0.2296,19.02,55.26,74.28,2026-01-28 15:25:00,EOD,25348.05,9.0,94.96,-29.68,-1929.2,260.0,80.0,2.41,-2271.61
2026-01-30,LONG,2026-01-30 13:50:00,25329.6,0.4118,True,2026-02-03,4,0.1447,25050.0,-0.22,-0.2156,25850.0,0.1,0.0989,47.53,17.82,65.35,2026-01-30 15:25:00,EOD,25315.8,50.58,16.5,-1.73,-112.45,260.0,80.0,2.12,-454.57
2026-02-06,SHORT,2026-02-06 10:40:00,25502.4,0.4928,True,2026-02-10,4,0.2119,24800.0,-0.1,-0.0964,25950.0,0.22,0.2293,25.88,74.55,100.43,2026-02-06 11:35:00,SL,25630.45,15.77,108.54,-23.88,-1552.2,260.0,80.0,3.26,-1895.46
2026-02-10,LONG,2026-02-10 10:30:00,25976.75,0.3869,True,2026-02-10,0,0.2138,25950.0,-0.22,-0.2608,26050.0,0.1,0.0409,6.63,0.7,7.33,2026-02-10 15:25:00,EOD,25916.8,35.11,0.01,-27.79,-1806.35,260.0,80.0,0.24,-2146.59
2026-02-12,SHORT,2026-02-12 11:30:00,25821.15,0.2653,True,2026-02-17,5,0.1898,25100.0,-0.1,-0.0924,26300.0,0.22,0.2189,24.92,71.16,96.08,2026-02-12 15:25:00,EOD,25796.15,27.32,65.85,2.91,189.15,260.0,80.0,3.12,-153.97
2026-02-13,SHORT,2026-02-13 13:45:00,25510.3,0.4372,True,2026-02-17,4,0.1942,24900.0,-0.1,-0.1082,25950.0,0.22,0.2132,27.24,62.26,89.5,2026-02-13 15:25:00,EOD,25460.55,33.09,52.33,4.08,265.2,260.0,80.0,2.91,-77.71
2026-02-17,LONG,2026-02-17 10:20:00,25694.65,0.475,True,2026-02-17,0,0.206,25650.0,-0.22,-0.1312,25750.0,0.1,0.0839,2.63,1.53,4.16,2026-02-17 15:25:00,EOD,25716.0,0.09,1.59,2.48,161.2,260.0,80.0,0.14,-178.94
2026-02-19,SHORT,2026-02-19 10:25:00,25746.7,0.5133,True,2026-02-24,5,0.2036,25000.0,-0.1,-0.0995,26250.0,0.22,0.2227,29.15,77.74,106.89,2026-02-19 15:25:00,EOD,25416.45,81.4,27.01,-1.52,-98.8,260.0,80.0,3.47,-442.27
2026-02-20,LONG,2026-02-20 10:30:00,25570.85,0.6409,True,2026-02-24,4,0.2217,25150.0,-0.22,-0.2245,26350.0,0.1,0.1055,77.76,29.69,107.45,2026-02-20 15:25:00,EOD,25565.9,78.88,29.17,-0.6,-39.0,260.0,80.0,3.49,-382.49
2026-02-24,SHORT,2026-02-24 10:45:00,25472.45,0.654,True,2026-02-24,0,0.1547,25400.0,-0.1,-0.0073,25500.0,0.22,0.1785,0.07,2.87,2.94,2026-02-24 15:25:00,EOD,25460.25,0.01,0.24,2.69,174.85,260.0,80.0,0.1,-165.25
2026-02-25,SHORT,2026-02-25 12:40:00,25504.3,0.5472,True,2026-03-03,6,0.1677,24850.0,-0.1,-0.1022,25950.0,0.22,0.228,26.87,71.73,98.6,2026-02-25 15:25:00,EOD,25478.65,29.6,66.06,2.94,191.1,260.0,80.0,3.2,-152.1
2026-02-26,SHORT,2026-02-26 11:40:00,25461.35,0.3294,True,2026-03-03,5,0.1664,24850.0,-0.1,-0.0962,25900.0,0.22,0.2057,22.61,56.86,79.47,2026-02-26 15:25:00,EOD,25493.3,19.7,63.73,-3.96,-257.4,260.0,80.0,2.58,-599.98
2026-02-27,SHORT,2026-02-27 11:30:00,25284.5,0.6656,True,2026-03-03,4,0.1658,24750.0,-0.1,-0.1002,25650.0,0.22,0.2186,20.98,54.48,75.46,2026-02-27 15:25:00,EOD,25181.8,33.6,35.36,6.5,422.5,260.0,80.0,2.45,80.05
2026-03-05,LONG,2026-03-05 10:55:00,24666.55,0.5128,True,2026-03-10,5,0.1938,24250.0,-0.22,-0.2115,25400.0,0.1,0.1073,67.86,28.58,96.44,2026-03-05 14:15:00,SL,24530.7,101.67,16.75,-21.98,-1428.7,260.0,80.0,3.13,-1771.83
2026-03-06,SHORT,2026-03-06 10:45:00,24586.5,0.4057,True,2026-03-10,4,0.2148,23900.0,-0.1,-0.0964,25050.0,0.22,0.2154,25.27,67.17,92.44,2026-03-06 15:25:00,EOD,24469.4,38.88,45.37,8.19,532.35,260.0,80.0,3.0,189.35
2026-03-18,LONG,2026-03-18 10:45:00,23759.85,0.5252,True,2026-03-24,6,0.25,23200.0,-0.22,-0.2138,24800.0,0.1,0.099,94.09,35.15,129.24,2026-03-18 15:25:00,EOD,23764.1,93.18,35.57,0.49,31.85,260.0,80.0,4.2,-312.35
