,equity
2018-01-01,1000000.0
2018-01-02,1000000.0
2018-01-03,1000000.0
2018-01-04,1000000.0
2018-01-05,1000000.0
2018-01-08,1000000.0
2018-01-09,1000000.0
2018-01-10,1000000.0
2018-01-11,1000000.0
2018-01-12,1000000.0
2018-01-15,1000000.0
2018-01-16,1000000.0
2018-01-17,1000000.0
2018-01-18,1000000.0
2018-01-19,1000000.0
2018-01-22,1000000.0
2018-01-23,1000000.0
2018-01-24,1000000.0
2018-01-25,1000000.0
2018-01-29,1000000.0
2018-01-30,1000000.0
2018-01-31,1000000.0
2018-02-01,1000000.0
2018-02-02,1000000.0
2018-02-05,1000000.0
2018-02-06,1000000.0
2018-02-07,1000000.0
2018-02-08,1000000.0
2018-02-09,1000000.0
2018-02-12,1000000.0
2018-02-14,1000000.0
2018-02-15,1000000.0
2018-02-16,1000000.0
2018-02-19,1000000.0
2018-02-20,1000000.0
2018-02-21,1000000.0
2018-02-22,1000000.0
2018-02-23,1000000.0
2018-02-26,1000000.0
2018-02-27,1000000.0
2018-02-28,1000000.0
2018-03-01,1000000.0
2018-03-05,1000000.0
2018-03-06,1000000.0
2018-03-07,1000000.0
2018-03-08,1000000.0
2018-03-09,1000000.0
2018-03-12,1000000.0
2018-03-13,1000000.0
2018-03-14,1000000.0
2018-03-15,1000000.0
2018-03-16,1000000.0
2018-03-19,1000000.0
2018-03-20,1000000.0
2018-03-21,1000000.0
2018-03-22,1000000.0
2018-03-23,1000000.0
2018-03-26,1000000.0
2018-03-27,1000000.0
2018-03-28,1000000.0
2018-04-02,1000000.0
2018-04-03,1000000.0
2018-04-04,1000000.0
2018-04-05,1000000.0
2018-04-06,1000000.0
2018-04-09,1000000.0
2018-04-10,1000000.0
2018-04-11,1000000.0
2018-04-12,1000000.0
2018-04-13,1000000.0
2018-04-16,1000000.0
2018-04-17,1000000.0
2018-04-18,1000000.0
2018-04-19,1000000.0
2018-04-20,1000000.0
2018-04-23,1000000.0
2018-04-24,1000000.0
2018-04-25,1000000.0
2018-04-26,1000000.0
2018-04-27,1000000.0
2018-04-30,1000000.0
2018-05-02,1000000.0
2018-05-03,1000000.0
2018-05-04,1000000.0
2018-05-07,1000000.0
2018-05-08,1000000.0
2018-05-09,1000000.0
2018-05-10,1000000.0
2018-05-11,1000000.0
2018-05-14,1000000.0
2018-05-15,1000000.0
2018-05-16,1000000.0
2018-05-17,1000000.0
2018-05-18,1000000.0
2018-05-21,1000000.0
2018-05-22,1000000.0
2018-05-23,1000000.0
2018-05-24,1000000.0
2018-05-25,1000000.0
2018-05-28,1000000.0
2018-05-29,1000000.0
2018-05-30,1000000.0
2018-05-31,1000000.0
2018-06-01,1000000.0
2018-06-04,1000000.0
2018-06-05,1000000.0
2018-06-06,1000000.0
2018-06-07,1000000.0
2018-06-08,1000000.0
2018-06-11,1000000.0
2018-06-12,1000000.0
2018-06-13,1000000.0
2018-06-14,1000000.0
2018-06-15,1000000.0
2018-06-18,1000000.0
2018-06-19,1000000.0
2018-06-20,1000000.0
2018-06-21,1000000.0
2018-06-22,1000000.0
2018-06-25,1000000.0
2018-06-26,1000000.0
2018-06-27,1000000.0
2018-06-28,1000000.0
2018-06-29,1000000.0
2018-07-02,1000000.0
2018-07-03,1000000.0
2018-07-04,1000000.0
2018-07-05,1000000.0
2018-07-06,1000000.0
2018-07-09,1000000.0
2018-07-10,1000000.0
2018-07-11,1000000.0
2018-07-12,1000000.0
2018-07-13,1000000.0
2018-07-16,1000000.0
2018-07-17,1000000.0
2018-07-18,1000000.0
2018-07-19,1000000.0
2018-07-20,1000000.0
2018-07-23,1000000.0
2018-07-24,1000000.0
2018-07-25,1000000.0
2018-07-26,1000000.0
2018-07-27,1000000.0
2018-07-30,1000000.0
2018-07-31,1000000.0
2018-08-01,1000000.0
2018-08-02,1000000.0
2018-08-03,1000000.0
2018-08-06,1000000.0
2018-08-07,1000000.0
2018-08-08,1000000.0
2018-08-09,1000000.0
2018-08-10,1000000.0
2018-08-13,1000000.0
2018-08-14,1000000.0
2018-08-16,1000000.0
2018-08-17,1000000.0
2018-08-20,1000000.0
2018-08-21,1000000.0
2018-08-23,1000000.0
2018-08-24,1000000.0
2018-08-27,1000000.0
2018-08-28,1000000.0
2018-08-29,1000000.0
2018-08-30,1000000.0
2018-08-31,1000000.0
2018-09-03,1000000.0
2018-09-04,1000000.0
2018-09-05,1000000.0
2018-09-06,1000000.0
2018-09-07,1000000.0
2018-09-10,1000000.0
2018-09-11,1000000.0
2018-09-12,1000000.0
2018-09-14,1000000.0
2018-09-17,1000000.0
2018-09-18,1000000.0
2018-09-19,1000000.0
2018-09-21,1000000.0
2018-09-24,1000000.0
2018-09-25,1000000.0
2018-09-26,1000000.0
2018-09-27,1000000.0
2018-09-28,1000000.0
2018-10-01,1000000.0
2018-10-03,1000000.0
2018-10-04,1000000.0
2018-10-05,1000000.0
2018-10-08,1000000.0
2018-10-09,1000000.0
2018-10-10,1000000.0
2018-10-11,1000000.0
2018-10-12,1000000.0
2018-10-15,1000000.0
2018-10-16,1000000.0
2018-10-17,1000000.0
2018-10-19,1000000.0
2018-10-22,1000000.0
2018-10-23,1000000.0
2018-10-24,997057.1
2018-10-25,1004257.85
2018-10-26,1005655.5
2018-10-29,998583.0
2018-10-30,997016.15
2018-10-31,995142.864768
2018-11-01,988066.364768
2018-11-02,973103.551632
2018-11-05,977603.983872
2018-11-06,977514.9138720001
2018-11-07,975406.853872
2018-11-09,974813.613872
2018-11-12,981185.903872
2018-11-13,975488.583872
2018-11-14,974457.853872
2018-11-15,971333.205472
2018-11-16,967992.125472
2018-11-19,960756.835472
2018-11-20,969903.6454719999
2018-11-21,975012.585472
2018-11-22,981204.355472
2018-11-26,982854.475472
2018-11-27,986878.235472
2018-11-28,991255.3954719999
2018-11-29,987592.1454719999
2018-11-30,986777.505472
2018-12-03,986878.715472
2018-12-04,985057.0754719999
2018-12-05,1003846.5454719999
2018-12-06,1008193.865472
2018-12-07,1008899.125472
2018-12-10,1019894.115472
2018-12-11,1000273.6354719999
2018-12-12,976643.3020302808
2018-12-13,976433.0229401601
2018-12-14,975737.4355456667
2018-12-17,960401.4755456668
2018-12-18,952224.9855456667
2018-12-19,944177.1626849645
2018-12-20,943563.2426849644
2018-12-21,944334.5340609645
2018-12-24,948648.3640609644
2018-12-26,951993.0940609644
2018-12-27,951193.4240609644
2018-12-28,942764.0740609644
2018-12-31,940940.6340609645
2019-01-01,940296.5601609644
2019-01-02,954025.9601609644
2019-01-03,963097.2101609644
2019-01-04,957525.0101609643
2019-01-07,956043.3101609644
2019-01-08,949615.1101609644
2019-01-09,951702.7601609643
2019-01-10,950475.3101609644
2019-01-11,953707.9101609644
2019-01-14,955625.7442109643
2019-01-15,947946.7661109644
2019-01-16,948968.6661109644
2019-01-17,946252.6161109643
2019-01-18,948760.5661109644
2019-01-21,952306.6613541731
2019-01-22,953385.2113541731
2019-01-23,951001.1613541731
2019-01-24,952453.6113541732
2019-01-25,966829.2502128902
2019-01-28,976126.8285775752
2019-01-29,972729.6785775753
2019-01-30,968890.4285775753
2019-01-31,962934.6785775753
2019-02-01,941663.6564059034
2019-02-04,957431.2064059033
2019-02-05,960022.4064059034
2019-02-06,942433.970758435
2019-02-07,925166.5363695357
2019-02-08,938321.0363695357
2019-02-11,947458.3667695358
2019-02-12,946040.0867695358
2019-02-13,949531.1567695357
2019-02-14,941836.8667695358
2019-02-15,943792.5904695358
2019-02-18,954071.3585968534
2019-02-19,950817.1085968534
2019-02-20,933949.9085968535
2019-02-21,923225.0896528534
2019-02-22,908712.6396528535
2019-02-25,898576.7767528534
2019-02-26,892064.6730939602
2019-02-27,893132.46509396
2019-02-28,899645.6150939601
2019-03-01,890269.81509396
2019-03-05,872656.6935547502
2019-03-06,872375.0171758598
2019-03-07,873584.0436283525
2019-03-08,873244.2936283525
2019-03-11,866736.9936283524
2019-03-12,859533.6380128677
2019-03-13,861824.7380128676
2019-03-14,862534.9880128676
2019-03-15,864965.7626128676
2019-03-18,864324.9626128677
2019-03-19,864538.5626128677
2019-03-20,864912.3626128677
2019-03-22,864698.7626128676
2019-03-25,866134.8626128677
2019-03-26,864612.8126128677
2019-03-27,865059.5126128676
2019-03-28,864741.2126128677
2019-03-29,861156.9626128677
2019-04-01,859277.6155716536
2019-04-02,859422.9655716536
2019-04-03,860256.8155716535
2019-04-04,860473.5655716535
2019-04-05,860853.5155716536
2019-04-08,860557.7155716536
2019-04-09,859762.1155716536
2019-04-10,859065.9655716536
2019-04-11,858237.2155716536
2019-04-12,857663.4655716536
2019-04-15,857062.7759218586
2019-04-16,857062.7759218586
2019-04-18,857062.7759218586
2019-04-22,857062.7759218586
2019-04-23,857062.7759218586
2019-04-24,857642.3759218586
2019-04-25,858979.7759218586
2019-04-26,859728.5759218587
2019-04-30,861845.9759218586
2019-05-02,865073.0259218586
2019-05-03,862199.9759218586
2019-05-06,864964.8259218587
2019-05-07,868844.6759218586
2019-05-08,873379.7259218586
2019-05-09,873224.9759218586
2019-05-10,873931.9759218586
2019-05-13,883663.8759218586
2019-05-14,871339.3259218587
2019-05-15,882221.0759218587
2019-05-16,878480.1759218586
2019-05-17,869284.4759218587
2019-05-20,832986.0370049137
2019-05-21,844720.5270049137
2019-05-22,845413.9970049137
2019-05-23,846243.8070049137
2019-05-24,828120.0630511075
2019-05-27,818653.2530511074
2019-05-28,818395.1630511074
2019-05-29,824260.6530511074
2019-05-30,827256.4330511075
2019-05-31,825381.8384234983
2019-06-03,814562.5784234983
2019-06-04,816995.0284234983
2019-06-06,822854.9429936815
2019-06-07,825111.5929936816
2019-06-10,820926.3688318529
2019-06-11,816799.928831853
2019-06-12,813220.118831853
2019-06-13,816025.678831853
2019-06-14,819670.918831853
2019-06-17,837113.928831853
2019-06-18,842332.958831853
2019-06-19,841092.408831853
2019-06-20,827447.6388318529
2019-06-21,834232.218831853
2019-06-24,840959.530031853
2019-06-25,835456.8000318529
2019-06-26,826018.500031853
2019-06-27,827530.590031853
2019-06-28,832744.500031853
2019-07-01,827253.7700318529
2019-07-02,826814.7900318529
2019-07-03,822348.740031853
2019-07-04,821638.256831853
2019-07-05,831723.916831853
2019-07-08,850236.3568318529
2019-07-09,848546.7549318529
2019-07-10,855658.0149318529
2019-07-11,845609.0149318529
2019-07-12,835868.7349318529
2019-07-15,836822.7159318529
2019-07-16,827967.0920911997
2019-07-17,830015.4020911996
2019-07-18,841451.6920911997
2019-07-19,857456.1020911997
2019-07-22,856131.1983911997
2019-07-23,860185.1283911996
2019-07-24,872587.3883911996
2019-07-25,879371.2983911997
2019-07-26,867105.5583911997
2019-07-29,878358.5783911997
2019-07-30,892918.3983911996
2019-07-31,881975.9183911997
2019-08-01,885018.6083911997
2019-08-02,882465.8283911997
2019-08-05,892077.9847911997
2019-08-06,883117.0647911998
2019-08-07,897729.5347911997
2019-08-08,879528.4288522755
2019-08-09,876177.2888522755
2019-08-13,898230.7036122755
2019-08-14,882727.6236122755
2019-08-16,877634.910923124
2019-08-19,879272.3109231241
2019-08-20,886103.7109231241
2019-08-21,904626.5109231242
2019-08-22,915095.7609231242
2019-08-23,897783.0609231241
2019-08-26,887461.5609231241
2019-08-27,873908.8609231241
2019-08-28,884545.410923124
2019-08-29,889305.3609231241
2019-08-30,880294.3140931241
2019-09-03,899416.9640931241
2019-09-04,894243.3140931241
2019-09-05,887924.7140931241
2019-09-06,877811.0140931241
2019-09-09,871176.9004931242
2019-09-11,850662.2004931242
2019-09-12,848479.9967710224
2019-09-13,839451.1872510224
2019-09-16,844264.8372510225
2019-09-17,854552.1872510224
2019-09-18,851339.3372510225
2019-09-19,857677.8372510225
2019-09-20,825082.5697913351
2019-09-23,813611.4798112157
2019-09-24,819010.8798112156
2019-09-25,826175.1798112156
2019-09-26,825867.9798112157
2019-09-27,829346.1798112156
2019-09-30,831046.7298112157
2019-10-01,837969.2298112157
2019-10-03,838960.5798112156
2019-10-04,840549.3798112157
2019-10-07,844772.8294112155
2019-10-09,829940.0804112155
2019-10-10,840778.7953232155
2019-10-11,836331.5953232156
2019-10-14,830070.4353232156
2019-10-15,826725.1653232155
2019-10-16,825505.7719632155
2019-10-17,817377.0162032156
2019-10-18,813849.5762032155
2019-10-22,813010.9962032156
2019-10-23,809175.1062032155
2019-10-24,815312.6762032155
2019-10-25,810363.8462032155
2019-10-27,808897.7962032156
2019-10-29,803573.8622335603
2019-10-30,799334.8235119603
2019-10-31,796209.8235119603
2019-11-01,795922.3235119603
2019-11-04,793990.8235119603
2019-11-05,793990.8235119603
2019-11-06,793990.8235119603
2019-11-07,793990.8235119603
2019-11-08,793990.8235119603
2019-11-11,793990.8235119603
2019-11-13,793990.8235119603
2019-11-14,793990.8235119603
2019-11-15,793990.8235119603
2019-11-18,793990.8235119603
2019-11-19,793990.8235119603
2019-11-20,793990.8235119603
2019-11-21,793990.8235119603
2019-11-22,793990.8235119603
2019-11-25,793990.8235119603
2019-11-26,793990.8235119603
2019-11-27,793990.8235119603
2019-11-28,794058.2235119604
2019-11-29,794732.2235119604
2019-12-02,794428.9235119603
2019-12-03,795035.5235119603
2019-12-04,793249.4235119603
2019-12-05,792864.7235119604
2019-12-06,798734.4735119604
2019-12-09,799383.1735119603
2019-12-10,801330.7735119603
2019-12-11,802790.6735119603
2019-12-12,801952.9735119604
2019-12-13,797984.9735119604
2019-12-16,801453.6735119603
2019-12-17,800649.2735119603
2019-12-18,794149.2349310815
2019-12-19,791815.3849310816
2019-12-20,790858.8849310816
2019-12-23,790845.8849310816
2019-12-24,791459.2849310815
2019-12-26,791139.7849310815
2019-12-27,789164.9349310815
2019-12-30,786493.9690649341
2019-12-31,787786.169064934
2020-01-01,785376.569064934
2020-01-02,784705.6690649341
2020-01-03,786982.9690649341
2020-01-06,789973.669064934
2020-01-07,789219.7190649341
2020-01-08,791065.7690649341
2020-01-09,787173.9690649341
2020-01-10,784724.1190649341
2020-01-13,781569.5289317762
2020-01-14,781824.4789317762
2020-01-15,781770.1789317762
2020-01-16,781199.6289317762
2020-01-17,781980.7789317762
2020-01-20,782473.9789317762
2020-01-21,785031.4289317762
2020-01-22,785997.1289317762
2020-01-23,781289.3489317762
2020-01-24,774789.5248186298
2020-01-27,776709.6548186298
2020-01-28,777103.7948186299
2020-01-29,774607.2448186298
2020-01-30,778250.8548186298
2020-01-31,785903.4648186298
2020-02-01,796402.6248186298
2020-02-03,791071.4848186298
2020-02-04,778363.8848296861
2020-02-05,774224.1601857358
2020-02-06,770012.6854512764
2020-02-07,765050.1854512764
2020-02-10,773086.4054512763
2020-02-11,769157.3864937358
2020-02-12,771996.5464937359
2020-02-13,772312.6064937359
2020-02-14,776231.6964937359
2020-02-17,791380.5364937359
2020-02-18,790811.4264937359
2020-02-19,781010.3264937359
2020-02-20,778171.1064937359
2020-02-24,796041.1164937359
2020-02-25,796289.811205094
2020-02-26,809865.6612050941
2020-02-27,818038.5412050941
2020-02-28,842775.2812050941
2020-03-02,864553.567105094
2020-03-03,846554.727105094
2020-03-04,840438.3041037126
2020-03-05,841064.5420142184
2020-03-06,864503.8120142184
2020-03-09,893583.0791242184
2020-03-11,904800.9046642184
2020-03-12,957362.8526767185
2020-03-13,909611.0864017186
2020-03-16,960453.9837937184
2020-03-17,984722.9837937184
2020-03-18,1010484.0837937185
2020-03-19,1044345.9679187185
2020-03-20,1004546.0011187184
2020-03-23,1073821.7459687183
2020-03-24,1056410.0143607184
2020-03-25,1035528.8017207184
2020-03-26,1020790.2837207183
2020-03-27,1033109.1837207184
2020-03-30,1050433.3837207183
2020-03-31,1017220.4897847184
2020-04-01,1037575.0897847182
2020-04-03,1041676.6397847184
2020-04-07,1008214.5140887185
2020-04-08,1016569.0140887185
2020-04-09,998543.0140887185
2020-04-13,996005.7759987185
2020-04-15,988184.4523987185
2020-04-16,982532.3023987184
2020-04-17,980537.1523987184
2020-04-20,980640.3023987184
2020-04-21,984452.8523987185
2020-04-22,981298.3023987184
2020-04-23,984145.9023987184
2020-04-24,987441.8523987185
2020-04-27,985238.5023987185
2020-04-28,984485.3023987184
2020-04-29,980914.1023987185
2020-04-30,978366.3023987184
2020-05-04,987656.1523987184
2020-05-05,991156.2532737184
2020-05-06,990236.6532737184
2020-05-07,991474.6532737184
2020-05-08,990273.2532737184
2020-05-11,989544.6532737184
2020-05-12,988695.4532737185
2020-05-13,988538.8032737185
2020-05-14,990452.7032737185
2020-05-15,991379.2032737185
2020-05-18,1009979.2222737184
2020-05-19,1010376.8722737185
2020-05-20,1003814.8222737184
2020-05-21,1001587.9222737184
2020-05-22,998582.3722737185
2020-05-26,997273.6222737185
2020-05-27,990435.5222737185
2020-05-28,976621.0222737185
2020-05-29,969367.7474097185
2020-06-01,965461.9420737185
2020-06-02,960085.0564497185
2020-06-03,960085.0564497185
2020-06-04,960085.0564497185
2020-06-05,960085.0564497185
2020-06-08,960085.0564497185
2020-06-09,960085.0564497185
2020-06-10,960085.0564497185
2020-06-11,960085.0564497185
2020-06-12,960085.0564497185
2020-06-15,963145.4064497185
2020-06-16,962209.3564497186
2020-06-17,960875.6064497186
2020-06-18,959537.0064497185
2020-06-19,958988.9564497186
2020-06-22,956791.9064497185
2020-06-23,952916.7564497186
2020-06-24,953581.2064497186
2020-06-25,955909.2064497186
2020-06-26,953552.5875697186
2020-06-29,954401.3375697186
2020-06-30,955138.5375697186
2020-07-01,955298.5875697186
2020-07-02,951593.1875697186
2020-07-03,949934.4875697186
2020-07-06,948896.5875697186
2020-07-07,948697.7375697186
2020-07-08,951132.4375697186
2020-07-09,951088.7875697186
2020-07-10,953974.5375697186
2020-07-13,953538.0375697186
2020-07-14,952815.3875697186
2020-07-15,953382.8375697186
2020-07-16,954023.0375697186
2020-07-17,950482.5375697186
2020-07-20,950109.0875697186
2020-07-21,948804.4375697186
2020-07-22,944416.7108577186
2020-07-23,944416.7108577186
2020-07-24,944416.7108577186
2020-07-27,944416.7108577186
2020-07-28,944416.7108577186
2020-07-29,944416.7108577186
2020-07-30,944416.7108577186
2020-07-31,944416.7108577186
2020-08-03,944416.7108577186
2020-08-04,943532.5808577186
2020-08-05,943985.9808577186
2020-08-06,943079.1808577186
2020-08-07,944303.3608577186
2020-08-10,943305.8808577186
2020-08-11,943305.8808577186
2020-08-12,945074.1408577187
2020-08-13,943645.9308577186
2020-08-14,946638.3708577186
2020-08-17,942648.4508577186
2020-08-18,943419.2308577186
2020-08-19,941968.3508577186
2020-08-20,940426.7908577186
2020-08-21,940653.4908577186
2020-08-24,941424.2708577187
2020-08-25,941537.6208577186
2020-08-26,942081.7008577186
2020-08-27,943079.1808577186
2020-08-28,942195.0508577186
2020-08-31,936666.6721137186
2020-09-01,936666.6721137186
2020-09-02,936666.6721137186
2020-09-03,936666.6721137186
2020-09-04,936666.6721137186
2020-09-07,936666.6721137186
2020-09-08,936666.6721137186
2020-09-09,936260.6721137186
2020-09-10,936820.7221137186
2020-09-11,936395.7721137186
2020-09-14,932462.4221137186
2020-09-15,929742.1221137185
2020-09-16,930155.5267157529
2020-09-17,933429.826715753
2020-09-18,931526.326715753
2020-09-21,942154.0267157529
2020-09-22,944059.9267157529
2020-09-23,952749.226715753
2020-09-24,966581.2267157529
2020-09-25,937429.2467157529
2020-09-28,912648.0392211544
2020-09-29,931737.5992211543
2020-09-30,936832.8292211543
2020-10-01,927654.4692211543
2020-10-05,927678.1505939544
2020-10-06,925265.2505939543
2020-10-07,930922.5705939543
2020-10-08,930699.5463338597
2020-10-09,919837.4163338596
2020-10-12,928154.3863338596
2020-10-13,933650.3763338596
2020-10-14,936796.7763338597
2020-10-15,952533.2463338596
2020-10-16,943949.0663338596
2020-10-19,921209.0330378596
2020-10-20,928049.8430378597
2020-10-21,918507.6930378596
2020-10-22,908525.4230378596
2020-10-23,904466.2030378596
2020-10-26,907986.2489966812
2020-10-27,908467.4489966813
2020-10-28,910619.4389966812
2020-10-29,915430.4889966813
2020-10-30,909999.4509166813
2020-11-02,895558.2309166814
2020-11-03,881229.4989286698
2020-11-04,884190.6789286699
2020-11-05,862628.2189286698
2020-11-06,862032.1783686698
2020-11-09,850537.586830955
2020-11-10,838352.3205282295
2020-11-11,831358.688465305
2020-11-12,830235.538465305
2020-11-13,830167.878465305
2020-11-14,827249.9188806026
2020-11-17,825674.1568806025
2020-11-18,823321.7890566025
2020-11-19,823321.7890566025
2020-11-20,823321.7890566025
2020-11-23,823321.7890566025
2020-11-24,823321.7890566025
2020-11-25,823321.7890566025
2020-11-26,823321.7890566025
2020-11-27,823321.7890566025
2020-12-01,823321.7890566025
2020-12-02,823321.7890566025
2020-12-03,823321.7890566025
2020-12-04,823321.7890566025
2020-12-07,823321.7890566025
2020-12-08,823321.7890566025
2020-12-09,823321.7890566025
2020-12-10,823321.7890566025
2020-12-11,823321.7890566025
2020-12-14,823321.7890566025
2020-12-15,823321.7890566025
2020-12-16,823321.7890566025
2020-12-17,823321.7890566025
2020-12-18,823321.7890566025
2020-12-21,823321.7890566025
2020-12-22,822096.7890566025
2020-12-23,821655.7890566025
2020-12-24,820896.2890566025
2020-12-28,819646.7890566025
2020-12-29,819965.2890566025
2020-12-30,819646.7890566025
2020-12-31,820063.2890566025
2021-01-01,819842.7890566025
2021-01-04,816757.1580387927
2021-01-05,816757.1580387927
2021-01-06,816757.1580387927
2021-01-07,816757.1580387927
2021-01-08,816757.1580387927
2021-01-11,816757.1580387927
2021-01-12,816757.1580387927
2021-01-13,816757.1580387927
2021-01-14,816757.1580387927
2021-01-15,816757.1580387927
2021-01-18,816757.1580387927
2021-01-19,816757.1580387927
2021-01-20,816757.1580387927
2021-01-21,816757.1580387927
2021-01-22,816757.1580387927
2021-01-25,816757.1580387927
2021-01-27,816757.1580387927
2021-01-28,816757.1580387927
2021-01-29,816757.1580387927
2021-02-01,816757.1580387927
2021-02-02,816511.4580387927
2021-02-03,811287.9767059464
2021-02-04,811287.9767059464
2021-02-05,811287.9767059464
2021-02-08,811287.9767059464
2021-02-09,811287.9767059464
2021-02-10,811287.9767059464
2021-02-11,811287.9767059464
2021-02-12,811287.9767059464
2021-02-15,811287.9767059464
2021-02-16,811287.9767059464
2021-02-17,811287.9767059464
2021-02-18,813169.5767059464
2021-02-19,812068.5767059464
2021-02-22,813912.0767059464
2021-02-23,813175.3267059464
2021-02-24,813420.8267059464
2021-02-25,814304.2767059464
2021-02-26,816485.6267059464
2021-03-01,814667.6767059463
2021-03-02,812903.6267059464
2021-03-03,809973.5767059464
2021-03-04,808725.1767059463
2021-03-05,809469.1767059463
2021-03-08,810129.6267059464
2021-03-09,809747.4767059464
2021-03-10,806748.1267059464
2021-03-12,810195.6267059464
2021-03-15,811171.7267059464
2021-03-16,807437.0267059464
2021-03-17,811200.6383202837
2021-03-18,814331.9383202837
2021-03-19,811584.2383202837
2021-03-22,809808.5383202836
2021-03-23,808831.3383202837
2021-03-24,811215.0383202836
2021-03-25,816971.8383202837
2021-03-26,812405.1383202837
2021-03-30,806981.9383202837
2021-03-31,809050.1383202837
2021-04-01,806436.9383202837
2021-04-05,808715.2383202837
2021-04-06,804879.8383202837
2021-04-07,797645.4470393513
2021-04-08,796181.9470393513
2021-04-09,794532.6013895046
2021-04-12,809858.2013895046
2021-04-13,801423.7013895046
2021-04-15,804248.7513895046
2021-04-16,802094.8513895046
2021-04-19,810499.2513895046
2021-04-20,809416.4013895046
2021-04-22,808270.6013895046
2021-04-23,804801.4913895046
2021-04-26,803358.1613895046
2021-04-27,800351.9813895046
2021-04-28,792642.9713895046
2021-04-29,796590.2705799046
2021-04-30,801715.7705799046
2021-05-03,798070.3605296179
2021-05-04,801264.710529618
2021-05-05,799652.310529618
2021-05-06,791257.310529618
2021-05-07,789740.560529618
2021-05-10,788651.3605296179
2021-05-11,789167.460529618
2021-05-12,790139.960529618
2021-05-14,789480.7464321662
2021-05-17,782526.2464321662
2021-05-18,773335.1277975386
2021-05-19,773305.6277975386
2021-05-20,777548.4777975386
2021-05-21,775885.4777975386
2021-05-24,775910.5181975386
2021-05-25,774139.5181975386
2021-05-26,773309.0181975386
2021-05-27,774058.1181975387
2021-05-28,773852.4181975386
2021-05-31,772036.3181975386
2021-06-01,771471.3980805321
2021-06-02,770844.3980805321
2021-06-03,770382.3980805321
2021-06-04,770535.2980805321
2021-06-07,769362.6980805321
2021-06-08,768111.0210698044
2021-06-09,768111.0210698044
2021-06-10,768111.0210698044
2021-06-11,768111.0210698044
2021-06-14,768111.0210698044
2021-06-15,768111.0210698044
2021-06-16,768111.0210698044
2021-06-17,768111.0210698044
2021-06-18,768111.0210698044
2021-06-21,768111.0210698044
2021-06-22,768111.0210698044
2021-06-23,768111.0210698044
2021-06-24,768111.0210698044
2021-06-25,768111.0210698044
2021-06-28,768111.0210698044
2021-06-29,768111.0210698044
2021-06-30,768111.0210698044
2021-07-01,768111.0210698044
2021-07-02,768111.0210698044
2021-07-05,768111.0210698044
2021-07-06,768111.0210698044
2021-07-07,768111.0210698044
2021-07-08,768111.0210698044
2021-07-09,768111.0210698044
2021-07-12,768111.0210698044
2021-07-13,768111.0210698044
2021-07-14,768111.0210698044
2021-07-15,768111.0210698044
2021-07-16,768111.0210698044
2021-07-19,768111.0210698044
2021-07-20,768111.0210698044
2021-07-22,768111.0210698044
2021-07-23,768111.0210698044
2021-07-26,768111.0210698044
2021-07-27,768111.0210698044
2021-07-28,768111.0210698044
2021-07-29,768111.0210698044
2021-07-30,768111.0210698044
2021-08-02,767404.5210698044
2021-08-03,765675.4710698044
2021-08-04,764369.1881053024
2021-08-05,764150.4881053023
2021-08-06,764085.6881053024
2021-08-09,763563.2381053023
2021-08-10,764352.9881053023
2021-08-11,764757.9881053023
2021-08-12,765215.6381053024
2021-08-13,766256.4881053023
2021-08-16,766110.6881053024
2021-08-17,765474.8381053023
2021-08-18,766883.5881053023
2021-08-20,772741.5681053024
2021-08-23,773620.6481053024
2021-08-24,772397.8481053023
2021-08-25,773891.4881053023
2021-08-26,777857.4081053024
2021-08-27,774628.6481053024
2021-08-30,766369.5381053024
2021-08-31,765272.1381053024
2021-09-01,761581.8385808583
2021-09-02,760017.4385808583
2021-09-03,755417.9185808583
2021-09-06,755239.7185808583
2021-09-07,756679.5885808583
2021-09-08,756979.7785808583
2021-09-09,756997.4285808583
2021-09-13,755984.1285808583
2021-09-14,753587.6285808582
2021-09-15,749685.3275992008
2021-09-16,749937.9775992007
2021-09-17,749788.9775992007
2021-09-20,752267.4275992007
2021-09-21,752899.0775992008
2021-09-22,751340.3275992008
2021-09-23,752000.9275992007
2021-09-24,751940.7775992007
2021-09-27,748012.7042487409
2021-09-28,745622.154248741
2021-09-29,743446.354248741
2021-09-30,742894.2348089962
2021-10-01,741522.1798589962
2021-10-04,741522.1798589962
2021-10-05,741522.1798589962
2021-10-06,741522.1798589962
2021-10-07,741522.1798589962
2021-10-08,741522.1798589962
2021-10-11,741522.1798589962
2021-10-12,741522.1798589962
2021-10-13,741522.1798589962
2021-10-14,741522.1798589962
2021-10-18,741522.1798589962
2021-10-19,741522.1798589962
2021-10-20,741522.1798589962
2021-10-21,741522.1798589962
2021-10-22,741522.1798589962
2021-10-25,742324.6798589962
2021-10-26,741597.0798589962
2021-10-27,741810.8798589961
2021-10-28,744033.0298589962
2021-10-29,744328.5798589962
2021-11-01,741454.9798589962
2021-11-02,741312.0298589962
2021-11-03,742984.1298589961
2021-11-04,735878.5725129079
2021-11-08,731450.9225129079
2021-11-09,730704.6225129078
2021-11-10,729341.8225129079
2021-11-11,733919.8225129079
2021-11-12,730838.9921571846
2021-11-15,727575.4125987474
2021-11-16,731821.4625987475
2021-11-17,737419.8125987474
2021-11-18,740546.3625987475
2021-11-22,746883.5125987475
2021-11-23,744190.5125987475
2021-11-24,745429.2125987475
2021-11-25,749720.9625987475
2021-11-26,759082.4625987475
2021-11-29,764592.1025987475
2021-11-30,768170.0825987475
2021-12-01,764335.1525987475
2021-12-02,754909.5925987475
2021-12-03,756246.2925987474
2021-12-06,766203.1525987475
2021-12-07,755123.2425987475
2021-12-08,745315.6525987475
2021-12-09,742691.2625987475
2021-12-10,741830.6625987475
2021-12-13,744912.3602947474
2021-12-14,741983.3102947475
2021-12-15,745972.9502947475
2021-12-16,748216.7302947474
2021-12-17,757683.2302947475
2021-12-20,772199.0002947474
2021-12-21,768567.0402947475
2021-12-22,764724.9502947475
2021-12-23,755164.6402947474
2021-12-24,760627.4402947475
2021-12-27,759636.5943447475
2021-12-28,753736.4643447475
2021-12-29,752706.5743447475
2021-12-30,757746.7043447475
2021-12-31,747423.2843447474
2022-01-03,734071.7232201309
2022-01-04,731105.1832201309
2022-01-05,722719.9032201308
2022-01-06,718406.1885817392
2022-01-07,716323.4185817392
2022-01-10,708637.7917129911
2022-01-11,708663.8417129911
2022-01-12,708220.8417129911
2022-01-13,707962.9438013036
2022-01-14,709603.1335013036
2022-01-17,707559.3335013037
2022-01-18,709314.3335013037
2022-01-19,709689.7335013036
2022-01-20,712918.1335013036
2022-01-21,712410.6835013037
2022-01-24,715780.6017013037
2022-01-25,709152.2833080629
2022-01-27,711652.1333080629
2022-01-28,707036.5833080629
2022-01-31,700705.0833080629
2022-02-01,686887.5434012386
2022-02-02,675708.2374188048
2022-02-03,683120.9479567794
2022-02-04,688441.2979567794
2022-02-07,692475.9979567794
2022-02-08,692065.6479567795
2022-02-09,684177.3479567794
2022-02-10,682757.9979567794
2022-02-11,695200.8479567794
2022-02-14,712366.8479567794
2022-02-15,695131.3979567795
2022-02-16,687308.1479567795
2022-02-17,685889.4358674003
2022-02-18,687524.6953468735
2022-02-21,688170.0953468735
2022-02-22,695608.6453468734
2022-02-23,692556.3453468735
2022-02-24,731242.4453468735
2022-02-25,708347.9953468735
2022-02-28,708488.3453468735
2022-03-02,706650.5453468735
2022-03-03,716222.2953468735
2022-03-04,730584.0953468735
2022-03-07,743890.8453468735
2022-03-08,734616.4453468735
2022-03-09,728188.0953468735
2022-03-10,717306.3439068735
2022-03-11,715934.3939068735
2022-03-14,714822.6439068735
2022-03-15,726532.9939068735
2022-03-16,706994.5439068736
2022-03-17,693712.0939068735
2022-03-21,697883.8933148735
2022-03-22,704521.6360148734
2022-03-23,704548.1860148734
2022-03-24,700240.3860148734
2022-03-25,699021.0860148735
2022-03-28,707086.2360148735
2022-03-29,703456.0923148735
2022-03-30,697511.7923148735
2022-03-31,698103.3923148735
2022-04-01,690494.1423148735
2022-04-04,683609.5610148736
2022-04-05,683764.1110148736
2022-04-06,684846.3110148736
2022-04-07,686500.7610148735
2022-04-08,686373.7610148735
2022-04-11,686348.1086148735
2022-04-12,687608.9086148735
2022-04-13,688002.9086148735
2022-04-18,688869.7086148735
2022-04-19,690051.7086148735
2022-04-20,690151.6086148735
2022-04-21,686402.0586148736
2022-04-22,689617.3586148735
2022-04-25,697033.4978148735
2022-04-26,695485.6978148735
2022-04-27,698965.1978148735
2022-04-28,694938.5478148735
2022-04-29,696504.9978148735
2022-05-02,701845.7978148735
2022-05-04,708201.5478148735
2022-05-05,702703.4478148735
2022-05-06,709379.5478148735
2022-05-09,713876.0478148735
2022-05-10,724503.1478148735
2022-05-11,731907.5978148736
2022-05-12,748202.6478148735
2022-05-13,744481.2478148735
2022-05-16,737999.3478148734
2022-05-17,718968.7978148735
2022-05-18,724727.9550190255
2022-05-19,743205.7050190255
2022-05-20,726159.5550190256
2022-05-23,721627.0050190255
2022-05-24,730928.7550190255
2022-05-25,747218.1550190256
2022-05-26,740661.3550190255
2022-05-27,721060.3050190256
2022-05-30,705809.5550190256
2022-05-31,700870.9770190256
2022-06-01,713263.8770190256
2022-06-02,713759.2770190255
2022-06-03,719258.9770190256
2022-06-06,723576.9770190256
2022-06-07,734277.3270190256
2022-06-08,732740.8770190256
2022-06-09,728308.5770190256
2022-06-10,736038.2770190255
2022-06-13,759160.3770190256
2022-06-14,758511.9770190256
2022-06-15,753578.2270190256
2022-06-16,766214.7424190255
2022-06-17,769504.5184190256
2022-06-20,771892.0526690255
2022-06-21,757976.9026690255
2022-06-22,769964.8526690255
2022-06-23,761088.9026690256
2022-06-24,753835.9026690256
2022-06-27,745736.8625039998
2022-06-28,747013.5625039999
2022-06-29,756031.1625039999
2022-06-30,765685.6125039998
2022-07-01,752982.8625039998
2022-07-04,743996.0695439999
2022-07-05,744097.0921359998
2022-07-06,735648.7421359998
2022-07-07,731299.7921359999
2022-07-08,730145.8692000747
2022-07-11,727673.9292000746
2022-07-12,729826.7292000747
2022-07-13,730378.6292000746
2022-07-14,731847.5792000747
2022-07-15,732686.8492000747
2022-07-18,725177.4592000747
2022-07-19,721141.7692000746
2022-07-20,715507.7224881115
2022-07-21,714016.762377033
2022-07-22,714411.2323770331
2022-07-25,717862.3323770331
2022-07-26,722823.402377033
2022-07-27,717172.282377033
2022-07-28,711831.882377033
2022-07-29,704298.392377033
2022-08-01,704760.0269245098
2022-08-02,703885.1369245098
2022-08-03,703518.8985277575
2022-08-04,703180.0985277575
2022-08-05,700679.6685277574
2022-08-08,698579.4485277574
2022-08-10,700446.1385277575
2022-08-11,701415.6685277574
2022-08-12,701058.3285277574
2022-08-16,699224.4185277574
2022-08-17,697076.3472277313
2022-08-18,699622.9872277312
2022-08-19,701491.2572277312
2022-08-22,704974.8472277313
2022-08-23,705530.6472277312
2022-08-24,706527.4272277312
2022-08-25,703953.6672277312
2022-08-26,701604.7672277312
2022-08-29,703382.2272277313
2022-08-30,700167.0372277312
2022-09-01,701719.1572277312
2022-09-02,702344.4472277312
2022-09-05,701669.0572277312
2022-09-06,700237.7255005462
2022-09-07,699042.9555005461
2022-09-08,696904.1255005462
2022-09-09,697224.1455005462
2022-09-12,695633.5955005462
2022-09-13,696336.3334205461
2022-09-14,696977.9834205462
2022-09-15,698883.0334205462
2022-09-16,701014.2834205462
2022-09-19,699814.9834205462
2022-09-20,697614.2334205462
2022-09-21,699730.7834205462
2022-09-22,699109.8334205461
2022-09-23,698720.0834205461
2022-09-26,698490.7334205462
2022-09-27,695355.3334205463
2022-09-28,693225.8834205462
2022-09-29,693934.9073115998
2022-09-30,682994.4773115998
2022-10-03,689194.4673115998
2022-10-04,673523.8957095159
2022-10-06,669912.2264870541
2022-10-07,670903.7164870541
2022-10-10,675296.5164870542
2022-10-11,689216.0864870541
2022-10-12,681212.6164870542
2022-10-13,687692.6564870542
2022-10-14,690074.4464870542
2022-10-17,689235.7025870541
2022-10-18,682657.3423735882
2022-10-19,684819.8023735882
2022-10-20,679779.9723735882
2022-10-21,680961.9123735882
2022-10-24,677359.7420433672
2022-10-25,676605.8420433672
2022-10-27,669765.4429423342
2022-10-28,670041.6929423342
2022-10-31,666168.6929423342
2022-11-01,658638.8421639798
2022-11-02,658536.0421639797
2022-11-03,665381.1421639798
2022-11-04,665271.7921639797
2022-11-07,660812.6921639798
2022-11-09,661602.8469287205
2022-11-10,662393.4469287205
2022-11-11,658830.5969287205
2022-11-14,660579.7469287205
2022-11-15,659984.8469287205
2022-11-16,662400.6969287205
2022-11-17,663815.3969287205
2022-11-18,665288.5469287204
2022-11-21,664063.6469287205
2022-11-22,663648.4969287205
2022-11-23,661588.5969287205
2022-11-24,656693.0273466887
2022-11-25,653342.5676466888
2022-11-28,653246.9676466887
2022-11-29,651779.5676466888
2022-11-30,648928.4611620039
2022-12-01,646274.4111620039
2022-12-02,648006.861162004
2022-12-05,648266.4664620039
2022-12-06,647516.2292120039
2022-12-07,649428.7792120039
2022-12-08,649642.9993594879
2022-12-09,652190.7993594878
2022-12-12,651898.5493594878
2022-12-13,651364.6993594879
2022-12-14,650089.5993594879
2022-12-15,650956.7993594878
2022-12-16,651984.6493594878
2022-12-19,650252.5993594879
2022-12-20,650088.2993594878
2022-12-21,649229.3154880393
2022-12-22,650785.4154880394
2022-12-23,655720.5806880394
2022-12-26,650545.4806880394
2022-12-27,647700.9306880394
2022-12-28,647373.1806880394
2022-12-29,648927.5806880394
2022-12-30,644912.0539620823
2023-01-02,642473.4539620823
2023-01-03,639991.4944717415
2023-01-04,642787.8944717415
2023-01-05,646982.9161376051
2023-01-06,652486.9661376051
2023-01-09,648572.3161376051
2023-01-10,648591.1330098875
2023-01-11,649536.8830098875
2023-01-12,648168.0330098874
2023-01-13,643368.9830098875
2023-01-16,643565.7830098874
2023-01-17,642053.7830098874
2023-01-18,639891.0830098875
2023-01-19,643797.2330098875
2023-01-20,647366.0330098874
2023-01-23,645817.0910098875
2023-01-24,644625.9700967105
2023-01-25,648628.0700967105
2023-01-27,654593.5700967105
2023-01-30,650185.7700967104
2023-01-31,647973.3200967105
2023-02-01,648809.9700967105
2023-02-02,649258.6163411434
2023-02-03,642325.2663411434
2023-02-06,642140.4663411434
2023-02-07,642202.5163411434
2023-02-08,637116.0310179163
2023-02-09,633820.9810179162
2023-02-10,633787.3810179163
2023-02-13,636628.6986749064
2023-02-14,638041.6986749064
2023-02-15,630499.3986749063
2023-02-16,629670.0986749063
2023-02-17,633422.9986749063
2023-02-20,633589.1986749063
2023-02-21,632603.2986749064
2023-02-22,641893.1486749063
2023-02-23,646280.7486749063
2023-02-24,645272.0486749064
2023-02-27,645964.3773749063
2023-02-28,646125.7273749063
2023-03-01,643963.8273749063
2023-03-02,644008.8773749063
2023-03-03,639941.0773749063
2023-03-06,636758.9273749063
2023-03-08,635576.9773749063
2023-03-09,642771.4273749063
2023-03-10,645032.2273749063
2023-03-13,654052.4201749063
2023-03-14,656502.6701749063
2023-03-15,657476.8519168957
2023-03-16,655662.8519168957
2023-03-17,651090.7329432229
2023-03-20,653988.1829432228
2023-03-21,649599.0829432228
2023-03-22,644547.0329432228
2023-03-23,644969.1829432228
2023-03-24,650738.3329432228
2023-03-27,651236.9861432228
2023-03-28,658615.5993432228
2023-03-29,648830.7993432228
2023-03-31,640406.5829425562
2023-04-03,633668.695024426
2023-04-05,631487.5230838552
2023-04-06,626793.9060302362
2023-04-10,624192.197030236
2023-04-11,622734.047030236
2023-04-12,620338.2845874734
2023-04-13,621510.6845874733
2023-04-17,619017.2345874733
2023-04-18,619668.9345874733
2023-04-19,621877.0845874733
2023-04-20,620961.4345874733
2023-04-21,619676.0845874733
2023-04-24,618615.9845874733
2023-04-25,614855.6345874734
2023-04-26,612377.2566589068
2023-04-27,611720.5066589068
2023-04-28,605917.3857084401
2023-05-02,602845.5437058572
2023-05-03,602211.4437058571
2023-05-04,600552.4219384901
2023-05-05,601448.9219384901
2023-05-08,599979.0219384901
2023-05-09,598635.2219384902
2023-05-10,598042.1824691679
2023-05-11,597334.6919329988
2023-05-12,597334.6919329988
2023-05-15,597334.6919329988
2023-05-16,597334.6919329988
2023-05-17,597334.6919329988
2023-05-18,597920.5419329988
2023-05-19,598309.5419329988
2023-05-22,598953.7419329989
2023-05-23,596317.0919329989
2023-05-24,596485.4419329988
2023-05-25,597448.1919329988
2023-05-26,592623.806076291
2023-05-29,588984.2550272044
2023-05-30,590124.8550272044
2023-05-31,590792.8050272044
2023-06-01,591530.4550272045
2023-06-02,589418.5050272044
2023-06-05,588793.4550272045
2023-06-06,589685.3050272044
2023-06-07,588680.9550272045
2023-06-08,587769.1016090412
2023-06-09,588252.1016090412
2023-06-12,588203.8016090413
2023-06-13,588517.7516090412
2023-06-14,588590.2016090412
2023-06-15,589725.2516090412
2023-06-16,588904.1516090413
2023-06-19,589218.1016090412
2023-06-20,589073.2016090412
2023-06-21,589049.0516090413
2023-06-22,588880.0016090412
2023-06-23,589676.9516090412
2023-06-26,590087.5016090412
2023-06-27,588418.0016090412
2023-06-28,587958.9164042731
2023-06-30,586026.9164042731
2023-07-03,585508.7164042732
2023-07-04,584650.7622401648
2023-07-05,583596.2622401648
2023-07-06,583856.9622401649
2023-07-07,585180.9622401649
2023-07-10,585660.5622401648
2023-07-11,584230.0122401648
2023-07-12,582441.1122401648
2023-07-13,584951.3622401648
2023-07-14,582555.9622401649
2023-07-17,582245.9622401649
2023-07-18,582515.8622401648
2023-07-19,580349.9201027433
2023-07-20,581600.9201027433
2023-07-21,582937.5201027433
2023-07-24,582043.5701027433
2023-07-25,578296.4764800235
2023-07-26,576004.2264800235
2023-07-27,577092.7264800235
2023-07-28,576788.2764800235
2023-07-31,575828.5764800234
2023-08-01,575005.794930279
2023-08-02,575478.744930279
2023-08-03,575019.894930279
2023-08-04,574196.044930279
2023-08-07,574408.494930279
2023-08-08,573980.894930279
2023-08-09,573613.9449302789
2023-08-10,574430.744930279
2023-08-11,576706.894930279
2023-08-14,578953.544930279
2023-08-16,576383.7148390581
2023-08-17,576613.2148390581
2023-08-18,577425.4148390582
2023-08-21,576831.6648390582
2023-08-22,576490.9648390581
2023-08-23,574210.2648390582
2023-08-24,573848.2148390581
2023-08-25,576218.6148390581
2023-08-28,573685.2148390581
2023-08-29,571637.3639441677
2023-08-30,573345.6139441677
2023-08-31,576313.1639441677
2023-09-01,573216.6852441677
2023-09-04,571112.6852441677
2023-09-05,571583.6352441676
2023-09-06,570758.4352441677
2023-09-07,569707.4852441677
2023-09-08,568797.3303043505
2023-09-11,566862.2803043504
2023-09-12,569444.2533498026
2023-09-13,568094.9533498025
2023-09-14,566938.4908622387
2023-09-15,567594.6908622386
2023-09-18,567121.7908622386
2023-09-20,568819.3908622387
2023-09-21,570033.9908622387
2023-09-22,571548.0908622387
2023-09-25,572125.9908622387
2023-09-26,571910.8408622387
2023-09-27,575055.6408622387
2023-09-28,577067.4408622386
2023-09-29,572912.9908622387
2023-10-03,572018.5908622387
2023-10-04,572382.0908622387
2023-10-05,572415.0408622386
2023-10-06,572055.8908622387
2023-10-09,574447.9468622387
2023-10-10,573215.8468622386
2023-10-11,570073.7468622386
2023-10-12,569718.7468622386
2023-10-13,570281.7380500212
2023-10-16,571213.6880500213
2023-10-17,570698.4880500212
2023-10-18,572666.6880500213
2023-10-19,574002.9880500212
2023-10-20,573925.8380500213
2023-10-23,576317.4880500212
2023-10-25,577061.2880500213
2023-10-26,581150.4880500212
2023-10-27,576941.6880500213
2023-10-30,575482.0880500213
2023-10-31,573547.7880500213
2023-11-01,577237.7880500213
2023-11-02,571231.0380500213
2023-11-03,568322.7621349454
2023-11-06,564271.0621349453
2023-11-07,565843.1539210078
2023-11-08,563025.2154570323
2023-11-09,565949.4154570324
2023-11-10,566234.0654570324
2023-11-12,563174.8654570323
2023-11-13,565835.6654570324
2023-11-15,559042.2154570323
2023-11-16,556774.5348597051
2023-11-17,553030.2756517952
2023-11-20,553087.8999932791
2023-11-21,548754.9024458341
2023-11-22,549196.9024458341
2023-11-23,549342.9524458342
2023-11-24,549364.8524458342
2023-11-28,545923.1273015481
2023-11-29,545419.1773015482
2023-11-30,543515.6273015481
2023-12-01,542396.411783528
2023-12-04,542396.411783528
2023-12-05,542396.411783528
2023-12-06,542396.411783528
2023-12-07,542396.411783528
2023-12-08,542396.411783528
2023-12-11,542396.411783528
2023-12-12,542396.411783528
2023-12-13,542396.411783528
2023-12-14,542396.411783528
2023-12-15,542396.411783528
2023-12-18,542396.411783528
2023-12-19,542396.411783528
2023-12-20,542396.411783528
2023-12-21,542396.411783528
2023-12-22,542396.411783528
2023-12-26,542396.411783528
2023-12-27,542396.411783528
2023-12-28,542396.411783528
2023-12-29,542396.411783528
2024-01-01,542396.411783528
2024-01-02,542396.411783528
2024-01-03,542396.411783528
2024-01-04,542396.411783528
2024-01-05,542396.411783528
2024-01-08,542396.411783528
2024-01-09,542396.411783528
2024-01-10,542396.411783528
2024-01-11,542396.411783528
2024-01-12,542396.411783528
2024-01-15,542396.411783528
2024-01-16,542396.411783528
2024-01-17,542396.411783528
2024-01-18,542396.411783528
2024-01-19,542396.411783528
2024-01-20,543095.111783528
2024-01-23,545793.8117835281
2024-01-24,547138.0617835281
2024-01-25,548813.8117835281
2024-01-29,548154.661783528
2024-01-30,548817.3117835281
2024-01-31,546322.261783528
2024-02-01,546928.261783528
2024-02-02,546494.111783528
2024-02-05,550038.661783528
2024-02-06,545421.5617835281
2024-02-07,540569.7325362255
2024-02-08,543921.3825362255
2024-02-09,543582.4825362255
2024-02-12,547785.1325362255
2024-02-13,543803.3825362255
2024-02-14,543583.9325362255
2024-02-15,545359.7825362255
2024-02-16,543080.4325362255
2024-02-19,541309.7825362255
2024-02-20,541943.0825362256
2024-02-21,545618.9825362255
2024-02-22,545289.9825362256
2024-02-23,543476.1325362255
2024-02-26,546760.0825362256
2024-02-27,547864.7825362255
2024-02-28,552118.1825362255
2024-02-29,550623.3825362255
2024-03-01,546648.3825362255
2024-03-02,545645.4825362255
2024-03-04,545127.6325362255
2024-03-05,549820.6361694305
2024-03-06,548982.5861694304
2024-03-07,542846.8361694304
2024-03-11,541770.9525424283
2024-03-12,545035.2525424283
2024-03-13,544961.114436063
2024-03-14,541731.564436063
2024-03-15,541421.564436063
2024-03-18,542474.564436063
2024-03-19,543790.914436063
2024-03-20,543972.832836063
2024-03-21,539946.8828360629
2024-03-22,538320.532836063
2024-03-26,535859.297236063
2024-03-27,533600.7657766716
2024-03-28,531540.2830588487
2024-04-01,526263.5444255538
2024-04-02,523980.8444255537
2024-04-03,524934.1444255537
2024-04-04,526964.2444255537
2024-04-05,523274.4444255537
2024-04-08,522639.16999798897
2024-04-09,521993.71999798896
2024-04-10,521259.26999798894
2024-04-12,522607.31999798893
2024-04-15,523739.1199979889
2024-04-16,524731.2199979889
2024-04-18,525955.819997989
2024-04-19,524346.019997989
2024-04-22,523487.1199979889
2024-04-23,522955.3699979889
2024-04-24,523764.71999798896
2024-04-25,523739.31999798893
2024-04-26,521245.41730233695
2024-04-29,520216.41730233695
2024-04-30,520794.11730233696
2024-05-02,517488.13712658454
2024-05-03,517193.88712658454
2024-05-06,516235.1871265845
2024-05-07,514361.99075396423
2024-05-08,515653.19075396424
2024-05-09,517808.39075396425
2024-05-10,517633.09075396426
2024-05-13,516185.74075396423
2024-05-14,514572.14075396425
2024-05-15,516329.24075396423
2024-05-16,512027.09075396426
2024-05-17,510438.3831247915
2024-05-18,510268.3331247915
2024-05-21,511371.0831247915
2024-05-22,511071.3831247915
2024-05-23,506783.6194196202
2024-05-24,506219.6694196202
2024-05-27,504887.5694196202
2024-05-28,503829.2694196202
2024-05-29,506652.1694196202
2024-05-30,508773.5694196202
2024-05-31,509185.9194196202
2024-06-03,507320.71372208063
2024-06-04,509357.71372208063
2024-06-05,505411.5137220806
2024-06-06,503459.6078332298
2024-06-07,500682.7501061307
2024-06-10,500101.5001061307
2024-06-11,499869.0001061307
2024-06-12,499776.0001061307
2024-06-13,498916.198776946
2024-06-14,498916.198776946
2024-06-18,498916.198776946
2024-06-19,498916.198776946
2024-06-20,498916.198776946
2024-06-21,498916.198776946
2024-06-24,498916.198776946
2024-06-25,498916.198776946
2024-06-26,498916.198776946
2024-06-27,498916.198776946
2024-06-28,498916.198776946
2024-07-01,498916.198776946
2024-07-02,498916.198776946
2024-07-03,498916.198776946
2024-07-04,498916.198776946
2024-07-05,498916.198776946
2024-07-08,498916.198776946
2024-07-09,498916.198776946
2024-07-10,498916.198776946
2024-07-11,498916.198776946
2024-07-12,498916.198776946
2024-07-15,498916.198776946
2024-07-16,498916.198776946
2024-07-18,498916.198776946
2024-07-19,498916.198776946
2024-07-22,497833.798776946
2024-07-23,498489.798776946
2024-07-24,499099.878776946
2024-07-25,499755.878776946
2024-07-26,499873.958776946
2024-07-29,499766.85877694597
2024-07-30,498336.09877694596
2024-07-31,498435.398776946
2024-08-01,499107.248776946
2024-08-02,500359.97877694597
2024-08-05,502388.528776946
2024-08-06,502848.278776946
2024-08-07,503515.22877694597
2024-08-08,504187.738776946
2024-08-09,502633.558776946
2024-08-12,503504.368776946
2024-08-13,504422.518776946
2024-08-14,506540.848776946
2024-08-16,502518.998776946
2024-08-19,501167.658776946
2024-08-20,498265.778776946
2024-08-21,497826.238776946
2024-08-22,495970.318776946
2024-08-23,498146.688776946
2024-08-26,497909.738776946
2024-08-27,497905.498776946
2024-08-28,497785.488776946
2024-08-29,498251.798776946
2024-08-30,495679.10877694597
2024-09-02,492584.27274573676
2024-09-03,493253.2927457368
2024-09-04,495347.1827457368
2024-09-05,495101.1127457368
2024-09-06,498585.27274573676
2024-09-09,499303.4427457368
2024-09-10,498510.27274573676
2024-09-11,501450.0127457368
2024-09-12,497683.7627457368
2024-09-13,495031.7927457368
2024-09-16,494423.13401910145
2024-09-17,496214.7640191014
2024-09-18,498299.05401910143
2024-09-19,500098.9740191014
2024-09-20,498585.5308991014
2024-09-23,493916.89089910145
2024-09-24,494901.6508991014
2024-09-25,496573.65929608734
2024-09-26,494861.17929608736
2024-09-27,492110.59929608734
2024-09-30,493200.5792960874
2024-10-01,493743.67929608736
2024-10-03,496974.41929608735
2024-10-04,496204.65929608734
2024-10-07,500721.80741608737
2024-10-08,499786.2574160874
2024-10-09,499009.5774160874
2024-10-10,498628.22741608735
2024-10-11,498602.66741608735
2024-10-14,497839.2184160874
2024-10-15,498209.43841608736
2024-10-16,497883.2084160874
2024-10-17,503881.8384160874
2024-10-18,503719.7784160874
2024-10-21,509413.0784160874
2024-10-22,521309.7984160874
2024-10-23,522350.1284160874
2024-10-24,523736.2384160874
2024-10-25,538862.4384160874
2024-10-28,531458.8284160874
2024-10-29,531224.7621160874
2024-10-30,526047.0821160874
2024-10-31,533791.5721160874
2024-11-01,529669.6221160874
2024-11-04,534898.4621160874
2024-11-05,532582.6921160874
2024-11-06,526108.0021160874
2024-11-07,531695.2321160875
2024-11-08,535517.2221160874
2024-11-11,540227.2945360874
2024-11-12,546072.5445360874
2024-11-13,552985.5945360874
2024-11-14,554150.9945360874
2024-11-18,550752.4945360874
2024-11-19,554356.0945360874
2024-11-21,563447.7445360874
2024-11-22,554173.7945360874
2024-11-25,551494.5945360874
2024-11-26,549487.0945360874
2024-11-27,547811.2445360874
2024-11-28,551438.5445360874
2024-11-29,546948.9445360875
2024-12-02,544147.0445360874
2024-12-03,539491.8445360874
2024-12-04,539390.9945360874
2024-12-05,537878.7445360874
2024-12-06,537693.9130200722
2024-12-09,541322.0360200722
2024-12-10,541544.3026700722
2024-12-11,539806.2526700721
2024-12-12,543066.6026700722
2024-12-13,541725.9026700722
2024-12-16,541593.1118700722
2024-12-17,545046.5118700722
2024-12-18,545346.3118700723
2024-12-19,546562.0618700723
2024-12-20,552199.6530700723
2024-12-23,548995.2738700723
2024-12-24,549719.5738700724
2024-12-26,549830.2738700723
2024-12-27,550780.9738700724
2024-12-30,552304.1620700724
2024-12-31,551322.7620700723
2025-01-01,551590.0920700723
2025-01-02,540164.2479710554
2025-01-03,539105.8582484936
2025-01-06,553467.3982484936
2025-01-07,549327.3782484937
2025-01-08,550681.6982484936
2025-01-09,555187.6982484936
2025-01-10,562782.2382484936
2025-01-13,576287.6882484936
2025-01-14,565900.1782484936
2025-01-15,566305.5182484936
2025-01-16,561787.9682484936
2025-01-17,556902.5445064693
2025-01-20,554574.9945064693
2025-01-21,560754.8145064693
2025-01-22,564565.3745064694
2025-01-23,556127.4045064693
2025-01-24,561065.3245064693
2025-01-27,570919.5145064694
2025-01-28,572256.6645064693
2025-01-29,563386.9345064693
2025-01-30,559437.6745064693
2025-01-31,550348.8564505978
2025-02-01,552632.2164505977
2025-02-03,554906.3401507657
2025-02-04,547981.5301507657
2025-02-05,542901.5701507657
2025-02-06,543857.6401507657
2025-02-07,540104.6001507657
2025-02-10,547629.0701507657
2025-02-11,554201.4201507657
2025-02-12,555198.9401507657
2025-02-13,552340.3201507657
2025-02-14,557474.1820627657
2025-02-17,556121.7120627657
2025-02-18,556002.7720627657
2025-02-19,550785.9720627657
2025-02-20,542000.3189404496
2025-02-21,544961.7971904497
2025-02-24,549849.8871904496
2025-02-25,554177.0371904497
2025-02-27,557009.2071904497
2025-02-28,567130.5671904497
2025-03-03,558179.2534304496
2025-03-04,552281.4833304496
2025-03-05,543335.2881544495
2025-03-06,537759.3381544496
2025-03-07,539563.6761544496
2025-03-10,544802.7061544495
2025-03-11,541082.5561544496
2025-03-12,540867.9615028998
2025-03-13,543789.8115028997
2025-03-17,538269.2012148998
2025-03-18,529994.6412148997
2025-03-19,521939.76460748294
2025-03-20,518134.0283150852
2025-03-21,516159.9824147987
2025-03-24,516723.7824147987
2025-03-25,519425.58241479873
2025-03-26,518267.4824147987
2025-03-27,515331.08241479873
2025-03-28,518863.5324147987
2025-04-01,518734.83241479873
2025-04-02,515749.0740147987
2025-04-03,517099.3240147987
2025-04-04,525835.9240147987
2025-04-07,531574.6740147987
2025-04-08,525002.2740147987
2025-04-09,530251.8340147987
2025-04-11,523471.13429791195
2025-04-15,510193.57955263834
2025-04-16,508722.27915263834
2025-04-17,502442.1148746704
2025-04-21,493058.50913359533
2025-04-22,489948.89981459395
2025-04-23,485939.19981459394
2025-04-24,482611.0539585939
2025-04-25,485162.49861191644
2025-04-28,483020.6986119164
2025-04-29,482834.1986119164
2025-04-30,484514.8986119164
2025-05-02,484370.49861191644
2025-05-05,482960.2986119164
2025-05-06,484768.6986119164
2025-05-07,481167.7986119164
2025-05-08,485368.8986119164
2025-05-09,482995.6478700441
2025-05-12,479884.6478700441
2025-05-13,479978.2478700441
2025-05-14,478664.8025100441
2025-05-15,478117.502510044
2025-05-16,477360.90251004405
2025-05-19,476318.3025100441
2025-05-20,478322.90251004405
2025-05-21,476549.70251004404
2025-05-22,476905.90251004405
2025-05-23,476852.60251004406
2025-05-26,477277.70251004404
2025-05-27,476574.40251004405
2025-05-28,476664.10251004406
2025-05-29,476766.8025100441
2025-05-30,476651.10251004406
2025-06-02,477150.3025100441
2025-06-03,477723.60251004406
2025-06-04,477028.10251004406
2025-06-05,476649.8025100441
2025-06-06,476504.20251004404
2025-06-09,475451.20251004404
2025-06-10,473823.60251004406
2025-06-11,474351.40251004405
2025-06-12,476634.20251004404
2025-06-13,477800.3025100441
2025-06-16,475839.90251004405
2025-06-17,476560.10251004406
2025-06-18,476529.8025100441
2025-06-19,478223.70251004404
2025-06-20,476602.78971004405
2025-06-23,476441.0897100441
2025-06-24,474692.2688432912
2025-06-25,474792.2688432912
2025-06-26,475674.2688432912
2025-06-27,475602.2688432912
2025-06-30,475046.2688432912
2025-07-01,474994.2688432912
2025-07-02,474496.2688432912
2025-07-03,474282.2688432912
2025-07-04,474254.2688432912
2025-07-07,473580.3954909577
2025-07-08,474052.3954909577
2025-07-09,474308.3954909577
2025-07-10,474124.3954909577
2025-07-11,474660.3954909577
2025-07-14,475679.8954909577
2025-07-15,473999.79549095774
2025-07-16,472520.6954909577
2025-07-17,473182.3956388844
2025-07-18,473588.7456388844
2025-07-21,475785.1456388844
2025-07-22,476700.8956388844
2025-07-23,475878.9956388844
2025-07-24,481370.2456388844
2025-07-25,486457.8956388844
2025-07-28,490999.2456388844
2025-07-29,490519.5956388844
2025-07-30,489518.9956388844
2025-07-31,490942.4956388844
2025-08-01,494506.8456388844
2025-08-04,487594.0456388844
2025-08-05,486231.4287704613
2025-08-06,490777.57877046126
2025-08-07,487598.2787704613
2025-08-08,492075.2287704613
2025-08-11,487436.07877046126
2025-08-12,486565.4787704613
2025-08-13,486686.9287704613
2025-08-14,486148.9287704613
2025-08-18,485528.1287704613
2025-08-19,483408.3787704613
2025-08-20,477058.0767566306
2025-08-21,476722.6267566306
2025-08-22,479966.8767566306
2025-08-25,474148.8767566306
2025-08-26,479665.02675663057
2025-08-28,484178.4267566306
2025-08-29,485227.8267566306
2025-09-01,478616.6767566306
2025-09-02,478327.7267566306
2025-09-03,478980.3767566306
2025-09-04,482498.32675663056
2025-09-05,487444.79875663057
2025-09-08,490009.84875663056
2025-09-09,482536.4987566306
2025-09-10,475141.5987566306
2025-09-11,474696.79875663057
2025-09-12,473213.44415663055
2025-09-15,473414.9957650167
2025-09-16,469734.1906003829
2025-09-17,468682.1906003829
2025-09-18,468228.59060038294
2025-09-19,468029.7618003829
2025-09-22,468938.63700038294
2025-09-23,468938.63700038294
2025-09-24,468938.63700038294
2025-09-25,468938.63700038294
2025-09-26,469723.83700038295
2025-09-29,468763.13700038294
2025-09-30,470196.53700038296
2025-10-01,467844.9370003829
2025-10-03,466059.2370003829
2025-10-06,463614.13700038294
2025-10-07,463862.7029014251
2025-10-08,463007.3314573659
2025-10-09,460500.63145736593
2025-10-10,459425.51937050914
2025-10-13,460104.71937050915
2025-10-14,461361.0193705092
2025-10-15,457839.30645996233
2025-10-16,455677.6064599623
2025-10-17,454362.43583922525
2025-10-20,454302.0358392252
2025-10-21,454259.13583922526
2025-10-23,452010.13583922526
2025-10-24,452770.63583922526
2025-10-27,452241.93583922525
2025-10-28,454514.5358392252
2025-10-29,452538.73583922524
2025-10-30,454494.0358392252
2025-10-31,456606.5358392252
2025-11-03,455613.93583922525
2025-11-04,455694.94178971776
2025-11-06,456443.3417897178
2025-11-07,457654.74178971775
2025-11-10,458611.54178971774
2025-11-11,458254.44178971776
2025-11-12,456985.94178971776
2025-11-13,457198.04178971774
2025-11-14,457182.1417897178
2025-11-17,456233.8417897177
2025-11-18,456413.1417897178
2025-11-19,457847.94178971776
2025-11-20,456945.54178971774
2025-11-21,457967.04178971774
2025-11-24,457917.50443290937
2025-11-25,458681.7044329094
2025-11-26,457612.80443290935
2025-11-27,458010.7044329094
2025-11-28,456840.7044329094
2025-12-01,457070.56083290937
2025-12-02,457070.56083290937
2025-12-03,457070.56083290937
2025-12-04,457070.56083290937
2025-12-05,457070.56083290937
2025-12-08,457070.56083290937
2025-12-09,457070.56083290937
2025-12-10,456651.9608329094
2025-12-11,456419.56083290937
2025-12-12,457146.16083290934
2025-12-15,456961.36083290935
2025-12-16,456910.9608329094
2025-12-17,457209.16083290934
2025-12-18,458134.56083290937
2025-12-19,457608.16083290934
2025-12-22,457210.56083290937
2025-12-23,457291.7608329094
2025-12-24,457798.56083290937
2025-12-26,457757.9608329094
2025-12-29,458410.36083290935
2025-12-30,458757.56083290937
2025-12-31,458284.36083290935
