variant,symbol,direction,entry_date,exit_date,entry_price,exit_price,qty,days_held,exit_reason,gross_pnl,net_pnl
adx_30,COFORGE,LONG,2018-03-16,2018-03-19,194.00,179.07,515,3,INITIAL_STOP,-7691.52,-7883.65
adx_30,WIPRO,LONG,2018-03-14,2018-03-26,108.75,104.29,919,12,INITIAL_STOP,-4103.10,-4298.88
adx_30,AXISBANK,LONG,2018-04-11,2018-04-18,550.10,518.35,179,7,INITIAL_STOP,-5683.25,-5874.50
adx_30,COFORGE,LONG,2018-03-20,2018-04-23,174.00,217.50,570,34,TARGET,24795.00,24571.85
adx_30,CHOLAFIN,LONG,2018-04-24,2018-05-09,341.40,321.88,294,15,INITIAL_STOP,-5737.66,-5932.66
adx_30,GRASIM,LONG,2018-04-20,2018-05-21,1096.35,1043.05,89,31,INITIAL_STOP,-4744.06,-4934.47
adx_30,HDFCLIFE,LONG,2018-04-13,2018-05-24,500.25,470.96,197,41,INITIAL_STOP,-5771.09,-5962.42
adx_30,TITAN,LONG,2018-03-27,2018-05-28,948.45,928.90,104,62,MAX_HOLD,-2033.20,-2228.44
adx_30,DIVISLAB,LONG,2018-04-13,2018-05-30,1122.00,1055.42,88,47,INITIAL_STOP,-5859.13,-6050.75
adx_30,NESTLEIND,LONG,2018-04-05,2018-06-04,419.40,490.80,235,60,MAX_HOLD,16779.00,16565.10
adx_30,INDUSINDBK,LONG,2018-04-05,2018-06-04,1832.70,1902.20,53,60,MAX_HOLD,3683.50,3485.55
adx_30,TATAPOWER,LONG,2018-05-30,2018-06-04,82.45,77.70,1197,5,INITIAL_STOP,-5686.60,-5878.30
adx_30,PIDILITIND,LONG,2018-04-10,2018-06-11,497.00,529.00,198,62,MAX_HOLD,6336.00,6132.85
adx_30,HINDUNILVR,LONG,2018-04-18,2018-06-18,1450.50,1608.55,68,61,MAX_HOLD,10747.40,10539.38
adx_30,BRITANNIA,LONG,2018-04-19,2018-06-18,2683.50,3037.00,36,60,MAX_HOLD,12726.00,12520.06
adx_30,SBIN,LONG,2018-06-14,2018-06-19,286.55,271.40,349,5,INITIAL_STOP,-5288.77,-5483.50
adx_30,M&M,LONG,2018-06-01,2018-06-21,922.50,876.50,106,20,INITIAL_STOP,-4876.52,-5067.22
adx_30,ASIANPAINT,LONG,2018-05-16,2018-06-22,1305.15,1242.92,76,37,INITIAL_STOP,-4729.39,-4923.04
adx_30,RELIANCE,LONG,2018-06-22,2018-06-26,490.10,472.43,206,4,INITIAL_STOP,-3639.80,-3838.08
adx_30,SBIN,LONG,2018-06-20,2018-06-28,273.20,258.77,373,8,INITIAL_STOP,-5381.29,-5579.71
adx_30,DRREDDY,LONG,2018-06-14,2018-07-16,452.00,427.29,221,32,INITIAL_STOP,-5461.40,-5655.72
adx_30,SUNPHARMA,LONG,2018-06-25,2018-07-16,576.90,539.78,174,21,INITIAL_STOP,-6459.17,-6653.47
adx_30,COLPAL,LONG,2018-05-22,2018-07-17,1186.00,1124.56,83,56,INITIAL_STOP,-5099.60,-5291.38
adx_30,BAJFINANCE,LONG,2018-05-29,2018-07-20,210.50,263.12,469,52,TARGET,24681.12,24458.99
adx_30,INDUSINDBK,LONG,2018-06-19,2018-07-20,1962.00,1879.51,52,31,INITIAL_STOP,-4289.58,-4489.34
adx_30,ADANIENT,LONG,2018-07-12,2018-07-20,124.45,155.56,803,8,TARGET,24983.34,24758.49
adx_30,BAJAJ-AUTO,LONG,2018-07-17,2018-07-20,3030.50,2871.35,32,3,INITIAL_STOP,-5092.79,-5281.65
adx_30,WIPRO,LONG,2018-07-18,2018-07-23,105.40,100.89,931,5,INITIAL_STOP,-4195.74,-4387.80
adx_30,ADANIENT,LONG,2018-07-23,2018-07-25,161.35,201.69,633,2,TARGET,25533.64,25303.83
adx_30,MARUTI,LONG,2018-07-23,2018-08-02,9448.00,9142.41,10,10,INITIAL_STOP,-3055.92,-3241.82
adx_30,BAJAJFINSV,LONG,2018-06-05,2018-08-06,578.00,691.90,172,62,MAX_HOLD,19590.80,19372.38
adx_30,PNB,LONG,2018-08-07,2018-08-08,87.71,81.27,1207,1,INITIAL_STOP,-7769.75,-7973.71
adx_30,INFY,LONG,2018-06-11,2018-08-10,632.78,692.73,157,60,MAX_HOLD,9412.15,9204.04
adx_30,HDFCBANK,LONG,2018-07-23,2018-08-13,537.50,522.71,190,21,INITIAL_STOP,-2810.42,-3011.86
adx_30,TCS,LONG,2018-06-19,2018-08-20,1822.15,2009.95,56,62,MAX_HOLD,10516.80,10302.20
adx_30,CIPLA,LONG,2018-06-27,2018-08-27,602.50,659.60,166,61,MAX_HOLD,9478.60,9269.09
adx_30,ASIANPAINT,LONG,2018-07-24,2018-08-30,1443.00,1383.61,70,37,INITIAL_STOP,-4157.30,-4355.16
adx_30,IDFCFIRSTB,LONG,2018-08-21,2018-09-04,48.25,45.19,2212,14,INITIAL_STOP,-6766.29,-6972.98
adx_30,ADANIENT,LONG,2018-07-26,2018-09-06,194.30,178.76,536,42,INITIAL_STOP,-8331.58,-8531.54
adx_30,APOLLOHOSP,LONG,2018-08-28,2018-09-06,1199.40,1110.06,89,9,INITIAL_STOP,-7951.17,-8156.71
adx_30,RELIANCE,LONG,2018-07-17,2018-09-17,513.90,584.30,192,62,MAX_HOLD,13516.80,13305.95
adx_30,SBIN,LONG,2018-08-13,2018-09-18,296.00,276.89,358,36,INITIAL_STOP,-6840.57,-7045.67
adx_30,NESTLEIND,LONG,2018-07-23,2018-09-21,520.20,499.43,196,60,INITIAL_STOP,-4071.62,-4271.47
adx_30,MARICO,LONG,2018-08-03,2018-09-21,350.00,330.47,296,49,INITIAL_STOP,-5779.79,-5981.21
adx_30,PNB,LONG,2018-08-09,2018-09-21,79.40,73.05,1323,43,INITIAL_STOP,-8403.70,-8605.38
adx_30,AXISBANK,LONG,2018-08-14,2018-09-21,608.60,572.17,173,38,INITIAL_STOP,-6303.07,-6507.35
adx_30,SUNPHARMA,LONG,2018-09-07,2018-09-21,650.00,614.97,161,14,INITIAL_STOP,-5639.58,-5843.24
adx_30,JSWSTEEL,LONG,2018-08-31,2018-10-01,399.00,373.41,268,31,INITIAL_STOP,-6858.89,-7065.89
adx_30,TCS,LONG,2018-09-26,2018-10-04,2187.00,2110.08,46,8,INITIAL_STOP,-3538.16,-3735.82
adx_30,HCLTECH,LONG,2018-09-07,2018-10-09,543.45,522.79,192,32,INITIAL_STOP,-3966.40,-4171.12
adx_30,WIPRO,LONG,2018-09-05,2018-10-25,115.95,110.53,918,50,INITIAL_STOP,-4975.56,-5183.47
adx_30,ULTRACEMCO,LONG,2018-11-28,2018-12-10,4005.20,3775.93,25,12,INITIAL_STOP,-5731.74,-5926.26
adx_30,ASIANPAINT,LONG,2018-11-28,2018-12-10,1352.90,1281.80,74,12,INITIAL_STOP,-5261.20,-5456.17
adx_30,MARICO,LONG,2018-11-01,2018-12-31,324.70,373.40,309,60,MAX_HOLD,15048.30,14832.59
adx_30,ICICIBANK,LONG,2018-11-05,2019-01-04,351.00,365.20,285,60,MAX_HOLD,4047.00,3842.88
adx_30,SBIN,LONG,2018-11-13,2019-01-14,276.30,300.40,363,62,MAX_HOLD,8748.30,8538.96
adx_30,LT,LONG,2018-11-13,2019-01-14,1364.00,1333.90,73,62,MAX_HOLD,-2197.30,-2394.25
adx_30,CUMMINSIND,LONG,2018-11-16,2019-01-15,820.00,877.70,122,60,MAX_HOLD,7039.40,6832.28
adx_30,DIVISLAB,LONG,2018-11-16,2019-01-15,1530.80,1522.20,65,60,MAX_HOLD,-559.00,-757.44
adx_30,FEDERALBNK,LONG,2018-12-20,2019-01-17,94.00,87.73,1055,28,INITIAL_STOP,-6613.63,-6805.36
adx_30,PNB,LONG,2019-01-15,2019-01-23,80.52,75.67,1262,8,INITIAL_STOP,-6119.60,-6316.71
adx_30,HAL,LONG,2019-01-07,2019-01-24,398.50,375.40,253,17,INITIAL_STOP,-5843.94,-6039.74
adx_30,GODREJPROP,LONG,2018-11-26,2019-01-25,660.00,745.30,152,60,MAX_HOLD,12965.60,12751.99
adx_30,TITAN,LONG,2018-11-26,2019-01-25,913.10,978.00,109,60,MAX_HOLD,7074.10,6867.97
adx_30,APOLLOHOSP,LONG,2019-01-17,2019-01-28,1344.90,1276.68,76,11,INITIAL_STOP,-5185.04,-5384.28
adx_30,HINDUNILVR,LONG,2018-12-11,2019-02-11,1781.00,1804.80,55,62,MAX_HOLD,1309.00,1111.78
adx_30,RELIANCE,LONG,2019-02-07,2019-02-13,624.50,596.05,163,6,INITIAL_STOP,-4636.59,-4835.54
adx_30,TRENT,LONG,2019-01-01,2019-02-15,362.30,337.35,277,45,INITIAL_STOP,-6911.32,-7105.12
adx_30,AXISBANK,LONG,2019-02-08,2019-02-15,727.00,692.04,140,7,INITIAL_STOP,-4894.55,-5093.22
adx_30,TCS,LONG,2019-02-12,2019-02-18,2070.00,1993.36,49,6,INITIAL_STOP,-3755.31,-3954.41
adx_30,HCLTECH,LONG,2019-02-12,2019-02-20,538.00,514.42,189,8,INITIAL_STOP,-4457.54,-4656.45
adx_30,PERSISTENT,LONG,2019-02-06,2019-02-22,321.50,303.29,316,16,INITIAL_STOP,-5753.70,-5951.14
adx_30,TITAN,LONG,2019-02-06,2019-02-27,1066.00,1016.02,95,21,INITIAL_STOP,-4748.03,-4945.82
adx_30,INFY,LONG,2019-02-05,2019-03-08,747.00,714.64,136,31,INITIAL_STOP,-4401.42,-4600.20
adx_30,WIPRO,LONG,2019-02-07,2019-03-08,137.15,130.54,742,29,INITIAL_STOP,-4908.09,-5106.71
adx_30,HDFCLIFE,LONG,2019-03-08,2019-03-12,389.10,368.01,252,4,INITIAL_STOP,-5315.37,-5506.16
adx_30,ULTRACEMCO,LONG,2019-03-12,2019-03-25,4063.90,3864.64,23,13,INITIAL_STOP,-4583.02,-4765.38
adx_30,TECHM,LONG,2019-02-14,2019-03-27,763.80,726.01,132,41,INITIAL_STOP,-4988.55,-5185.20
adx_30,COFORGE,LONG,2019-01-29,2019-04-01,260.00,267.00,391,62,MAX_HOLD,2737.00,2530.94
adx_30,BAJAJ-AUTO,LONG,2019-03-14,2019-04-02,2937.50,2813.93,32,19,INITIAL_STOP,-3954.11,-4138.16
adx_30,HAL,LONG,2019-03-28,2019-04-22,370.00,348.02,258,25,INITIAL_STOP,-5672.11,-5857.36
adx_30,TATAMOTORS,LONG,2019-04-23,2019-04-24,235.00,218.47,404,1,INITIAL_STOP,-6677.28,-6860.48
adx_30,SBILIFE,LONG,2019-03-01,2019-04-30,581.95,639.85,168,60,MAX_HOLD,9727.20,9521.94
adx_30,POWERGRID,LONG,2019-04-02,2019-04-30,106.70,101.11,899,28,INITIAL_STOP,-5025.08,-5211.90
adx_30,GODREJPROP,LONG,2019-04-03,2019-04-30,890.00,818.80,107,27,INITIAL_STOP,-7618.40,-7801.24
adx_30,JINDALSTEL,LONG,2019-03-08,2019-05-07,164.65,169.30,596,60,MAX_HOLD,2771.40,2572.37
adx_30,VOLTAS,LONG,2019-03-12,2019-05-08,626.50,593.67,155,57,INITIAL_STOP,-5087.90,-5277.03
adx_30,ITC,LONG,2019-04-25,2019-05-09,265.75,256.77,354,14,INITIAL_STOP,-3178.79,-3363.76
adx_30,HCLTECH,LONG,2019-05-02,2019-05-09,585.00,556.05,160,7,INITIAL_STOP,-4632.57,-4815.13
adx_30,HDFCLIFE,LONG,2019-03-13,2019-05-13,367.50,402.65,263,61,MAX_HOLD,9244.45,9041.90
adx_30,SHREECEM,LONG,2019-03-13,2019-05-13,18092.45,18817.15,5,61,MAX_HOLD,3623.50,3438.95
adx_30,PNB,LONG,2019-03-15,2019-05-13,82.90,77.23,1166,59,INITIAL_STOP,-6607.27,-6793.99
adx_30,NTPC,LONG,2019-03-26,2019-05-13,136.00,126.10,707,48,INITIAL_STOP,-6997.35,-7182.66
adx_30,GRASIM,LONG,2019-05-02,2019-05-13,896.45,846.88,104,11,INITIAL_STOP,-5155.19,-5336.49
adx_30,CIPLA,LONG,2019-05-02,2019-05-13,563.00,538.60,166,11,INITIAL_STOP,-4050.81,-4233.67
adx_30,KOTAKBANK,LONG,2019-05-08,2019-07-08,1404.00,1475.30,67,61,MAX_HOLD,4777.10,4584.19
adx_30,MCX,LONG,2019-05-09,2019-07-08,828.55,816.30,113,60,MAX_HOLD,-1384.25,-1570.12
adx_30,TRENT,LONG,2019-05-13,2019-07-12,374.00,453.55,248,60,MAX_HOLD,19728.40,19523.17
adx_30,FEDERALBNK,LONG,2019-05-27,2019-07-18,105.95,99.32,866,52,INITIAL_STOP,-5737.61,-5915.37
adx_30,BAJFINANCE,LONG,2019-05-23,2019-07-19,349.50,330.67,262,57,INITIAL_STOP,-4932.64,-5110.84
adx_30,BANKBARODA,LONG,2019-05-21,2019-07-22,111.75,107.06,821,62,MAX_HOLD,-3850.49,-4030.13
adx_30,SBIN,LONG,2019-05-24,2019-07-23,344.95,342.20,266,60,MAX_HOLD,-731.50,-914.28
adx_30,SIEMENS,LONG,2019-05-24,2019-07-23,901.65,917.75,101,60,MAX_HOLD,1626.10,1442.34
adx_30,TATACONSUM,LONG,2019-05-24,2019-07-23,227.85,247.35,402,60,MAX_HOLD,7839.00,7647.97
adx_30,SHREECEM,LONG,2019-05-27,2019-07-26,20899.95,21431.30,4,60,MAX_HOLD,2125.40,1956.07
adx_30,COLPAL,LONG,2019-08-13,2019-08-22,1234.95,1181.89,75,9,INITIAL_STOP,-3979.43,-4160.69
adx_30,HINDUNILVR,LONG,2019-08-27,2019-08-28,1884.00,1812.91,49,1,INITIAL_STOP,-3483.43,-3664.58
adx_30,HDFCLIFE,LONG,2019-07-09,2019-09-09,465.40,530.90,197,62,MAX_HOLD,12903.50,12707.23
adx_30,GODREJPROP,LONG,2019-07-09,2019-09-09,873.00,895.00,105,62,MAX_HOLD,2310.00,2124.36
adx_30,APOLLOHOSP,LONG,2019-09-11,2019-09-17,1500.00,1415.96,62,6,INITIAL_STOP,-5210.73,-5391.52
adx_30,PIDILITIND,LONG,2019-08-22,2019-09-18,684.60,652.45,136,27,INITIAL_STOP,-4373.07,-4554.91
adx_30,COFORGE,LONG,2019-08-28,2019-09-18,288.00,271.02,323,21,INITIAL_STOP,-5484.60,-5665.16
adx_30,TCS,LONG,2019-07-31,2019-09-20,2171.75,2082.09,43,51,INITIAL_STOP,-3855.22,-4038.14
adx_30,INFY,LONG,2019-07-24,2019-09-23,788.00,757.52,118,61,INITIAL_STOP,-3596.71,-3779.08
adx_30,BPCL,LONG,2019-09-16,2019-09-26,177.80,222.25,529,10,TARGET,23514.05,23302.42
adx_30,ASIANPAINT,LONG,2019-08-01,2019-09-30,1515.00,1762.15,61,60,MAX_HOLD,15076.15,14876.24
adx_30,PERSISTENT,LONG,2019-09-23,2019-10-01,299.50,280.68,308,8,INITIAL_STOP,-5797.81,-5976.50
adx_30,HAL,LONG,2019-09-24,2019-10-01,370.65,348.37,247,7,INITIAL_STOP,-5504.01,-5681.61
adx_30,GODREJPROP,LONG,2019-09-27,2019-10-01,1094.00,1007.53,86,4,INITIAL_STOP,-7436.75,-7617.48
adx_30,HEROMOTOCO,LONG,2019-08-08,2019-10-07,2341.75,2511.00,39,60,MAX_HOLD,6600.75,6411.49
adx_30,TITAN,LONG,2019-09-26,2019-10-09,1273.00,1184.54,72,13,INITIAL_STOP,-6369.06,-6546.00
adx_30,KOTAKBANK,LONG,2019-10-03,2019-10-09,1644.25,1548.40,57,6,INITIAL_STOP,-5463.73,-5645.71
adx_30,BAJAJFINSV,LONG,2019-10-01,2019-10-14,857.10,806.35,111,13,INITIAL_STOP,-5632.82,-5817.46
adx_30,NESTLEIND,LONG,2019-08-23,2019-10-22,625.00,751.00,148,60,MAX_HOLD,18648.00,18444.35
adx_30,BHARTIARTL,LONG,2019-10-18,2019-10-23,377.85,350.12,245,5,INITIAL_STOP,-6792.67,-6971.03
adx_30,HINDUNILVR,LONG,2019-08-29,2019-10-29,1817.00,2160.20,51,61,MAX_HOLD,17503.20,17300.36
adx_30,IOC,LONG,2019-09-27,2019-11-05,81.00,74.52,1163,39,INITIAL_STOP,-7536.24,-7717.11
adx_30,SIEMENS,LONG,2019-09-25,2019-11-25,1084.85,1159.15,84,61,MAX_HOLD,6241.20,6052.70
adx_30,BEL,LONG,2019-11-06,2019-11-26,37.50,34.92,2525,20,INITIAL_STOP,-6514.11,-6696.97
adx_30,HDFCBANK,LONG,2019-10-03,2019-12-02,620.00,632.90,151,60,MAX_HOLD,1947.90,1758.71
adx_30,VOLTAS,LONG,2019-10-03,2019-12-02,669.95,695.10,139,60,MAX_HOLD,3495.85,3306.11
adx_30,TATASTEEL,LONG,2019-11-27,2019-12-04,38.06,35.08,2487,7,INITIAL_STOP,-7408.36,-7590.26
adx_30,JSWSTEEL,LONG,2019-12-03,2019-12-04,267.25,250.22,356,1,INITIAL_STOP,-6063.67,-6247.89
adx_30,BAJFINANCE,LONG,2019-10-09,2019-12-09,391.50,394.50,241,61,MAX_HOLD,723.00,533.57
adx_30,KOTAKBANK,LONG,2019-10-10,2019-12-09,1599.90,1659.25,58,60,MAX_HOLD,3442.30,3253.27
adx_30,BHARTIARTL,LONG,2019-12-05,2019-12-13,454.75,418.37,206,8,INITIAL_STOP,-7494.28,-7674.14
adx_30,EICHERMOT,LONG,2019-10-18,2019-12-17,2060.00,2170.50,44,60,MAX_HOLD,4862.00,4675.86
adx_30,PERSISTENT,LONG,2019-10-23,2019-12-23,310.00,335.40,304,61,MAX_HOLD,7721.60,7525.40
adx_30,BAJAJ-AUTO,LONG,2019-10-24,2019-12-23,3087.00,3140.00,30,60,MAX_HOLD,1590.00,1403.19
adx_30,ADANIENT,LONG,2019-10-30,2019-12-30,194.35,208.65,491,61,MAX_HOLD,7021.30,6823.43
adx_30,KOTAKBANK,LONG,2019-12-18,2020-01-03,1719.00,1662.45,54,16,INITIAL_STOP,-3053.77,-3236.37
adx_30,BAJAJFINSV,LONG,2019-12-31,2020-01-06,942.25,916.76,101,6,INITIAL_STOP,-2574.37,-2762.13
adx_30,HEROMOTOCO,LONG,2019-12-26,2020-01-08,2275.55,2169.98,41,13,INITIAL_STOP,-4328.30,-4510.57
adx_30,TATACONSUM,LONG,2019-11-26,2020-01-14,300.05,375.06,317,49,TARGET,23778.96,23564.95
adx_30,HDFCLIFE,LONG,2020-01-03,2020-01-17,631.00,602.60,151,14,INITIAL_STOP,-4287.88,-4474.15
adx_30,TATAMOTORS,LONG,2020-01-06,2020-01-28,191.00,177.98,497,22,INITIAL_STOP,-6470.62,-6654.00
adx_30,TATASTEEL,LONG,2019-12-27,2020-01-30,42.31,39.65,2239,34,INITIAL_STOP,-5964.16,-6147.66
adx_30,SUNPHARMA,LONG,2019-12-03,2020-02-01,441.40,422.80,215,60,MAX_HOLD,-3999.00,-4184.80
adx_30,JSWSTEEL,LONG,2019-12-05,2020-02-03,260.75,251.50,359,60,MAX_HOLD,-3320.75,-3504.65
adx_30,GODREJPROP,LONG,2020-02-01,2020-02-03,1083.70,1018.39,87,2,INITIAL_STOP,-5681.78,-5864.66
adx_30,MUTHOOTFIN,LONG,2020-01-01,2020-02-25,761.00,951.25,125,55,TARGET,23781.25,23567.22
adx_30,HCLTECH,LONG,2020-01-15,2020-02-25,597.00,576.32,162,41,INITIAL_STOP,-3349.52,-3539.60
adx_30,DRREDDY,LONG,2020-01-29,2020-02-25,637.85,612.49,149,27,INITIAL_STOP,-3778.18,-3964.48
adx_30,TATACONSUM,LONG,2020-01-20,2020-02-28,375.65,354.35,256,39,INITIAL_STOP,-5452.75,-5639.63
adx_30,GODREJPROP,LONG,2020-02-05,2020-02-28,1102.00,1013.84,84,23,INITIAL_STOP,-7405.44,-7583.17
adx_30,MUTHOOTFIN,LONG,2020-02-26,2020-02-28,940.00,875.80,101,2,INITIAL_STOP,-6483.88,-6667.28
adx_30,ADANIENT,LONG,2020-02-26,2020-02-28,244.00,227.89,390,2,INITIAL_STOP,-6283.08,-6467.12
adx_30,MCX,LONG,2020-01-06,2020-03-06,1233.00,1301.85,77,60,MAX_HOLD,5301.45,5106.27
adx_30,NESTLEIND,LONG,2020-01-07,2020-03-09,721.20,801.60,131,62,MAX_HOLD,10532.40,10332.91
adx_30,COFORGE,LONG,2020-01-09,2020-03-09,348.00,329.47,271,60,INITIAL_STOP,-5021.26,-5204.86
adx_30,HINDUNILVR,LONG,2020-02-05,2020-03-11,2167.40,2087.65,43,35,INITIAL_STOP,-3429.37,-3612.34
adx_30,CIPLA,LONG,2020-03-05,2020-03-11,447.85,417.02,206,6,INITIAL_STOP,-6351.00,-6529.16
adx_30,DIVISLAB,LONG,2020-02-03,2020-03-12,1994.90,1918.55,47,38,INITIAL_STOP,-3588.50,-3772.43
adx_30,MUTHOOTFIN,LONG,2020-03-02,2020-03-12,882.10,814.37,105,10,INITIAL_STOP,-7111.63,-7289.76
adx_30,HINDUNILVR,LONG,2020-03-26,2020-04-08,2089.00,2611.25,43,13,TARGET,22456.75,22254.64
adx_30,HINDUNILVR,LONG,2020-04-17,2020-04-21,2498.80,2298.90,37,4,INITIAL_STOP,-7396.45,-7573.96
adx_30,HINDUNILVR,LONG,2020-04-22,2020-05-04,2317.95,2132.51,40,12,INITIAL_STOP,-7417.44,-7595.46
adx_30,RELIANCE,LONG,2020-05-08,2020-05-15,736.35,677.44,125,7,INITIAL_STOP,-7363.50,-7540.22
adx_30,MCX,LONG,2020-06-02,2020-06-05,1307.00,1202.44,69,3,INITIAL_STOP,-7214.64,-7387.79
adx_30,BRITANNIA,LONG,2020-06-03,2020-06-10,3601.00,3371.90,25,7,INITIAL_STOP,-5727.49,-5901.81
adx_30,TATAPOWER,LONG,2020-06-08,2020-06-11,44.90,41.31,2021,3,INITIAL_STOP,-7259.43,-7433.66
adx_30,CIPLA,LONG,2020-04-13,2020-06-12,605.00,643.60,154,60,MAX_HOLD,5944.40,5752.12
adx_30,MARICO,LONG,2020-06-01,2020-06-12,345.50,320.31,264,11,INITIAL_STOP,-6650.80,-6826.58
adx_30,COFORGE,LONG,2020-06-02,2020-06-12,293.00,269.56,312,10,INITIAL_STOP,-7313.28,-7488.80
adx_30,TATAMOTORS,LONG,2020-06-15,2020-06-16,104.65,96.28,846,1,INITIAL_STOP,-7082.71,-7252.70
adx_30,DRREDDY,LONG,2020-04-20,2020-06-19,784.70,801.10,119,60,MAX_HOLD,1951.60,1762.89
adx_30,SUNPHARMA,LONG,2020-04-20,2020-06-19,457.35,488.10,204,60,MAX_HOLD,6273.00,6080.13
adx_30,MUTHOOTFIN,LONG,2020-06-15,2020-06-19,979.60,1224.50,90,4,TARGET,22041.00,21842.63
adx_30,VEDL,LONG,2020-06-02,2020-06-24,66.90,83.62,1367,22,TARGET,22863.07,22657.31
adx_30,MUTHOOTFIN,LONG,2020-06-22,2020-06-26,1179.00,1084.68,77,4,INITIAL_STOP,-7262.64,-7436.94
adx_30,TRENT,LONG,2020-06-29,2020-06-30,680.00,625.60,135,1,INITIAL_STOP,-7344.00,-7520.26
adx_30,HCLTECH,LONG,2020-05-11,2020-07-10,526.00,582.25,175,60,MAX_HOLD,9843.75,9649.81
adx_30,IDFCFIRSTB,LONG,2020-06-26,2020-07-15,27.40,25.21,3396,19,INITIAL_STOP,-7444.03,-7622.69
adx_30,IOC,LONG,2020-06-15,2020-07-16,42.82,39.39,2068,31,INITIAL_STOP,-7084.14,-7254.16
adx_30,GAIL,LONG,2020-06-25,2020-07-16,60.85,55.98,1529,21,INITIAL_STOP,-7443.17,-7621.81
adx_30,HEROMOTOCO,LONG,2020-06-11,2020-07-20,2161.75,2702.19,41,39,TARGET,22157.94,21958.52
adx_30,RELIANCE,LONG,2020-06-24,2020-07-27,827.30,1034.12,109,33,TARGET,22543.93,22341.03
adx_30,TATACONSUM,LONG,2020-06-03,2020-08-03,367.45,428.75,248,61,MAX_HOLD,15202.40,15004.94
adx_30,MCX,LONG,2020-07-21,2020-08-04,1452.00,1815.00,63,14,TARGET,22869.00,22663.18
adx_30,BEL,LONG,2020-07-01,2020-08-10,29.55,36.94,3098,40,TARGET,22886.47,22680.50
adx_30,PNB,LONG,2020-06-12,2020-08-11,30.13,31.92,2967,60,MAX_HOLD,5310.93,5126.83
adx_30,SHREECEM,LONG,2020-06-17,2020-08-17,21978.00,21512.75,3,61,MAX_HOLD,-1395.75,-1526.22
adx_30,JSWSTEEL,LONG,2020-08-04,2020-08-18,221.55,276.94,434,14,TARGET,24038.17,23821.83
adx_30,CIPLA,LONG,2020-08-11,2020-08-24,801.10,750.89,125,13,INITIAL_STOP,-6276.15,-6470.15
adx_30,DRREDDY,LONG,2020-08-05,2020-08-26,931.00,880.55,105,21,INITIAL_STOP,-5297.46,-5487.67
adx_30,TATAPOWER,LONG,2020-08-27,2020-08-31,63.10,58.18,1621,4,INITIAL_STOP,-7975.43,-8172.02
adx_30,NTPC,LONG,2020-09-01,2020-09-08,97.50,90.35,1040,7,INITIAL_STOP,-7435.54,-7630.90
adx_30,TCS,LONG,2020-07-13,2020-09-11,2220.00,2374.10,41,60,MAX_HOLD,6318.10,6129.74
adx_30,INFY,LONG,2020-07-16,2020-09-14,900.10,978.40,101,60,MAX_HOLD,7908.30,7718.57
adx_30,HCLTECH,LONG,2020-07-17,2020-09-14,629.50,786.88,143,59,TARGET,22504.62,22302.08
adx_30,HINDALCO,LONG,2020-07-17,2020-09-15,166.50,176.75,542,60,MAX_HOLD,5555.50,5369.46
adx_30,TRENT,LONG,2020-09-15,2020-09-21,700.10,644.09,149,6,INITIAL_STOP,-8345.19,-8545.48
adx_30,MCX,LONG,2020-09-21,2020-09-22,1745.05,1605.45,60,1,INITIAL_STOP,-8376.24,-8577.27
adx_30,CUMMINSIND,LONG,2020-08-25,2020-09-24,470.00,440.29,218,30,INITIAL_STOP,-6477.77,-6676.21
adx_30,TCS,LONG,2020-09-16,2020-09-24,2488.95,2380.85,42,8,INITIAL_STOP,-4540.18,-4744.71
adx_30,TECHM,LONG,2020-07-28,2020-09-28,630.50,737.90,150,62,MAX_HOLD,16110.00,15904.74
adx_30,DIVISLAB,LONG,2020-08-12,2020-10-12,3122.00,3207.25,32,61,MAX_HOLD,2728.00,2525.46
adx_30,VOLTAS,LONG,2020-08-18,2020-10-19,630.10,688.65,160,62,MAX_HOLD,9368.00,9157.00
adx_30,TATAMOTORS,LONG,2020-08-19,2020-10-19,127.00,128.25,814,61,MAX_HOLD,1017.50,809.73
adx_30,HEROMOTOCO,LONG,2020-10-16,2020-10-21,3136.30,2974.02,33,5,INITIAL_STOP,-5355.16,-5556.80
adx_30,DRREDDY,LONG,2020-09-23,2020-10-22,1051.20,975.67,98,29,INITIAL_STOP,-7401.53,-7600.16
adx_30,ICICIBANK,LONG,2020-10-22,2020-10-30,416.40,389.52,250,8,INITIAL_STOP,-6720.35,-6921.83
adx_30,MCX,LONG,2020-09-23,2020-11-23,1640.05,1587.05,62,61,MAX_HOLD,-3286.00,-3486.08
adx_30,APOLLOHOSP,LONG,2020-09-29,2020-12-01,2059.90,2463.00,50,63,MAX_HOLD,20155.00,19928.85
adx_30,TCS,LONG,2020-10-06,2020-12-07,2736.00,2737.70,37,62,MAX_HOLD,62.90,-139.63
adx_30,BANKBARODA,LONG,2020-12-02,2020-12-08,44.81,56.01,2331,6,TARGET,26113.03,25878.01
adx_30,IRCTC,LONG,2020-12-08,2020-12-09,341.35,321.95,306,1,INITIAL_STOP,-5936.04,-6139.01
adx_30,GAIL,LONG,2020-11-24,2020-12-11,60.08,75.10,1706,17,TARGET,25624.12,25393.50
adx_30,HAVELLS,LONG,2020-10-14,2020-12-14,698.00,826.95,148,61,MAX_HOLD,19084.60,18858.91
adx_30,HDFCBANK,LONG,2020-10-15,2020-12-14,607.10,686.10,171,60,MAX_HOLD,13509.00,13287.86
adx_30,ASIANPAINT,LONG,2020-10-19,2020-12-17,2079.95,2599.94,49,59,TARGET,25479.39,25250.07
adx_30,AMBUJACEM,LONG,2020-10-21,2020-12-21,251.90,236.39,416,61,INITIAL_STOP,-6452.78,-6655.91
adx_30,ULTRACEMCO,LONG,2020-10-22,2020-12-21,4675.00,5007.85,22,60,MAX_HOLD,7322.70,7109.68
adx_30,TATAPOWER,LONG,2020-12-09,2020-12-21,72.60,67.56,1474,12,INITIAL_STOP,-7431.19,-7637.78
adx_30,NTPC,LONG,2020-12-15,2020-12-21,105.10,99.25,1067,6,INITIAL_STOP,-6242.71,-6460.75
adx_30,MARUTI,LONG,2020-12-15,2020-12-21,7696.80,7327.57,14,6,INITIAL_STOP,-5169.29,-5379.63
adx_30,SUNPHARMA,LONG,2020-12-18,2020-12-21,574.00,544.45,199,3,INITIAL_STOP,-5879.72,-6102.30
adx_30,AXISBANK,LONG,2020-10-23,2020-12-22,513.90,589.75,201,60,MAX_HOLD,15245.85,15024.02
adx_30,ICICIBANK,LONG,2020-11-03,2020-12-30,425.00,531.25,241,57,TARGET,25606.25,25375.79
adx_30,JSWSTEEL,LONG,2021-01-06,2021-01-22,397.20,373.07,292,16,INITIAL_STOP,-7045.08,-7270.00
adx_30,HINDUNILVR,LONG,2020-12-22,2021-02-02,2310.00,2212.22,48,42,INITIAL_STOP,-4693.36,-4910.43
adx_30,IRCTC,LONG,2020-12-10,2021-02-08,281.00,323.75,378,60,MAX_HOLD,16159.50,15930.90
adx_30,PERSISTENT,LONG,2020-12-28,2021-02-11,736.50,920.62,154,45,TARGET,28355.25,28100.05
adx_30,BHARTIARTL,LONG,2020-12-14,2021-02-12,497.65,575.45,219,60,MAX_HOLD,17038.20,16803.19
adx_30,MARICO,LONG,2020-12-22,2021-02-22,404.25,420.90,277,62,MAX_HOLD,4612.05,4383.48
adx_30,PIDILITIND,LONG,2020-12-23,2021-02-22,867.00,871.10,131,61,MAX_HOLD,537.10,309.41
adx_30,M&M,LONG,2021-02-09,2021-02-22,929.50,855.14,125,13,INITIAL_STOP,-9295.00,-9518.08
adx_30,BANKBARODA,LONG,2021-02-23,2021-03-01,79.94,73.54,1509,6,INITIAL_STOP,-9650.36,-9881.97
adx_30,ADANIENT,LONG,2021-02-15,2021-03-03,725.00,906.25,167,16,TARGET,30268.75,29996.33
adx_30,ULTRACEMCO,LONG,2021-01-05,2021-03-04,5336.00,6670.00,21,58,TARGET,28014.00,27761.87
adx_30,BEL,LONG,2021-01-05,2021-03-08,43.35,48.35,2681,62,MAX_HOLD,13405.00,13159.15
adx_30,WIPRO,LONG,2021-01-06,2021-03-08,198.55,204.40,585,61,MAX_HOLD,3422.25,3186.52
adx_30,GAIL,LONG,2021-03-09,2021-03-15,94.19,87.13,1348,6,INITIAL_STOP,-9519.50,-9763.92
adx_30,BAJAJFINSV,LONG,2021-02-12,2021-03-17,1025.00,953.26,116,33,INITIAL_STOP,-8321.49,-8550.97
adx_30,TRENT,LONG,2021-03-04,2021-03-17,900.00,828.00,136,13,INITIAL_STOP,-9792.00,-10027.01
adx_30,PNB,LONG,2021-03-02,2021-03-18,39.99,36.79,2992,16,INITIAL_STOP,-9572.01,-9801.73
adx_30,BPCL,LONG,2021-03-05,2021-03-18,214.15,197.99,585,13,INITIAL_STOP,-9451.05,-9692.15
adx_30,GAIL,LONG,2021-03-16,2021-03-18,87.20,80.22,1445,2,INITIAL_STOP,-10080.32,-10322.25
adx_30,HAL,LONG,2021-01-25,2021-03-26,482.00,493.50,239,60,MAX_HOLD,2748.50,2515.36
adx_30,CUMMINSIND,LONG,2021-02-03,2021-04-05,762.00,882.05,150,61,MAX_HOLD,18007.50,17760.89
adx_30,ADANIPORTS,LONG,2021-02-23,2021-04-06,680.00,850.00,177,42,TARGET,30090.00,29819.19
adx_30,ADANIPORTS,LONG,2021-04-12,2021-04-13,809.90,745.11,155,1,INITIAL_STOP,-10042.76,-10283.79
adx_30,VEDL,LONG,2021-02-23,2021-04-26,168.20,198.00,717,62,MAX_HOLD,21366.60,21104.03
adx_30,JSWSTEEL,LONG,2021-04-06,2021-04-26,523.00,653.75,235,20,TARGET,30726.25,30449.71
adx_30,CIPLA,LONG,2021-04-20,2021-04-26,965.10,907.05,129,6,INITIAL_STOP,-7487.89,-7729.40
adx_30,PERSISTENT,LONG,2021-03-12,2021-05-05,906.95,1133.69,140,54,TARGET,31743.25,31457.56
adx_30,TATASTEEL,LONG,2021-04-28,2021-05-10,92.74,115.92,1397,12,TARGET,32389.45,32097.94
adx_30,HINDALCO,LONG,2021-05-11,2021-05-14,414.85,381.66,327,3,INITIAL_STOP,-10852.48,-11112.94
adx_30,JINDALSTEL,LONG,2021-04-16,2021-05-27,416.70,383.36,300,41,INITIAL_STOP,-10000.80,-10240.82
adx_30,ADANIPORTS,LONG,2021-04-15,2021-06-14,735.90,768.45,170,60,MAX_HOLD,5533.50,5277.76
adx_30,DRREDDY,LONG,2021-04-22,2021-06-21,1036.00,1056.40,120,60,MAX_HOLD,2448.00,2196.91
adx_30,CIPLA,LONG,2021-04-27,2021-06-28,913.00,963.05,141,62,MAX_HOLD,7057.05,6792.53
adx_30,DIVISLAB,LONG,2021-04-28,2021-06-28,3944.15,4314.40,32,61,MAX_HOLD,11848.00,11583.73
adx_30,PERSISTENT,LONG,2021-05-06,2021-06-29,1125.00,1406.25,118,54,TARGET,33187.50,32888.81
adx_30,VEDL,LONG,2021-05-03,2021-07-02,215.30,221.45,601,60,MAX_HOLD,3696.15,3433.66
adx_30,WIPRO,LONG,2021-05-05,2021-07-05,237.70,262.95,545,61,MAX_HOLD,13761.25,13488.40
adx_30,SUNPHARMA,LONG,2021-05-06,2021-07-05,689.85,680.20,192,60,MAX_HOLD,-1852.80,-2115.85
adx_30,TCS,LONG,2021-06-29,2021-07-09,3342.00,3224.62,40,10,INITIAL_STOP,-4695.23,-4957.89
adx_30,MARUTI,LONG,2021-06-29,2021-07-15,7596.00,7299.78,17,16,INITIAL_STOP,-5035.78,-5289.01
adx_30,HINDALCO,LONG,2021-05-17,2021-07-16,384.50,405.50,350,60,MAX_HOLD,7350.00,7073.50
adx_30,SIEMENS,LONG,2021-05-28,2021-07-20,1569.30,1476.52,85,53,INITIAL_STOP,-7885.88,-8144.78
adx_30,BEL,LONG,2021-07-02,2021-08-09,61.80,57.95,2260,38,INITIAL_STOP,-8695.03,-8965.67
adx_30,DABUR,LONG,2021-07-08,2021-08-10,594.20,574.60,237,33,INITIAL_STOP,-4645.82,-4922.83
adx_30,MUTHOOTFIN,LONG,2021-07-13,2021-08-10,1565.00,1481.22,89,28,INITIAL_STOP,-7456.15,-7727.26
adx_30,DLF,LONG,2021-06-15,2021-08-16,301.30,329.65,445,62,MAX_HOLD,12615.75,12334.98
adx_30,NTPC,LONG,2021-06-22,2021-08-23,118.50,113.40,1135,62,MAX_HOLD,-5788.50,-6051.71
adx_30,BAJAJFINSV,LONG,2021-07-19,2021-08-24,1268.00,1585.00,111,36,TARGET,35187.00,34870.32
adx_30,GODREJPROP,LONG,2021-07-22,2021-08-24,1546.00,1454.74,90,33,INITIAL_STOP,-8213.30,-8483.36
adx_30,BHARTIARTL,LONG,2021-08-11,2021-08-26,610.75,575.87,225,15,INITIAL_STOP,-7847.37,-8114.36
adx_30,HAL,LONG,2021-07-08,2021-08-27,552.25,690.31,255,50,TARGET,35205.94,34889.08
adx_30,IRCTC,LONG,2021-07-13,2021-09-02,454.60,568.25,309,51,TARGET,35117.85,34801.79
adx_30,ULTRACEMCO,LONG,2021-07-16,2021-09-14,7207.00,7856.45,19,60,MAX_HOLD,12339.55,12053.34
adx_30,HCLTECH,LONG,2021-08-10,2021-09-22,1052.50,1315.62,132,43,TARGET,34732.50,34419.91
adx_30,TATACONSUM,LONG,2021-08-30,2021-09-29,839.55,801.91,171,30,INITIAL_STOP,-6436.02,-6716.71
adx_30,CUMMINSIND,LONG,2021-08-20,2021-09-30,1017.00,954.75,136,41,INITIAL_STOP,-8466.55,-8734.70
adx_30,GODREJPROP,LONG,2021-09-23,2021-10-07,1960.00,2450.00,77,14,TARGET,37730.00,37390.43
adx_30,SBILIFE,LONG,2021-08-11,2021-10-11,1130.00,1206.10,122,61,MAX_HOLD,9284.20,8999.20
adx_30,MCX,LONG,2021-10-01,2021-10-11,1651.00,2063.75,91,10,TARGET,37560.25,37222.21
adx_30,TITAN,LONG,2021-09-03,2021-10-12,1970.10,2462.62,74,39,TARGET,36446.85,36118.83
adx_30,TATAMOTORS,LONG,2021-10-12,2021-10-14,423.00,528.75,375,2,TARGET,39656.25,39299.34
adx_30,TATAPOWER,LONG,2021-10-12,2021-10-18,194.90,243.62,814,6,TARGET,39662.15,39305.19
adx_30,HINDUNILVR,LONG,2021-08-27,2021-10-19,2669.00,2569.04,52,53,INITIAL_STOP,-5197.96,-5470.34
adx_30,VOLTAS,LONG,2021-09-15,2021-10-21,1228.50,1167.66,120,36,INITIAL_STOP,-7300.52,-7588.06
adx_30,BRITANNIA,LONG,2021-08-25,2021-10-22,3812.20,3650.77,37,58,INITIAL_STOP,-5972.91,-6249.04
adx_30,POWERGRID,LONG,2021-10-19,2021-10-22,149.45,141.22,1139,3,INITIAL_STOP,-9379.28,-9710.35
adx_30,MARICO,LONG,2021-08-24,2021-10-25,530.00,555.95,261,62,MAX_HOLD,6772.95,6489.52
adx_30,TCS,LONG,2021-08-25,2021-10-25,3610.00,3484.83,39,61,INITIAL_STOP,-4881.45,-5158.15
adx_30,TRENT,LONG,2021-10-08,2021-10-25,1119.95,1036.37,137,17,INITIAL_STOP,-11449.93,-11745.35
adx_30,FEDERALBNK,LONG,2021-10-25,2021-10-28,105.00,97.96,1593,3,INITIAL_STOP,-11220.55,-11543.86
adx_30,NTPC,LONG,2021-09-30,2021-10-29,141.75,134.16,1067,29,INITIAL_STOP,-8095.44,-8389.84
adx_30,KOTAKBANK,LONG,2021-10-25,2021-10-29,2152.00,2048.06,77,4,INITIAL_STOP,-8003.02,-8326.43
adx_30,HDFCBANK,LONG,2021-10-26,2021-10-29,825.00,791.14,201,3,INITIAL_STOP,-6806.57,-7131.41
adx_30,M&M,LONG,2021-10-13,2021-11-03,893.00,848.51,181,21,INITIAL_STOP,-8053.19,-8368.40
adx_30,PNB,LONG,2021-10-20,2021-11-17,42.66,39.42,3978,28,INITIAL_STOP,-12889.97,-13216.48
adx_30,ULTRACEMCO,LONG,2021-11-15,2021-11-18,8080.00,7741.60,20,3,INITIAL_STOP,-6768.06,-7084.49
adx_30,ICICIBANK,LONG,2021-10-29,2021-11-22,798.00,752.24,206,24,INITIAL_STOP,-9426.50,-9745.85
adx_30,AMBUJACEM,LONG,2021-11-02,2021-11-22,410.00,386.49,396,20,INITIAL_STOP,-9310.64,-9626.05
adx_30,GRASIM,LONG,2021-11-12,2021-11-22,1850.55,1748.49,87,10,INITIAL_STOP,-8879.27,-9192.38
adx_30,APOLLOHOSP,LONG,2021-11-18,2021-11-22,5733.95,5321.08,28,4,INITIAL_STOP,-11560.43,-11869.97
adx_30,BANKBARODA,LONG,2021-10-22,2021-11-23,85.65,79.10,1972,32,INITIAL_STOP,-12912.06,-13236.95
adx_30,WIPRO,LONG,2021-10-26,2021-11-23,328.95,307.53,505,28,INITIAL_STOP,-10817.48,-11138.91
adx_30,TATAMOTORS,LONG,2021-10-18,2021-11-26,507.00,466.44,328,39,INITIAL_STOP,-13303.68,-13622.97
adx_30,M&M,LONG,2021-11-11,2021-11-26,918.95,863.79,176,15,INITIAL_STOP,-9708.50,-10022.26
adx_30,TRENT,LONG,2021-11-22,2021-11-29,1112.40,1023.41,143,7,INITIAL_STOP,-12725.86,-13031.28
adx_30,POWERGRID,LONG,2021-12-03,2021-12-06,156.30,147.85,958,3,INITIAL_STOP,-8092.67,-8384.04
adx_30,APOLLOHOSP,LONG,2021-11-23,2021-12-17,5374.50,4944.54,28,24,INITIAL_STOP,-12038.88,-12327.81
adx_30,LT,LONG,2021-10-26,2021-12-27,1785.00,1866.20,93,62,MAX_HOLD,7551.60,7212.04
adx_30,WIPRO,LONG,2022-01-04,2022-01-10,354.35,339.91,418,6,INITIAL_STOP,-6035.92,-6326.12
adx_30,HCLTECH,LONG,2022-01-04,2022-01-17,1329.50,1274.59,111,13,INITIAL_STOP,-6094.79,-6383.84
adx_30,EICHERMOT,LONG,2022-01-18,2022-01-19,2859.30,2728.22,51,1,INITIAL_STOP,-6684.84,-6969.80
adx_30,TCS,LONG,2022-01-17,2022-01-20,3992.70,3846.37,37,3,INITIAL_STOP,-5414.07,-5704.12
adx_30,FEDERALBNK,LONG,2022-01-17,2022-01-21,99.45,94.11,1485,4,INITIAL_STOP,-7936.96,-8224.39
adx_30,GRASIM,LONG,2022-01-19,2022-01-24,1837.70,1734.68,80,5,INITIAL_STOP,-8241.32,-8527.11
adx_30,HAL,LONG,2022-01-20,2022-01-24,719.20,678.85,203,4,INITIAL_STOP,-8191.14,-8474.95
adx_30,PIDILITIND,LONG,2022-01-11,2022-01-25,1348.50,1292.62,109,14,INITIAL_STOP,-6091.03,-6378.91
adx_30,ICICIBANK,LONG,2022-01-19,2022-01-27,816.00,783.30,180,8,INITIAL_STOP,-5886.12,-6173.99
adx_30,EICHERMOT,LONG,2022-01-20,2022-01-27,2725.00,2585.40,53,7,INITIAL_STOP,-7398.72,-7680.18
adx_30,TCS,LONG,2022-01-21,2022-01-27,3807.00,3652.35,38,6,INITIAL_STOP,-5876.88,-6160.34
adx_30,POWERGRID,LONG,2021-12-07,2022-02-07,148.40,156.70,1003,62,MAX_HOLD,8324.90,8018.88
adx_30,BANKBARODA,LONG,2022-02-04,2022-02-22,98.80,91.17,1424,18,INITIAL_STOP,-10869.34,-11139.85
adx_30,HINDALCO,LONG,2022-02-14,2022-02-22,531.00,501.70,266,8,INITIAL_STOP,-7792.75,-8067.45
adx_30,HEROMOTOCO,LONG,2022-01-24,2022-02-24,2575.40,2457.79,56,31,INITIAL_STOP,-6586.07,-6867.92
adx_30,HAL,LONG,2022-01-25,2022-02-24,670.50,624.69,213,30,INITIAL_STOP,-9756.63,-10032.51
adx_30,CHOLAFIN,LONG,2022-01-31,2022-04-01,645.20,707.75,218,60,MAX_HOLD,13635.90,13340.96
adx_30,INFY,LONG,2022-03-31,2022-04-07,1900.00,1810.40,72,7,INITIAL_STOP,-6450.92,-6718.06
adx_30,PERSISTENT,LONG,2022-04-07,2022-04-11,2437.35,2286.85,57,4,INITIAL_STOP,-8578.56,-8847.84
adx_30,CIPLA,LONG,2022-03-22,2022-04-19,1045.00,990.71,131,28,INITIAL_STOP,-7111.69,-7378.36
adx_30,JINDALSTEL,LONG,2022-04-11,2022-04-21,566.90,527.11,244,10,INITIAL_STOP,-9709.18,-9976.12
adx_30,CUMMINSIND,LONG,2022-03-29,2022-04-25,1114.95,1040.72,123,27,INITIAL_STOP,-9130.90,-9396.04
adx_30,BEL,LONG,2022-04-20,2022-04-29,84.25,78.96,1625,9,INITIAL_STOP,-8600.77,-8865.98
adx_30,ADANIPORTS,LONG,2022-04-28,2022-05-02,899.00,838.33,150,4,INITIAL_STOP,-9100.05,-9360.65
adx_30,HAVELLS,LONG,2022-04-25,2022-05-05,1301.00,1233.21,104,10,INITIAL_STOP,-7049.94,-7313.49
adx_30,COLPAL,LONG,2022-05-02,2022-05-05,1660.00,1591.91,80,3,INITIAL_STOP,-5446.99,-5707.14
adx_30,HAL,LONG,2022-04-18,2022-05-06,834.95,781.87,164,18,INITIAL_STOP,-8704.45,-8969.61
adx_30,ADANIPORTS,LONG,2022-05-04,2022-05-06,860.50,799.29,154,2,INITIAL_STOP,-9426.79,-9682.40
adx_30,M&M,LONG,2022-04-27,2022-05-09,930.00,879.62,145,12,INITIAL_STOP,-7305.08,-7567.47
adx_30,ADANIENT,LONG,2022-04-07,2022-05-12,2165.95,2042.47,64,35,INITIAL_STOP,-7902.75,-8172.09
adx_30,NTPC,LONG,2022-04-08,2022-05-13,154.90,147.31,894,35,INITIAL_STOP,-6786.73,-7056.90
adx_30,ITC,LONG,2022-03-24,2022-05-23,217.90,237.40,632,60,MAX_HOLD,12324.00,12036.25
adx_30,POWERGRID,LONG,2022-04-06,2022-06-06,169.95,165.05,819,61,MAX_HOLD,-4013.10,-4287.46
adx_30,AMBUJACEM,LONG,2022-04-13,2022-06-13,359.95,362.70,382,61,MAX_HOLD,1050.50,774.45
adx_30,COLPAL,LONG,2022-05-06,2022-06-17,1560.00,1485.16,84,42,INITIAL_STOP,-6286.53,-6542.33
adx_30,HAVELLS,LONG,2022-07-15,2022-07-25,1247.00,1190.29,102,10,INITIAL_STOP,-5784.71,-6033.31
adx_30,CUMMINSIND,LONG,2022-07-11,2022-09-09,1121.90,1219.90,114,60,MAX_HOLD,11172.00,10905.03
adx_30,ITC,LONG,2022-07-13,2022-09-12,253.40,286.20,504,61,MAX_HOLD,16531.20,16259.24
adx_30,M&M,LONG,2022-07-13,2022-09-12,1153.20,1297.05,110,61,MAX_HOLD,15823.50,15553.97
adx_30,DABUR,LONG,2022-07-22,2022-09-16,574.75,551.53,222,56,INITIAL_STOP,-5154.23,-5404.26
adx_30,ULTRACEMCO,LONG,2022-09-13,2022-09-16,6899.00,6570.10,19,3,INITIAL_STOP,-6249.19,-6505.10
adx_30,HINDUNILVR,LONG,2022-07-19,2022-09-19,2549.95,2579.25,50,62,MAX_HOLD,1465.00,1208.54
adx_30,SIEMENS,LONG,2022-07-21,2022-09-19,2046.10,2253.80,62,60,MAX_HOLD,12877.40,12610.81
adx_30,EICHERMOT,LONG,2022-07-21,2022-09-19,3053.00,3590.25,41,60,MAX_HOLD,22027.25,21754.88
adx_30,MARUTI,LONG,2022-07-21,2022-09-19,8793.00,9280.85,14,60,MAX_HOLD,6829.90,6576.87
adx_30,FEDERALBNK,LONG,2022-07-22,2022-09-20,107.85,123.30,1186,60,MAX_HOLD,18323.70,18049.56
adx_30,SHREECEM,LONG,2022-09-19,2022-09-22,23400.00,21757.33,5,3,INITIAL_STOP,-8213.35,-8439.13
adx_30,SBIN,LONG,2022-09-21,2022-09-23,575.00,552.19,237,2,INITIAL_STOP,-5405.99,-5673.14
adx_30,ICICIBANK,LONG,2022-07-26,2022-09-26,801.60,861.05,158,62,MAX_HOLD,9393.10,9130.40
adx_30,PNB,LONG,2022-09-12,2022-09-26,38.29,36.22,3353,14,INITIAL_STOP,-6951.72,-7201.54
adx_30,NTPC,LONG,2022-09-13,2022-09-26,166.95,159.27,788,13,INITIAL_STOP,-6050.53,-6307.59
adx_30,JINDALSTEL,LONG,2022-09-19,2022-09-26,438.00,408.24,297,7,INITIAL_STOP,-8840.08,-9091.42
adx_30,SIEMENS,LONG,2022-09-20,2022-09-26,2265.10,2146.27,59,6,INITIAL_STOP,-7011.19,-7271.46
adx_30,SBIN,LONG,2022-09-26,2022-09-28,545.80,521.84,247,2,INITIAL_STOP,-5919.00,-6182.70
adx_30,PNB,LONG,2022-10-31,2022-11-01,42.37,39.40,3122,1,INITIAL_STOP,-9284.11,-9539.39
adx_30,AXISBANK,LONG,2022-10-25,2022-11-03,905.70,857.80,146,9,INITIAL_STOP,-6993.84,-7251.31
adx_30,CIPLA,LONG,2022-11-02,2022-11-07,1173.55,1128.65,111,5,INITIAL_STOP,-4984.35,-5239.89
adx_30,CHOLAFIN,LONG,2022-11-04,2022-11-10,762.40,718.98,171,6,INITIAL_STOP,-7425.15,-7678.46
adx_30,IRCTC,LONG,2022-11-07,2022-11-16,762.30,729.62,171,9,INITIAL_STOP,-5588.77,-5843.89
adx_30,PNB,LONG,2022-11-02,2022-11-23,38.82,48.52,3383,21,TARGET,32832.01,32536.53
adx_30,SUNPHARMA,LONG,2022-10-14,2022-12-13,976.00,994.65,135,60,MAX_HOLD,2517.75,2251.71
adx_30,AMBUJACEM,LONG,2022-12-14,2022-12-16,585.10,556.45,226,2,INITIAL_STOP,-6475.84,-6733.83
adx_30,ADANIENT,LONG,2022-11-10,2022-12-23,3995.00,3748.44,32,43,INITIAL_STOP,-7889.97,-8137.76
adx_30,SBIN,LONG,2022-11-24,2022-12-23,609.75,586.21,216,29,INITIAL_STOP,-5084.92,-5343.25
adx_30,HINDALCO,LONG,2022-12-19,2022-12-23,459.00,434.13,286,4,INITIAL_STOP,-7113.84,-7369.27
adx_30,MCX,LONG,2022-11-02,2023-01-02,1515.00,1457.70,86,61,MAX_HOLD,-4927.80,-5183.45
adx_30,HCLTECH,LONG,2022-11-03,2023-01-02,1034.00,1039.45,127,60,MAX_HOLD,692.15,428.82
adx_30,BANKBARODA,LONG,2022-11-11,2023-01-10,155.01,167.33,834,60,MAX_HOLD,10274.88,10006.05
adx_30,PIDILITIND,LONG,2022-12-30,2023-01-11,1305.00,1242.30,99,12,INITIAL_STOP,-6207.29,-6459.47
adx_30,JINDALSTEL,LONG,2022-11-14,2023-01-13,502.00,610.00,257,60,MAX_HOLD,27756.00,27470.22
adx_30,ULTRACEMCO,LONG,2022-11-16,2023-01-16,6986.95,7284.85,18,61,MAX_HOLD,5362.20,5105.31
adx_30,JSWSTEEL,LONG,2022-11-16,2023-01-16,720.50,759.20,179,61,MAX_HOLD,6927.30,6662.43
adx_30,CUMMINSIND,LONG,2022-11-17,2023-01-16,1361.00,1453.65,94,60,MAX_HOLD,8709.10,8444.52
adx_30,MCX,LONG,2023-01-16,2023-01-27,1586.00,1497.12,83,11,INITIAL_STOP,-7377.05,-7632.95
adx_30,JINDALSTEL,LONG,2023-01-16,2023-01-27,610.00,578.59,216,11,INITIAL_STOP,-6784.84,-7041.58
adx_30,IOC,LONG,2023-01-10,2023-02-03,64.16,61.06,2010,24,INITIAL_STOP,-6232.05,-6483.74
adx_30,COFORGE,LONG,2023-02-09,2023-02-13,866.00,810.05,152,4,INITIAL_STOP,-8504.40,-8759.16
adx_30,TATAMOTORS,LONG,2023-02-13,2023-02-27,445.50,422.23,296,14,INITIAL_STOP,-6888.39,-7145.24
adx_30,BAJAJ-AUTO,LONG,2023-02-15,2023-02-27,3771.00,3620.27,34,12,INITIAL_STOP,-5124.71,-5376.01
adx_30,CUMMINSIND,LONG,2023-02-16,2023-02-27,1639.90,1553.05,79,11,INITIAL_STOP,-6861.52,-7113.76
adx_30,TECHM,LONG,2023-03-02,2023-03-09,1072.40,1017.74,120,7,INITIAL_STOP,-6559.11,-6809.93
adx_30,HAL,LONG,2023-03-14,2023-03-20,1403.00,1314.76,91,6,INITIAL_STOP,-8030.21,-8277.52
adx_30,VOLTAS,LONG,2023-02-27,2023-03-21,889.00,843.67,147,22,INITIAL_STOP,-6663.53,-6918.24
adx_30,PERSISTENT,LONG,2023-02-01,2023-03-23,2350.50,2198.93,56,50,INITIAL_STOP,-8487.82,-8742.59
adx_30,GAIL,LONG,2023-03-10,2023-03-23,98.77,93.67,1300,13,INITIAL_STOP,-6626.26,-6876.44
adx_30,BPCL,LONG,2023-03-21,2023-03-24,164.35,156.71,776,3,INITIAL_STOP,-5928.91,-6178.05
adx_30,BPCL,LONG,2023-03-27,2023-04-03,156.55,149.39,797,7,INITIAL_STOP,-5705.80,-5949.63
adx_30,SIEMENS,LONG,2023-02-16,2023-04-17,2473.55,2544.15,53,60,MAX_HOLD,3741.80,3475.86
adx_30,NTPC,LONG,2023-03-08,2023-04-19,175.70,168.99,735,42,INITIAL_STOP,-4930.34,-5183.69
adx_30,DLF,LONG,2023-04-19,2023-04-21,424.80,403.58,293,2,INITIAL_STOP,-6218.15,-6460.87
adx_30,DRREDDY,LONG,2023-04-13,2023-05-11,977.60,945.47,127,28,INITIAL_STOP,-4080.46,-4324.69
adx_30,DIVISLAB,LONG,2023-04-19,2023-05-19,3261.00,3113.02,38,30,INITIAL_STOP,-5623.10,-5865.31
adx_30,SIEMENS,LONG,2023-05-12,2023-05-19,2921.50,2812.74,42,7,INITIAL_STOP,-4567.78,-4808.62
adx_30,NESTLEIND,LONG,2023-03-22,2023-05-22,950.40,1074.80,133,61,MAX_HOLD,16545.20,16275.85
adx_30,COLPAL,LONG,2023-04-11,2023-06-12,1538.00,1626.30,80,62,MAX_HOLD,7064.00,6810.86
adx_30,DLF,LONG,2023-04-24,2023-06-15,406.60,508.25,303,52,TARGET,30799.95,30522.75
adx_30,GODREJPROP,LONG,2023-04-17,2023-06-16,1297.10,1536.55,95,60,MAX_HOLD,22747.75,22478.55
adx_30,KOTAKBANK,LONG,2023-04-19,2023-06-19,1888.30,1819.01,65,61,INITIAL_STOP,-4503.57,-4744.54
adx_30,MUTHOOTFIN,LONG,2023-04-20,2023-06-19,1040.15,1180.50,119,60,MAX_HOLD,16701.65,16437.39
adx_30,TATAMOTORS,LONG,2023-04-20,2023-06-19,473.70,566.05,261,60,MAX_HOLD,24103.35,23831.98
adx_30,BAJAJ-AUTO,LONG,2023-04-21,2023-06-20,4216.00,4547.00,29,60,MAX_HOLD,9599.00,9344.87
adx_30,ADANIENT,LONG,2023-06-19,2023-06-23,2504.00,2324.46,51,4,INITIAL_STOP,-9156.79,-9403.04
adx_30,JSWSTEEL,LONG,2023-06-20,2023-06-26,772.20,742.16,172,6,INITIAL_STOP,-5166.96,-5427.43
adx_30,MCX,LONG,2023-06-16,2023-06-30,1551.00,1473.83,82,14,INITIAL_STOP,-6327.86,-6575.90
adx_30,POWERGRID,LONG,2023-07-03,2023-07-13,187.35,179.84,703,10,INITIAL_STOP,-5278.75,-5536.89
adx_30,HEROMOTOCO,LONG,2023-05-22,2023-07-21,2546.65,2928.55,47,60,MAX_HOLD,17949.30,17691.97
adx_30,ASIANPAINT,LONG,2023-05-22,2023-07-21,3070.00,3517.70,39,60,MAX_HOLD,17460.30,17203.38
adx_30,IRCTC,LONG,2023-05-23,2023-07-24,628.40,620.30,196,62,MAX_HOLD,-1587.60,-1832.35
adx_30,TECHM,LONG,2023-07-24,2023-07-27,1147.50,1086.28,117,3,INITIAL_STOP,-7163.11,-7424.47
adx_30,GAIL,LONG,2023-07-31,2023-08-02,110.67,106.15,1209,2,INITIAL_STOP,-5461.20,-5723.34
adx_30,ICICIBANK,LONG,2023-07-26,2023-08-03,993.10,964.03,135,8,INITIAL_STOP,-3924.60,-4188.81
adx_30,CUMMINSIND,LONG,2023-06-20,2023-08-04,1885.10,1806.10,70,45,INITIAL_STOP,-5530.33,-5788.71
adx_30,TATACONSUM,LONG,2023-06-13,2023-08-14,792.50,834.35,156,62,MAX_HOLD,6528.60,6274.81
adx_30,AMBUJACEM,LONG,2023-08-04,2023-08-14,477.00,452.38,278,10,INITIAL_STOP,-6845.58,-7103.95
adx_30,MARICO,LONG,2023-08-10,2023-08-14,585.15,561.70,226,4,INITIAL_STOP,-5299.68,-5558.87
adx_30,DRREDDY,LONG,2023-06-20,2023-08-21,975.80,1182.15,136,62,MAX_HOLD,28063.60,27770.12
adx_30,NTPC,LONG,2023-06-21,2023-08-21,187.50,218.80,714,61,MAX_HOLD,22348.20,22058.10
adx_30,HDFCLIFE,LONG,2023-06-26,2023-08-25,619.95,628.30,214,60,MAX_HOLD,1786.90,1519.77
adx_30,LT,LONG,2023-06-27,2023-08-28,2387.45,2695.35,55,62,MAX_HOLD,16934.50,16654.95
adx_30,PNB,LONG,2023-07-14,2023-09-12,58.31,64.97,2251,60,MAX_HOLD,14991.66,14714.16
adx_30,BEL,LONG,2023-09-06,2023-09-12,140.50,134.19,985,6,INITIAL_STOP,-6218.82,-6489.38
adx_30,IDFCFIRSTB,LONG,2023-07-31,2023-09-29,85.50,95.50,1565,60,MAX_HOLD,15650.00,15366.74
adx_30,PERSISTENT,LONG,2023-09-06,2023-09-29,2962.50,2813.48,46,23,INITIAL_STOP,-6854.73,-7120.43
adx_30,GAIL,LONG,2023-08-03,2023-10-03,106.81,114.18,1247,61,MAX_HOLD,9190.39,8914.82
adx_30,PNB,LONG,2023-09-13,2023-10-03,64.92,81.15,2145,20,TARGET,34813.35,34500.03
adx_30,MARICO,LONG,2023-08-16,2023-10-05,567.95,544.32,231,50,INITIAL_STOP,-5457.92,-5714.85
adx_30,AXISBANK,LONG,2023-10-04,2023-10-05,1035.35,1000.78,139,1,INITIAL_STOP,-4804.82,-5087.84
adx_30,ADANIPORTS,LONG,2023-08-16,2023-10-16,786.00,805.65,167,61,MAX_HOLD,3281.55,3015.74
adx_30,TRENT,LONG,2023-08-18,2023-10-17,1979.20,2079.00,66,60,MAX_HOLD,6586.80,6318.96
adx_30,TATAPOWER,LONG,2023-09-05,2023-10-20,260.80,249.07,530,45,INITIAL_STOP,-6217.75,-6487.98
adx_30,DLF,LONG,2023-10-17,2023-10-23,570.00,544.14,252,6,INITIAL_STOP,-6517.18,-6797.94
adx_30,BAJFINANCE,LONG,2023-10-05,2023-10-26,791.50,761.65,182,21,INITIAL_STOP,-5432.50,-5715.17
adx_30,IRCTC,LONG,2023-08-28,2023-10-27,659.00,659.35,207,60,MAX_HOLD,72.45,-200.45
adx_30,MCX,LONG,2023-10-03,2023-11-03,2038.00,2547.50,68,31,TARGET,34646.00,34334.19
adx_30,LT,LONG,2023-09-13,2023-11-12,2943.50,3052.00,47,60,MAX_HOLD,5099.50,4817.71
adx_30,BHARTIARTL,LONG,2023-10-03,2023-12-04,918.25,1032.90,152,62,MAX_HOLD,17426.80,17130.23
adx_30,HAL,LONG,2023-11-20,2023-12-06,2137.30,2671.62,68,16,TARGET,36334.10,36007.09
adx_30,IOC,LONG,2023-11-10,2023-12-07,88.93,111.16,1639,27,TARGET,36439.07,36111.12
adx_30,NESTLEIND,LONG,2023-10-18,2023-12-18,1166.30,1217.70,123,61,MAX_HOLD,6322.20,6028.97
adx_30,IRCTC,LONG,2023-12-19,2023-12-20,881.20,831.03,176,1,INITIAL_STOP,-8830.31,-9131.66
adx_30,TITAN,LONG,2023-11-03,2024-01-02,3205.15,3698.25,44,60,MAX_HOLD,21696.40,21392.65
adx_30,TRENT,LONG,2023-11-10,2024-01-03,2476.95,3096.19,58,54,TARGET,35915.78,35592.53
adx_30,DLF,LONG,2023-11-10,2024-01-04,598.90,748.62,243,55,TARGET,36383.18,36055.73
adx_30,NESTLEIND,LONG,2024-01-05,2024-01-08,1377.00,1326.19,119,3,INITIAL_STOP,-6046.14,-6367.82
adx_30,POWERGRID,LONG,2023-11-10,2024-01-09,210.50,242.30,692,60,MAX_HOLD,22005.60,21692.26
adx_30,VEDL,LONG,2024-01-04,2024-01-09,238.95,226.43,672,5,INITIAL_STOP,-8414.26,-8726.99
adx_30,BPCL,LONG,2023-11-17,2024-01-16,183.60,229.50,796,60,TARGET,36536.40,36207.57
adx_30,COLPAL,LONG,2023-11-17,2024-01-16,2133.80,2500.15,68,60,MAX_HOLD,24911.80,24596.69
adx_30,INDUSINDBK,LONG,2024-01-09,2024-01-19,1631.95,1566.62,100,10,INITIAL_STOP,-6533.26,-6853.12
adx_30,AMBUJACEM,LONG,2023-12-05,2024-02-05,475.00,555.00,311,62,MAX_HOLD,24880.00,24559.67
adx_30,ADANIENT,LONG,2023-12-07,2024-02-05,2900.00,3173.45,52,60,MAX_HOLD,14219.40,13903.58
adx_30,BEL,LONG,2023-12-08,2024-02-06,161.35,183.10,961,60,MAX_HOLD,20901.75,20570.73
adx_30,WIPRO,LONG,2023-12-21,2024-02-16,210.25,262.81,736,57,TARGET,38686.00,38337.83
adx_30,SUNPHARMA,LONG,2024-01-03,2024-03-04,1296.20,1552.10,121,61,MAX_HOLD,30963.90,30619.26
adx_30,HAVELLS,LONG,2024-03-05,2024-03-13,1558.00,1484.68,117,8,INITIAL_STOP,-8578.69,-8934.69
adx_30,GODREJPROP,LONG,2024-01-15,2024-03-14,2289.00,2158.88,72,59,INITIAL_STOP,-9368.63,-9688.87
adx_30,BHARTIARTL,LONG,2024-01-15,2024-03-15,1078.05,1220.00,152,60,MAX_HOLD,21576.40,21227.10
adx_30,HCLTECH,LONG,2024-01-17,2024-03-18,1520.00,1643.40,112,61,MAX_HOLD,13820.80,13466.50
adx_30,TCS,LONG,2024-01-17,2024-03-18,3819.00,4152.50,44,61,MAX_HOLD,14674.00,14323.25
adx_30,CUMMINSIND,LONG,2024-02-06,2024-03-22,2358.00,2947.50,73,45,TARGET,43033.50,42646.20
adx_30,APOLLOHOSP,LONG,2024-01-29,2024-04-01,6199.05,6457.25,27,63,MAX_HOLD,6971.40,6629.68
adx_30,PNB,LONG,2024-02-06,2024-04-08,118.95,129.16,1463,62,MAX_HOLD,14937.23,14574.25
adx_30,POWERGRID,LONG,2024-02-07,2024-04-08,272.10,281.75,647,61,MAX_HOLD,6243.55,5885.21
adx_30,BAJFINANCE,LONG,2024-04-05,2024-04-16,723.50,693.68,264,11,INITIAL_STOP,-7871.74,-8245.87
adx_30,SBIN,LONG,2024-02-19,2024-04-19,758.70,750.45,237,60,MAX_HOLD,-1955.25,-2312.92
adx_30,VEDL,LONG,2024-04-12,2024-05-18,327.10,408.88,590,36,TARGET,48247.25,47813.02
adx_30,HAL,LONG,2024-04-22,2024-05-18,3800.00,4750.00,50,26,TARGET,47500.00,47072.50
adx_30,MARUTI,LONG,2024-03-22,2024-05-21,11890.05,12473.30,15,60,MAX_HOLD,8748.75,8383.30
adx_30,M&M,LONG,2024-04-15,2024-05-23,2055.25,2569.06,93,38,TARGET,47784.56,47354.50
adx_30,BEL,LONG,2024-04-16,2024-05-23,232.50,290.62,830,37,TARGET,48243.75,47809.56
adx_30,POWERGRID,LONG,2024-05-22,2024-05-23,327.75,310.46,617,1,INITIAL_STOP,-10666.31,-11060.09
adx_30,MUTHOOTFIN,LONG,2024-03-28,2024-05-27,1475.00,1708.25,129,60,MAX_HOLD,30089.25,29678.61
adx_30,IRCTC,LONG,2024-05-24,2024-05-29,1124.00,1063.51,187,5,INITIAL_STOP,-11311.24,-11720.31
adx_30,JINDALSTEL,LONG,2024-05-22,2024-05-31,1077.90,1018.78,187,9,INITIAL_STOP,-11055.50,-11447.58
adx_30,DABUR,LONG,2024-05-29,2024-05-31,570.80,547.25,374,2,INITIAL_STOP,-8808.34,-9226.49
adx_30,HAL,LONG,2024-05-21,2024-06-04,4750.00,4434.95,42,14,INITIAL_STOP,-13232.06,-13617.83
adx_30,POWERGRID,LONG,2024-05-24,2024-06-04,318.00,299.70,662,11,INITIAL_STOP,-12114.83,-12523.75
adx_30,BEL,LONG,2024-05-27,2024-06-04,301.75,281.28,698,8,INITIAL_STOP,-14285.77,-14692.73
adx_30,DIVISLAB,LONG,2024-05-30,2024-06-04,4444.05,4216.81,47,5,INITIAL_STOP,-10680.30,-11087.36
adx_30,BHARTIARTL,LONG,2024-06-03,2024-06-04,1415.30,1357.86,148,1,INITIAL_STOP,-8501.62,-8912.04
adx_30,VOLTAS,LONG,2024-04-09,2024-06-10,1314.95,1461.20,146,62,MAX_HOLD,21352.50,20947.18
adx_30,EICHERMOT,LONG,2024-04-12,2024-06-11,4310.00,4758.65,44,60,MAX_HOLD,19740.60,19341.58
adx_30,HINDUNILVR,LONG,2024-06-10,2024-06-13,2579.00,2451.78,79,3,INITIAL_STOP,-10050.67,-10448.10
adx_30,GODREJPROP,LONG,2024-04-15,2024-06-14,2636.00,2998.50,73,60,MAX_HOLD,26462.50,26051.18
adx_30,HINDALCO,LONG,2024-04-19,2024-06-18,609.00,678.75,315,60,MAX_HOLD,21971.25,21565.61
adx_30,COLPAL,LONG,2024-06-19,2024-06-24,2960.00,2816.74,71,5,INITIAL_STOP,-10171.72,-10581.87
adx_30,CUMMINSIND,LONG,2024-06-27,2024-07-19,3977.40,3672.38,53,22,INITIAL_STOP,-16166.23,-16571.66
adx_30,WIPRO,LONG,2024-07-03,2024-07-22,265.65,253.65,794,19,INITIAL_STOP,-9531.08,-9943.40
adx_30,DABUR,LONG,2024-06-03,2024-08-02,560.00,627.55,375,60,MAX_HOLD,25331.25,24885.92
adx_30,HEROMOTOCO,LONG,2024-06-05,2024-08-05,5184.90,5057.00,39,61,MAX_HOLD,-4988.10,-5387.53
adx_30,DIVISLAB,LONG,2024-06-05,2024-08-05,4334.35,4826.95,47,61,MAX_HOLD,23152.20,22721.62
adx_30,GODREJPROP,LONG,2024-07-02,2024-08-05,3194.90,2971.42,66,34,INITIAL_STOP,-14749.39,-15156.37
adx_30,BRITANNIA,LONG,2024-06-13,2024-08-12,5439.60,5645.75,38,60,MAX_HOLD,7833.70,7412.46
adx_30,HINDUNILVR,LONG,2024-06-14,2024-08-13,2473.00,2741.40,83,60,MAX_HOLD,22277.20,21844.40
adx_30,ULTRACEMCO,LONG,2024-07-23,2024-08-14,11649.95,11088.00,17,22,INITIAL_STOP,-9553.10,-9939.65
adx_30,COLPAL,LONG,2024-06-25,2024-08-19,2840.00,3550.00,74,55,TARGET,52540.00,52067.14
adx_30,INFY,LONG,2024-07-03,2024-09-02,1625.00,1964.50,129,61,MAX_HOLD,43795.50,43332.45
adx_30,DRREDDY,LONG,2024-08-22,2024-09-04,1412.45,1360.93,154,13,INITIAL_STOP,-7934.79,-8361.89
adx_30,BPCL,LONG,2024-09-05,2024-09-11,359.50,340.79,616,6,INITIAL_STOP,-11526.79,-11958.16
adx_30,TCS,LONG,2024-08-30,2024-09-18,4500.00,4336.71,48,19,INITIAL_STOP,-7837.72,-8261.88
adx_30,ASIANPAINT,LONG,2024-09-12,2024-09-18,3370.00,3254.40,65,6,INITIAL_STOP,-7513.73,-7944.32
adx_30,ITC,LONG,2024-07-22,2024-09-20,410.50,444.90,510,60,MAX_HOLD,17544.00,17107.75
adx_30,HEROMOTOCO,LONG,2024-09-19,2024-09-30,5853.15,5580.26,37,11,INITIAL_STOP,-10096.99,-10520.03
adx_30,HAVELLS,LONG,2024-09-23,2024-10-01,2057.00,1974.15,107,8,INITIAL_STOP,-8864.55,-9295.88
adx_30,APOLLOHOSP,LONG,2024-10-01,2024-10-03,7201.50,6952.20,30,2,INITIAL_STOP,-7478.90,-7903.51
adx_30,SUNPHARMA,LONG,2024-08-06,2024-10-07,1725.00,1905.25,122,62,MAX_HOLD,21990.50,21547.61
adx_30,MCX,LONG,2024-08-29,2024-10-10,4965.00,6206.25,43,42,TARGET,53373.75,52893.39
adx_30,BAJAJ-AUTO,LONG,2024-09-03,2024-10-17,10831.50,10398.35,20,44,INITIAL_STOP,-8663.07,-9087.67
adx_30,M&M,LONG,2024-10-03,2024-10-18,3085.00,2922.64,70,15,INITIAL_STOP,-11365.10,-11785.63
adx_30,BRITANNIA,LONG,2024-10-08,2024-10-18,6137.70,5896.33,35,10,INITIAL_STOP,-8448.10,-8869.29
adx_30,SBILIFE,LONG,2024-08-21,2024-10-21,1761.30,1711.85,123,61,MAX_HOLD,-6082.35,-6509.55
adx_30,BAJAJFINSV,LONG,2024-09-04,2024-10-21,1840.20,1755.58,120,47,INITIAL_STOP,-10154.84,-10586.33
adx_30,TRENT,LONG,2024-08-23,2024-10-22,7020.00,7497.35,31,60,MAX_HOLD,14797.85,14347.81
adx_30,TECHM,LONG,2024-09-03,2024-11-04,1609.60,1609.00,138,62,MAX_HOLD,-82.80,-526.97
adx_30,CIPLA,LONG,2024-11-05,2024-11-14,1583.60,1491.35,140,9,INITIAL_STOP,-12914.90,-13345.40
adx_30,HCLTECH,LONG,2024-09-19,2024-11-18,1776.00,1835.00,123,60,MAX_HOLD,7257.00,6812.85
adx_30,APOLLOHOSP,LONG,2024-10-04,2024-11-21,6902.10,6623.54,31,48,INITIAL_STOP,-8635.28,-9054.57
adx_30,HDFCBANK,LONG,2024-12-10,2024-12-18,938.80,904.02,234,8,INITIAL_STOP,-8137.52,-8568.74
adx_30,VEDL,LONG,2024-12-13,2024-12-19,502.00,475.72,439,6,INITIAL_STOP,-11538.35,-11967.57
adx_30,HAL,LONG,2024-11-28,2024-12-20,4500.00,4208.66,48,22,INITIAL_STOP,-13984.35,-14402.37
adx_30,SIEMENS,LONG,2024-12-10,2024-12-20,5987.75,5657.41,36,10,INITIAL_STOP,-11892.34,-12311.57
adx_30,SHREECEM,LONG,2024-12-16,2024-12-26,27502.00,26286.41,8,10,INITIAL_STOP,-9724.73,-10155.04
adx_30,M&M,LONG,2024-11-05,2025-01-06,2875.50,3105.70,77,62,MAX_HOLD,17725.40,17264.85
adx_30,WIPRO,LONG,2024-12-19,2025-01-06,300.40,287.99,731,18,INITIAL_STOP,-9071.29,-9501.40
adx_30,PERSISTENT,LONG,2024-12-16,2025-01-08,6492.95,6197.56,33,23,INITIAL_STOP,-9748.03,-10166.81
adx_30,DRREDDY,LONG,2024-12-31,2025-01-16,1370.30,1307.96,156,16,INITIAL_STOP,-9725.21,-10143.02
adx_30,COFORGE,LONG,2024-11-26,2025-01-22,1722.00,1638.24,128,57,INITIAL_STOP,-10721.90,-11152.01
adx_30,SBILIFE,LONG,2025-01-17,2025-01-23,1519.50,1449.50,140,6,INITIAL_STOP,-9800.68,-10216.33
adx_30,ITC,LONG,2025-01-16,2025-02-11,438.05,418.25,489,26,INITIAL_STOP,-9681.29,-10100.02
adx_30,MUTHOOTFIN,LONG,2024-12-18,2025-02-17,2104.50,2243.90,104,61,MAX_HOLD,14497.60,14045.37
adx_30,MARUTI,LONG,2025-02-03,2025-02-20,12990.00,12390.02,16,17,INITIAL_STOP,-9599.64,-10005.72
adx_30,TITAN,LONG,2025-03-21,2025-03-26,3186.95,3044.54,66,5,INITIAL_STOP,-9399.13,-9810.41
adx_30,BAJFINANCE,LONG,2025-01-31,2025-04-01,792.50,870.00,266,60,MAX_HOLD,20615.00,20172.78
adx_30,HINDALCO,LONG,2025-03-21,2025-04-01,715.00,678.65,294,11,INITIAL_STOP,-10686.89,-11096.63
adx_30,TATASTEEL,LONG,2025-03-17,2025-04-04,148.53,140.22,1418,18,INITIAL_STOP,-11788.55,-12197.99
adx_30,JSWSTEEL,LONG,2025-03-24,2025-04-04,1063.00,1018.54,198,11,INITIAL_STOP,-8803.68,-9215.83
adx_30,ICICIBANK,LONG,2025-03-25,2025-04-07,1359.00,1314.30,155,13,INITIAL_STOP,-6928.71,-7343.07
adx_30,KOTAKBANK,LONG,2025-03-26,2025-04-07,2175.00,2088.98,96,12,INITIAL_STOP,-8258.16,-8667.51
adx_30,HAL,LONG,2025-03-27,2025-04-07,4150.00,3837.04,50,11,INITIAL_STOP,-15648.13,-16047.48
adx_30,FEDERALBNK,LONG,2025-03-28,2025-04-07,196.99,187.41,1064,10,INITIAL_STOP,-10188.20,-10597.21
adx_30,HDFCBANK,LONG,2025-04-01,2025-04-07,901.00,871.87,232,6,INITIAL_STOP,-6758.43,-7169.73
adx_30,BANKBARODA,LONG,2025-04-04,2025-04-07,230.94,218.94,912,3,INITIAL_STOP,-10941.07,-11351.37
adx_30,KOTAKBANK,LONG,2025-04-23,2025-05-02,2285.00,2178.12,88,9,INITIAL_STOP,-9405.87,-9798.62
adx_30,IOC,LONG,2025-03-07,2025-05-06,123.09,141.03,1712,60,MAX_HOLD,30713.28,30261.11
adx_30,BANKBARODA,LONG,2025-04-08,2025-05-08,224.27,210.59,902,30,INITIAL_STOP,-12339.62,-12731.87
adx_30,POWERGRID,LONG,2025-04-02,2025-06-02,286.85,293.05,734,61,MAX_HOLD,4550.80,4125.15
adx_30,GRASIM,LONG,2025-04-07,2025-06-06,2550.00,2574.40,81,60,MAX_HOLD,1976.40,1561.32
adx_30,SHREECEM,LONG,2025-04-07,2025-06-06,29600.30,29600.00,7,60,MAX_HOLD,-2.10,-416.50
adx_30,PIDILITIND,LONG,2025-04-22,2025-06-13,1509.60,1448.83,134,52,INITIAL_STOP,-8142.79,-8539.22
adx_30,DLF,LONG,2025-06-09,2025-06-13,886.45,837.76,229,4,INITIAL_STOP,-11150.87,-11545.71
adx_30,TATACONSUM,LONG,2025-04-17,2025-06-16,1104.00,1083.40,183,60,MAX_HOLD,-3769.80,-4170.09
adx_30,DRREDDY,LONG,2025-06-16,2025-06-17,1359.80,1306.43,148,1,INITIAL_STOP,-7899.46,-8294.06
adx_30,ICICIBANK,LONG,2025-04-22,2025-06-23,1412.80,1420.10,143,62,MAX_HOLD,1043.90,638.80
adx_30,HDFCBANK,LONG,2025-04-22,2025-06-23,967.50,974.20,209,62,MAX_HOLD,1400.30,994.48
adx_30,SBILIFE,LONG,2025-05-05,2025-07-04,1773.00,1799.70,113,60,MAX_HOLD,3017.10,2613.38
adx_30,HAL,LONG,2025-05-07,2025-07-07,4417.40,5012.60,46,61,MAX_HOLD,27379.20,26945.42
adx_30,MARICO,LONG,2025-05-09,2025-07-08,712.00,727.95,285,60,MAX_HOLD,4545.75,4135.36
adx_30,BHARTIARTL,LONG,2025-07-01,2025-07-11,2009.00,1942.35,99,10,INITIAL_STOP,-6598.28,-6989.46
adx_30,GRASIM,LONG,2025-07-02,2025-07-11,2870.00,2759.88,69,9,INITIAL_STOP,-7598.30,-7986.76
adx_30,APOLLOHOSP,LONG,2025-07-08,2025-07-11,7605.00,7347.17,26,3,INITIAL_STOP,-6703.56,-7092.32
adx_30,IDFCFIRSTB,LONG,2025-07-09,2025-07-11,78.00,74.97,2615,2,INITIAL_STOP,-7924.68,-8324.69
adx_30,ASIANPAINT,LONG,2025-07-09,2025-07-14,2520.50,2432.52,80,5,INITIAL_STOP,-7038.23,-7434.47
adx_30,RELIANCE,LONG,2025-07-02,2025-07-16,1528.40,1477.03,131,14,INITIAL_STOP,-6728.98,-7122.69
adx_30,VOLTAS,LONG,2025-07-17,2025-07-22,1400.00,1343.80,142,5,INITIAL_STOP,-7980.44,-8370.06
adx_30,BPCL,LONG,2025-07-14,2025-07-31,345.85,328.85,581,17,INITIAL_STOP,-9874.83,-10266.83
adx_30,AMBUJACEM,LONG,2025-07-24,2025-07-31,620.40,598.13,320,7,INITIAL_STOP,-7126.22,-7516.15
adx_30,TATASTEEL,LONG,2025-06-03,2025-08-04,155.42,159.56,1309,62,MAX_HOLD,5419.26,5006.95
adx_30,MCX,LONG,2025-06-09,2025-08-08,7568.50,7712.50,26,60,MAX_HOLD,3744.00,3346.69
adx_30,MUTHOOTFIN,LONG,2025-06-16,2025-08-18,2603.00,2768.30,77,63,MAX_HOLD,12728.10,12314.51
adx_30,PNB,LONG,2025-06-17,2025-08-18,104.23,106.77,1931,62,MAX_HOLD,4904.74,4497.30
adx_30,APOLLOHOSP,LONG,2025-07-14,2025-09-12,7200.00,7874.50,27,60,MAX_HOLD,18211.50,17804.49
adx_30,CUMMINSIND,LONG,2025-07-14,2025-09-12,3567.00,4030.40,56,60,MAX_HOLD,25950.40,25524.95
adx_30,ULTRACEMCO,LONG,2025-07-14,2025-09-12,12495.00,12370.00,16,60,MAX_HOLD,-2000.00,-2397.84
adx_30,ASIANPAINT,LONG,2025-07-15,2025-09-15,2409.90,2502.60,83,62,MAX_HOLD,7694.10,7286.36
adx_30,BAJAJ-AUTO,LONG,2025-09-15,2025-10-01,9026.50,8619.99,22,16,INITIAL_STOP,-8943.31,-9331.54
adx_30,HINDUNILVR,LONG,2025-08-05,2025-10-06,2537.50,2541.80,77,62,MAX_HOLD,331.10,-60.01
adx_30,NESTLEIND,LONG,2025-08-19,2025-10-20,1149.60,1285.40,173,62,MAX_HOLD,23493.40,23072.15
adx_30,BPCL,LONG,2025-10-07,2025-10-20,343.60,328.88,591,13,INITIAL_STOP,-8701.09,-9098.52
adx_30,HEROMOTOCO,LONG,2025-08-22,2025-10-21,5097.10,5646.50,39,60,MAX_HOLD,21426.60,21007.60
adx_30,IOC,LONG,2025-10-07,2025-10-24,154.76,149.44,1313,17,INITIAL_STOP,-6982.92,-7382.34
adx_30,MARUTI,LONG,2025-08-28,2025-10-27,14895.00,16388.00,13,60,MAX_HOLD,19409.00,19002.32
adx_30,EICHERMOT,LONG,2025-08-29,2025-10-28,6149.00,7002.50,32,60,MAX_HOLD,27312.00,26891.15
adx_30,HAL,LONG,2025-09-19,2025-10-30,4856.80,4670.17,42,41,INITIAL_STOP,-7838.53,-8238.67
adx_30,BRITANNIA,LONG,2025-09-05,2025-11-04,6066.00,5892.50,32,60,MAX_HOLD,-5552.00,-5934.67
adx_30,TATASTEEL,LONG,2025-10-29,2025-11-06,183.67,176.64,1146,8,INITIAL_STOP,-8061.99,-8474.90
adx_30,BHARTIARTL,LONG,2025-10-28,2025-11-07,2092.00,2021.74,99,10,INITIAL_STOP,-6956.03,-7363.29
adx_30,BAJFINANCE,LONG,2025-09-18,2025-11-17,1007.00,1026.80,202,60,MAX_HOLD,3999.60,3588.77
adx_30,HINDALCO,LONG,2025-09-15,2025-11-07,758.15,790.40,268,53,END_OF_BACKTEST,8643.00,8227.99
adx_30,FEDERALBNK,LONG,2025-10-21,2025-11-27,228.39,255.35,896,37,END_OF_BACKTEST,24156.16,23722.73
adx_30,BANKBARODA,LONG,2025-10-21,2025-11-27,271.50,288.40,753,37,END_OF_BACKTEST,12725.70,12304.10
adx_30,LT,LONG,2025-10-23,2025-11-07,3890.00,3882.50,53,15,END_OF_BACKTEST,-397.50,-809.44
adx_30,VEDL,LONG,2025-10-27,2025-11-27,501.00,518.85,411,31,END_OF_BACKTEST,7336.35,6917.19
adx_30,IDFCFIRSTB,LONG,2025-10-31,2025-11-27,78.73,80.75,2664,27,END_OF_BACKTEST,5381.28,4956.43
adx_30,TATACONSUM,LONG,2025-11-06,2025-11-07,1172.10,1167.20,178,1,END_OF_BACKTEST,-872.20,-1288.60
adx_30,RELIANCE,LONG,2025-11-07,2025-11-07,1494.60,1478.00,139,0,END_OF_BACKTEST,-2307.40,-2720.59
adx_30,MCX,LONG,2025-11-10,2025-11-27,9420.00,10431.00,22,17,END_OF_BACKTEST,22242.00,21805.28
adx_30,MUTHOOTFIN,LONG,2025-11-18,2025-11-27,3680.10,3753.00,56,9,END_OF_BACKTEST,4082.40,3666.15
