scope,outcome,signal,n,spearman,p
POOLED,pnl_pct_credit,cpr_today,48,-0.0224,0.88008
POOLED,pnl_pct_credit,cpr_prev,48,0.3363,0.01944
POOLED,pnl_pct_credit,wcpr_this,48,0.1737,0.23772
POOLED,pnl_pct_credit,wcpr_prev,48,-0.106,0.47316
POOLED,pnl_pct_credit,gap_abs,48,0.103,0.48595
POOLED,pnl_pct_credit,gap_pct,48,0.2331,0.11089
POOLED,pnl_pct_credit,pdr_pct,48,0.0329,0.82436
POOLED,pnl_pct_credit,pdr_rel,48,-0.089,0.54741
POOLED,pnl_pct_credit,atr14_pct,48,0.2361,0.10618
POOLED,pnl_pct_credit,vix_open,48,0.1629,0.26874
POOLED,pnl_pct_credit,vix_chg_oc_pct,48,-0.0895,0.54522
POOLED,pnl_pct_credit,vix_chg_oc_pts,48,-0.0895,0.54522
POOLED,pnl_pct_credit,vix_chg_cc_pct,48,-0.1001,0.4985
POOLED,pnl_pct_credit,vix_chg_cc_pts,48,-0.1092,0.45983
POOLED,pnl_pct_credit,pre_move_bp,48,0.0246,0.86823
POOLED,pnl_pct_credit,pre_range_bp,48,-0.0163,0.91253
POOLED,pnl_pct_credit,pcr_oi_all,48,0.1239,0.40161
POOLED,pnl_pct_credit,pcr_oi_atm,48,-0.0055,0.97021
POOLED,pnl_pct_credit,pcr_vol_all,48,-0.1402,0.34189
POOLED,pnl_pct_credit,oi_atm_share,48,-0.223,0.12768
POOLED,pnl_pct_credit,dist_ce_wall_bp,48,0.3553,0.01321
POOLED,pnl_pct_credit,dist_pe_wall_bp,48,0.0677,0.64733
POOLED,pnl_pct_credit,wall_span_bp,48,0.2877,0.04737
POOLED,pnl_pct_credit,maxpain_drift_bp,48,0.2535,0.08206
POOLED,pnl_pct_credit,d_pcr_oi_all,47,0.1574,0.29075
POOLED,pnl_pct_credit,d_oi_total_pct,47,0.0857,0.56687
POOLED,pnl_pct_credit,d_oi_atm_pct,47,0.1361,0.36167
POOLED,pnl_pct_credit,d_oi_wing_pct,47,0.1072,0.47328
POOLED,pnl_pct_credit,placebo_noise,48,0.1854,0.20707
POOLED,pnl_pct_credit,placebo_prepath,48,0.0884,0.55032
POOLED,exc_over_credit,cpr_today,48,0.3258,0.02385
POOLED,exc_over_credit,cpr_prev,48,-0.0853,0.5642
POOLED,exc_over_credit,wcpr_this,48,-0.0409,0.78233
POOLED,exc_over_credit,wcpr_prev,48,0.0821,0.57907
POOLED,exc_over_credit,gap_abs,48,-0.0186,0.90034
POOLED,exc_over_credit,gap_pct,48,-0.267,0.06653
POOLED,exc_over_credit,pdr_pct,48,0.3666,0.01038
POOLED,exc_over_credit,pdr_rel,48,0.3348,0.02003
POOLED,exc_over_credit,atr14_pct,48,0.2311,0.114
POOLED,exc_over_credit,vix_open,48,0.2416,0.09802
POOLED,exc_over_credit,vix_chg_oc_pct,48,-0.1211,0.41232
POOLED,exc_over_credit,vix_chg_oc_pts,48,-0.1211,0.41232
POOLED,exc_over_credit,vix_chg_cc_pct,48,0.0342,0.81753
POOLED,exc_over_credit,vix_chg_cc_pts,48,0.0111,0.94044
POOLED,exc_over_credit,pre_move_bp,48,0.2049,0.16235
POOLED,exc_over_credit,pre_range_bp,48,0.277,0.05666
POOLED,exc_over_credit,pcr_oi_all,48,-0.0703,0.63472
POOLED,exc_over_credit,pcr_oi_atm,48,0.1759,0.23185
POOLED,exc_over_credit,pcr_vol_all,48,0.1395,0.34435
POOLED,exc_over_credit,oi_atm_share,48,-0.3069,0.03387
POOLED,exc_over_credit,dist_ce_wall_bp,48,0.267,0.06653
POOLED,exc_over_credit,dist_pe_wall_bp,48,0.2403,0.09987
POOLED,exc_over_credit,wall_span_bp,48,0.2798,0.05407
POOLED,exc_over_credit,maxpain_drift_bp,48,-0.3463,0.0159
POOLED,exc_over_credit,d_pcr_oi_all,47,0.0136,0.92747
POOLED,exc_over_credit,d_oi_total_pct,47,0.375,0.0094
POOLED,exc_over_credit,d_oi_atm_pct,47,0.4147,0.00376
POOLED,exc_over_credit,d_oi_wing_pct,47,0.2993,0.04101
POOLED,exc_over_credit,placebo_noise,48,0.0688,0.64207
POOLED,exc_over_credit,placebo_prepath,48,-0.0144,0.9227
FRI_NIFTY_DTE2,pnl_pct_credit,cpr_today,14,0.0901,0.75934
FRI_NIFTY_DTE2,pnl_pct_credit,cpr_prev,14,0.7582,0.00167
FRI_NIFTY_DTE2,pnl_pct_credit,wcpr_this,14,0.0242,0.93462
FRI_NIFTY_DTE2,pnl_pct_credit,wcpr_prev,14,-0.1868,0.5225
FRI_NIFTY_DTE2,pnl_pct_credit,gap_abs,14,-0.1692,0.56302
FRI_NIFTY_DTE2,pnl_pct_credit,gap_pct,14,0.2527,0.38331
FRI_NIFTY_DTE2,pnl_pct_credit,pdr_pct,14,0.1341,0.64772
FRI_NIFTY_DTE2,pnl_pct_credit,pdr_rel,14,0.1736,0.55277
FRI_NIFTY_DTE2,pnl_pct_credit,atr14_pct,14,0.0945,0.74794
FRI_NIFTY_DTE2,pnl_pct_credit,vix_open,14,0.2024,0.48767
FRI_NIFTY_DTE2,pnl_pct_credit,vix_chg_oc_pct,14,,
FRI_NIFTY_DTE2,pnl_pct_credit,vix_chg_oc_pts,14,,
FRI_NIFTY_DTE2,pnl_pct_credit,vix_chg_cc_pct,14,-0.1868,0.5225
FRI_NIFTY_DTE2,pnl_pct_credit,vix_chg_cc_pts,14,-0.2662,0.35756
FRI_NIFTY_DTE2,pnl_pct_credit,pre_move_bp,14,-0.0154,0.95832
FRI_NIFTY_DTE2,pnl_pct_credit,pre_range_bp,14,-0.2264,0.43643
FRI_NIFTY_DTE2,pnl_pct_credit,pcr_oi_all,14,-0.1209,0.68061
FRI_NIFTY_DTE2,pnl_pct_credit,pcr_oi_atm,14,-0.2044,0.48335
FRI_NIFTY_DTE2,pnl_pct_credit,pcr_vol_all,14,0.3714,0.19102
FRI_NIFTY_DTE2,pnl_pct_credit,oi_atm_share,14,-0.1956,0.50275
FRI_NIFTY_DTE2,pnl_pct_credit,dist_ce_wall_bp,14,0.6703,0.0087
FRI_NIFTY_DTE2,pnl_pct_credit,dist_pe_wall_bp,14,-0.0022,0.99405
FRI_NIFTY_DTE2,pnl_pct_credit,wall_span_bp,14,0.3111,0.27891
FRI_NIFTY_DTE2,pnl_pct_credit,maxpain_drift_bp,14,-0.3363,0.23979
FRI_NIFTY_DTE2,pnl_pct_credit,d_pcr_oi_all,14,-0.0857,0.77079
FRI_NIFTY_DTE2,pnl_pct_credit,d_oi_total_pct,14,-0.1121,0.70283
FRI_NIFTY_DTE2,pnl_pct_credit,d_oi_atm_pct,14,0.0549,0.85201
FRI_NIFTY_DTE2,pnl_pct_credit,d_oi_wing_pct,14,-0.1516,0.60479
FRI_NIFTY_DTE2,pnl_pct_credit,placebo_noise,14,0.2,0.493
FRI_NIFTY_DTE2,pnl_pct_credit,placebo_prepath,14,-0.187,0.52204
FRI_NIFTY_DTE2,exc_over_credit,cpr_today,14,0.0681,0.81698
FRI_NIFTY_DTE2,exc_over_credit,cpr_prev,14,-0.0989,0.73659
FRI_NIFTY_DTE2,exc_over_credit,wcpr_this,14,0.2,0.493
FRI_NIFTY_DTE2,exc_over_credit,wcpr_prev,14,-0.0022,0.99405
FRI_NIFTY_DTE2,exc_over_credit,gap_abs,14,-0.0066,0.98215
FRI_NIFTY_DTE2,exc_over_credit,gap_pct,14,-0.1604,0.58375
FRI_NIFTY_DTE2,exc_over_credit,pdr_pct,14,0.1209,0.68061
FRI_NIFTY_DTE2,exc_over_credit,pdr_rel,14,0.1165,0.69169
FRI_NIFTY_DTE2,exc_over_credit,atr14_pct,14,0.0505,0.86374
FRI_NIFTY_DTE2,exc_over_credit,vix_open,14,0.1562,0.59382
FRI_NIFTY_DTE2,exc_over_credit,vix_chg_oc_pct,14,,
FRI_NIFTY_DTE2,exc_over_credit,vix_chg_oc_pts,14,,
FRI_NIFTY_DTE2,exc_over_credit,vix_chg_cc_pct,14,-0.0813,0.78227
FRI_NIFTY_DTE2,exc_over_credit,vix_chg_cc_pts,14,-0.0946,0.74767
FRI_NIFTY_DTE2,exc_over_credit,pre_move_bp,14,0.3014,0.29496
FRI_NIFTY_DTE2,exc_over_credit,pre_range_bp,14,-0.0198,0.94649
FRI_NIFTY_DTE2,exc_over_credit,pcr_oi_all,14,0.1824,0.53251
FRI_NIFTY_DTE2,exc_over_credit,pcr_oi_atm,14,0.7319,0.00292
FRI_NIFTY_DTE2,exc_over_credit,pcr_vol_all,14,-0.156,0.59423
FRI_NIFTY_DTE2,exc_over_credit,oi_atm_share,14,-0.2571,0.37481
FRI_NIFTY_DTE2,exc_over_credit,dist_ce_wall_bp,14,0.2132,0.4643
FRI_NIFTY_DTE2,exc_over_credit,dist_pe_wall_bp,14,0.156,0.59423
FRI_NIFTY_DTE2,exc_over_credit,wall_span_bp,14,-0.0711,0.8091
FRI_NIFTY_DTE2,exc_over_credit,maxpain_drift_bp,14,-0.2176,0.45492
FRI_NIFTY_DTE2,exc_over_credit,d_pcr_oi_all,14,0.3758,0.18541
FRI_NIFTY_DTE2,exc_over_credit,d_oi_total_pct,14,0.0462,0.8755
FRI_NIFTY_DTE2,exc_over_credit,d_oi_atm_pct,14,-0.0242,0.93462
FRI_NIFTY_DTE2,exc_over_credit,d_oi_wing_pct,14,-0.0725,0.80538
FRI_NIFTY_DTE2,exc_over_credit,placebo_noise,14,-0.0286,0.92276
FRI_NIFTY_DTE2,exc_over_credit,placebo_prepath,14,0.1034,0.72499
MON_NIFTY_DTE1,pnl_pct_credit,cpr_today,17,0.0686,0.79354
MON_NIFTY_DTE1,pnl_pct_credit,cpr_prev,17,0.1716,0.51027
MON_NIFTY_DTE1,pnl_pct_credit,wcpr_this,17,0.0147,0.95533
MON_NIFTY_DTE1,pnl_pct_credit,wcpr_prev,17,-0.0711,0.78633
MON_NIFTY_DTE1,pnl_pct_credit,gap_abs,17,0.4093,0.10278
MON_NIFTY_DTE1,pnl_pct_credit,gap_pct,17,0.3897,0.12203
MON_NIFTY_DTE1,pnl_pct_credit,pdr_pct,17,0.1275,0.62593
MON_NIFTY_DTE1,pnl_pct_credit,pdr_rel,17,-0.0025,0.99255
MON_NIFTY_DTE1,pnl_pct_credit,atr14_pct,17,0.2304,0.37366
MON_NIFTY_DTE1,pnl_pct_credit,vix_open,17,0.0956,0.71516
MON_NIFTY_DTE1,pnl_pct_credit,vix_chg_oc_pct,17,-0.3062,0.23199
MON_NIFTY_DTE1,pnl_pct_credit,vix_chg_oc_pts,17,-0.3062,0.23199
MON_NIFTY_DTE1,pnl_pct_credit,vix_chg_cc_pct,17,-0.3162,0.21633
MON_NIFTY_DTE1,pnl_pct_credit,vix_chg_cc_pts,17,-0.3162,0.21633
MON_NIFTY_DTE1,pnl_pct_credit,pre_move_bp,17,0.2941,0.25184
MON_NIFTY_DTE1,pnl_pct_credit,pre_range_bp,17,0.152,0.56042
MON_NIFTY_DTE1,pnl_pct_credit,pcr_oi_all,17,0.0294,0.91078
MON_NIFTY_DTE1,pnl_pct_credit,pcr_oi_atm,17,-0.0931,0.72219
MON_NIFTY_DTE1,pnl_pct_credit,pcr_vol_all,17,-0.0417,0.87384
MON_NIFTY_DTE1,pnl_pct_credit,oi_atm_share,17,-0.3995,0.11212
MON_NIFTY_DTE1,pnl_pct_credit,dist_ce_wall_bp,17,0.4167,0.09616
MON_NIFTY_DTE1,pnl_pct_credit,dist_pe_wall_bp,17,-0.0809,0.75763
MON_NIFTY_DTE1,pnl_pct_credit,wall_span_bp,17,0.2383,0.35706
MON_NIFTY_DTE1,pnl_pct_credit,maxpain_drift_bp,17,-0.038,0.88483
MON_NIFTY_DTE1,pnl_pct_credit,d_pcr_oi_all,16,-0.0471,0.8626
MON_NIFTY_DTE1,pnl_pct_credit,d_oi_total_pct,16,0.2765,0.29994
MON_NIFTY_DTE1,pnl_pct_credit,d_oi_atm_pct,16,0.1971,0.46446
MON_NIFTY_DTE1,pnl_pct_credit,d_oi_wing_pct,16,0.3324,0.2085
MON_NIFTY_DTE1,pnl_pct_credit,placebo_noise,17,-0.027,0.91819
MON_NIFTY_DTE1,pnl_pct_credit,placebo_prepath,17,0.0809,0.75763
MON_NIFTY_DTE1,exc_over_credit,cpr_today,17,0.2108,0.41675
MON_NIFTY_DTE1,exc_over_credit,cpr_prev,17,-0.1324,0.61259
MON_NIFTY_DTE1,exc_over_credit,wcpr_this,17,0.1961,0.4507
MON_NIFTY_DTE1,exc_over_credit,wcpr_prev,17,0.1397,0.5928
MON_NIFTY_DTE1,exc_over_credit,gap_abs,17,0.2059,0.42791
MON_NIFTY_DTE1,exc_over_credit,gap_pct,17,-0.3137,0.2201
MON_NIFTY_DTE1,exc_over_credit,pdr_pct,17,0.4118,0.10054
MON_NIFTY_DTE1,exc_over_credit,pdr_rel,17,0.2132,0.41123
MON_NIFTY_DTE1,exc_over_credit,atr14_pct,17,0.3309,0.19454
MON_NIFTY_DTE1,exc_over_credit,vix_open,17,0.3725,0.14084
MON_NIFTY_DTE1,exc_over_credit,vix_chg_oc_pct,17,-0.2552,0.32296
MON_NIFTY_DTE1,exc_over_credit,vix_chg_oc_pts,17,-0.2552,0.32296
MON_NIFTY_DTE1,exc_over_credit,vix_chg_cc_pct,17,0.3358,0.18761
MON_NIFTY_DTE1,exc_over_credit,vix_chg_cc_pts,17,0.3358,0.18761
MON_NIFTY_DTE1,exc_over_credit,pre_move_bp,17,0.1814,0.48601
MON_NIFTY_DTE1,exc_over_credit,pre_range_bp,17,0.3211,0.2089
MON_NIFTY_DTE1,exc_over_credit,pcr_oi_all,17,-0.3064,0.23169
MON_NIFTY_DTE1,exc_over_credit,pcr_oi_atm,17,-0.027,0.91819
MON_NIFTY_DTE1,exc_over_credit,pcr_vol_all,17,0.2721,0.2908
MON_NIFTY_DTE1,exc_over_credit,oi_atm_share,17,-0.3186,0.21259
MON_NIFTY_DTE1,exc_over_credit,dist_ce_wall_bp,17,0.3162,0.21633
MON_NIFTY_DTE1,exc_over_credit,dist_pe_wall_bp,17,0.1005,0.70117
MON_NIFTY_DTE1,exc_over_credit,wall_span_bp,17,0.3395,0.18245
MON_NIFTY_DTE1,exc_over_credit,maxpain_drift_bp,17,-0.4537,0.06736
MON_NIFTY_DTE1,exc_over_credit,d_pcr_oi_all,16,-0.1824,0.49907
MON_NIFTY_DTE1,exc_over_credit,d_oi_total_pct,16,0.0176,0.94828
MON_NIFTY_DTE1,exc_over_credit,d_oi_atm_pct,16,0.2618,0.32741
MON_NIFTY_DTE1,exc_over_credit,d_oi_wing_pct,16,-0.1324,0.62511
MON_NIFTY_DTE1,exc_over_credit,placebo_noise,17,0.1152,0.65975
MON_NIFTY_DTE1,exc_over_credit,placebo_prepath,17,-0.0711,0.78633
WED_SENSEX_DTE1,pnl_pct_credit,cpr_today,17,-0.0613,0.81528
WED_SENSEX_DTE1,pnl_pct_credit,cpr_prev,17,0.2745,0.2863
WED_SENSEX_DTE1,pnl_pct_credit,wcpr_this,17,0.2696,0.29534
WED_SENSEX_DTE1,pnl_pct_credit,wcpr_prev,17,-0.1275,0.62593
WED_SENSEX_DTE1,pnl_pct_credit,gap_abs,17,0.201,0.43923
WED_SENSEX_DTE1,pnl_pct_credit,gap_pct,17,0.0515,0.84447
WED_SENSEX_DTE1,pnl_pct_credit,pdr_pct,17,0.0686,0.79354
WED_SENSEX_DTE1,pnl_pct_credit,pdr_rel,17,-0.1324,0.61259
WED_SENSEX_DTE1,pnl_pct_credit,atr14_pct,17,0.3211,0.2089
WED_SENSEX_DTE1,pnl_pct_credit,vix_open,17,0.2304,0.37366
WED_SENSEX_DTE1,pnl_pct_credit,vix_chg_oc_pct,17,,
WED_SENSEX_DTE1,pnl_pct_credit,vix_chg_oc_pts,17,,
WED_SENSEX_DTE1,pnl_pct_credit,vix_chg_cc_pct,17,0.2525,0.32829
WED_SENSEX_DTE1,pnl_pct_credit,vix_chg_cc_pts,17,0.2502,0.33286
WED_SENSEX_DTE1,pnl_pct_credit,pre_move_bp,17,-0.2207,0.39459
WED_SENSEX_DTE1,pnl_pct_credit,pre_range_bp,17,0.2034,0.43356
WED_SENSEX_DTE1,pnl_pct_credit,pcr_oi_all,17,0.2868,0.26445
WED_SENSEX_DTE1,pnl_pct_credit,pcr_oi_atm,17,0.2132,0.41123
WED_SENSEX_DTE1,pnl_pct_credit,pcr_vol_all,17,-0.4559,0.06589
WED_SENSEX_DTE1,pnl_pct_credit,oi_atm_share,17,0.2206,0.39489
WED_SENSEX_DTE1,pnl_pct_credit,dist_ce_wall_bp,17,0.0882,0.73631
WED_SENSEX_DTE1,pnl_pct_credit,dist_pe_wall_bp,17,-0.0601,0.81881
WED_SENSEX_DTE1,pnl_pct_credit,wall_span_bp,17,0.0294,0.91073
WED_SENSEX_DTE1,pnl_pct_credit,maxpain_drift_bp,17,0.6887,0.00223
WED_SENSEX_DTE1,pnl_pct_credit,d_pcr_oi_all,17,0.4142,0.09833
WED_SENSEX_DTE1,pnl_pct_credit,d_oi_total_pct,17,-0.0907,0.72924
WED_SENSEX_DTE1,pnl_pct_credit,d_oi_atm_pct,17,0.3676,0.14655
WED_SENSEX_DTE1,pnl_pct_credit,d_oi_wing_pct,17,-0.1789,0.49202
WED_SENSEX_DTE1,pnl_pct_credit,placebo_noise,17,0.3235,0.20525
WED_SENSEX_DTE1,pnl_pct_credit,placebo_prepath,17,0.1397,0.5928
WED_SENSEX_DTE1,exc_over_credit,cpr_today,17,0.4289,0.0858
WED_SENSEX_DTE1,exc_over_credit,cpr_prev,17,0.049,0.85179
WED_SENSEX_DTE1,exc_over_credit,wcpr_this,17,-0.4436,0.07447
WED_SENSEX_DTE1,exc_over_credit,wcpr_prev,17,-0.049,0.85179
WED_SENSEX_DTE1,exc_over_credit,gap_abs,17,-0.027,0.91819
WED_SENSEX_DTE1,exc_over_credit,gap_pct,17,-0.2917,0.256
WED_SENSEX_DTE1,exc_over_credit,pdr_pct,17,0.4706,0.05659
WED_SENSEX_DTE1,exc_over_credit,pdr_rel,17,0.5686,0.01723
WED_SENSEX_DTE1,exc_over_credit,atr14_pct,17,0.0931,0.72219
WED_SENSEX_DTE1,exc_over_credit,vix_open,17,0.2377,0.35817
WED_SENSEX_DTE1,exc_over_credit,vix_chg_oc_pct,17,,
WED_SENSEX_DTE1,exc_over_credit,vix_chg_oc_pts,17,,
WED_SENSEX_DTE1,exc_over_credit,vix_chg_cc_pct,17,-0.2108,0.41675
WED_SENSEX_DTE1,exc_over_credit,vix_chg_cc_pts,17,-0.2256,0.3839
WED_SENSEX_DTE1,exc_over_credit,pre_move_bp,17,-0.2391,0.35532
WED_SENSEX_DTE1,exc_over_credit,pre_range_bp,17,-0.0196,0.94046
WED_SENSEX_DTE1,exc_over_credit,pcr_oi_all,17,-0.1838,0.48003
WED_SENSEX_DTE1,exc_over_credit,pcr_oi_atm,17,-0.1912,0.46233
WED_SENSEX_DTE1,exc_over_credit,pcr_vol_all,17,0.2843,0.26873
WED_SENSEX_DTE1,exc_over_credit,oi_atm_share,17,-0.1446,0.57975
WED_SENSEX_DTE1,exc_over_credit,dist_ce_wall_bp,17,-0.1471,0.57328
WED_SENSEX_DTE1,exc_over_credit,dist_pe_wall_bp,17,0.0822,0.75392
WED_SENSEX_DTE1,exc_over_credit,wall_span_bp,17,0.0049,0.98509
WED_SENSEX_DTE1,exc_over_credit,maxpain_drift_bp,17,-0.3015,0.23962
WED_SENSEX_DTE1,exc_over_credit,d_pcr_oi_all,17,-0.1544,0.55403
WED_SENSEX_DTE1,exc_over_credit,d_oi_total_pct,17,0.1961,0.4507
WED_SENSEX_DTE1,exc_over_credit,d_oi_atm_pct,17,0.1324,0.61259
WED_SENSEX_DTE1,exc_over_credit,d_oi_wing_pct,17,0.152,0.56042
WED_SENSEX_DTE1,exc_over_credit,placebo_noise,17,-0.0662,0.80077
WED_SENSEX_DTE1,exc_over_credit,placebo_prepath,17,0.049,0.85179
