venue,cell,weekday,n,exc_p50,exc_p90,exc_p95,exc_max,mon_cur_era_n,mon_cur_p50,mon_cur_p95
NIFTY,W_0916_0946,Fri,542,21.8,48.5,60.8,288.8,,,
NIFTY,W_0916_0946,Mon,547,24.2,52.2,65.7,248.1,39,20.6,47.0
NIFTY,W_0916_0946,Thu,554,20.1,44.2,52.7,166.1,,,
NIFTY,W_0916_0946,Tue,553,22.2,48.4,58.6,280.6,,,
NIFTY,W_0916_0946,Wed,557,20.8,43.9,55.7,291.4,,,
NIFTY,W_0916_1001,Fri,542,25.4,55.1,69.4,288.8,,,
NIFTY,W_0916_1001,Mon,547,28.6,60.1,73.1,279.7,39,25.4,53.0
NIFTY,W_0916_1001,Thu,554,25.4,51.1,59.8,307.3,,,
NIFTY,W_0916_1001,Tue,553,27.4,56.1,70.6,361.7,,,
NIFTY,W_0916_1001,Wed,557,25.5,54.3,64.2,321.4,,,
NIFTY,W_0916_1016,Fri,542,29.2,62.1,76.0,288.8,,,
NIFTY,W_0916_1016,Mon,547,32.5,64.0,78.9,279.7,39,27.3,62.4
NIFTY,W_0916_1016,Thu,554,28.7,55.2,69.5,388.1,,,
NIFTY,W_0916_1016,Tue,553,30.2,64.6,79.5,404.2,,,
NIFTY,W_0916_1016,Wed,557,28.2,58.5,73.3,376.6,,,
NIFTY,W_0916_1031,Fri,542,31.6,69.7,82.5,948.7,,,
NIFTY,W_0916_1031,Mon,547,34.3,66.9,84.4,279.7,39,31.2,62.4
NIFTY,W_0916_1031,Thu,554,31.2,59.8,76.0,418.6,,,
NIFTY,W_0916_1031,Tue,553,32.0,68.7,85.8,456.4,,,
NIFTY,W_0916_1031,Wed,557,30.6,64.9,79.0,494.3,,,
NIFTY,W_0916_1046,Fri,542,34.8,74.1,93.7,1252.0,,,
NIFTY,W_0916_1046,Mon,547,35.5,71.6,89.8,289.8,39,31.8,65.8
NIFTY,W_0916_1046,Thu,554,33.7,66.6,81.9,418.6,,,
NIFTY,W_0916_1046,Tue,553,34.7,73.5,88.9,456.4,,,
NIFTY,W_0916_1046,Wed,557,32.1,71.1,85.4,494.3,,,
NIFTY,W_0916_1101,Fri,542,36.1,78.0,96.6,1304.5,,,
NIFTY,W_0916_1101,Mon,547,36.5,73.4,93.7,375.4,39,32.2,79.7
NIFTY,W_0916_1101,Thu,554,35.1,72.6,84.9,418.6,,,
NIFTY,W_0916_1101,Tue,553,36.2,81.2,94.5,456.4,,,
NIFTY,W_0916_1101,Wed,557,33.7,74.3,91.8,494.3,,,
NIFTY,W_0916_1116,Fri,542,37.8,81.2,101.0,1304.5,,,
NIFTY,W_0916_1116,Mon,547,38.3,78.9,101.5,426.2,39,34.4,79.7
NIFTY,W_0916_1116,Thu,554,36.8,73.4,87.6,661.6,,,
NIFTY,W_0916_1116,Tue,553,37.2,82.4,98.2,456.4,,,
NIFTY,W_0916_1116,Wed,557,35.8,76.3,97.9,494.3,,,
NIFTY,W_0930_1000,Fri,542,22.1,43.3,54.0,176.8,,,
NIFTY,W_0930_1000,Mon,548,22.4,48.0,58.1,219.2,39,20.6,41.9
NIFTY,W_0930_1000,Thu,554,20.4,43.7,50.4,195.9,,,
NIFTY,W_0930_1000,Tue,553,21.9,47.0,60.5,203.5,,,
NIFTY,W_0930_1000,Wed,557,20.6,44.1,53.9,221.2,,,
NIFTY,W_0930_1015,Fri,542,26.4,54.0,70.0,278.7,,,
NIFTY,W_0930_1015,Mon,548,27.0,52.9,72.0,235.6,39,25.5,52.5
NIFTY,W_0930_1015,Thu,554,23.6,49.6,59.9,275.8,,,
NIFTY,W_0930_1015,Tue,553,25.7,56.2,68.7,203.5,,,
NIFTY,W_0930_1015,Wed,557,24.5,51.7,63.8,275.8,,,
NIFTY,W_0930_1030,Fri,542,29.3,64.9,83.4,948.7,,,
NIFTY,W_0930_1030,Mon,548,29.5,58.7,79.5,235.6,39,28.9,72.5
NIFTY,W_0930_1030,Thu,554,27.0,54.5,66.1,306.0,,,
NIFTY,W_0930_1030,Tue,553,27.8,63.3,75.0,236.9,,,
NIFTY,W_0930_1030,Wed,557,27.2,58.6,72.5,392.3,,,
NIFTY,W_0930_1045,Fri,542,31.6,68.0,89.8,1252.0,,,
NIFTY,W_0930_1045,Mon,548,31.8,67.5,84.6,395.1,39,30.4,76.8
NIFTY,W_0930_1045,Thu,554,29.3,59.3,71.3,306.0,,,
NIFTY,W_0930_1045,Tue,553,30.8,69.3,80.6,236.9,,,
NIFTY,W_0930_1045,Wed,557,29.2,62.4,80.1,392.3,,,
NIFTY,W_0930_1100,Fri,542,33.1,75.5,98.3,1304.5,,,
NIFTY,W_0930_1100,Mon,548,33.6,72.3,91.2,395.1,39,32.7,90.5
NIFTY,W_0930_1100,Thu,554,31.3,64.2,78.3,306.0,,,
NIFTY,W_0930_1100,Tue,553,32.6,73.5,86.1,236.9,,,
NIFTY,W_0930_1100,Wed,557,31.5,68.0,81.9,392.3,,,
NIFTY,W_0930_1115,Fri,542,35.4,79.6,99.8,1304.5,,,
NIFTY,W_0930_1115,Mon,548,35.7,75.1,100.3,395.1,39,35.3,92.0
NIFTY,W_0930_1115,Thu,554,33.2,67.3,82.9,559.6,,,
NIFTY,W_0930_1115,Tue,553,33.9,75.0,94.4,236.9,,,
NIFTY,W_0930_1115,Wed,557,33.0,69.6,85.7,392.3,,,
NIFTY,W_0930_1130,Fri,542,35.9,82.4,105.4,1304.5,,,
NIFTY,W_0930_1130,Mon,548,37.0,80.4,101.2,395.1,39,36.2,92.0
NIFTY,W_0930_1130,Thu,554,35.0,70.2,84.8,559.6,,,
NIFTY,W_0930_1130,Tue,553,35.0,77.4,96.8,236.9,,,
NIFTY,W_0930_1130,Wed,557,34.1,72.8,89.6,392.3,,,
NIFTY,W_0945_1015,Fri,542,19.2,43.1,53.7,238.2,,,
NIFTY,W_0945_1015,Mon,548,19.4,41.5,53.3,238.7,39,16.7,42.1
NIFTY,W_0945_1015,Thu,554,18.2,38.3,45.8,280.0,,,
NIFTY,W_0945_1015,Tue,553,19.6,42.7,51.8,150.5,,,
NIFTY,W_0945_1015,Wed,557,18.9,37.8,48.4,143.7,,,
NIFTY,W_0945_1030,Fri,542,22.9,50.1,64.4,948.7,,,
NIFTY,W_0945_1030,Mon,548,21.9,48.4,60.6,238.7,39,20.7,59.1
NIFTY,W_0945_1030,Thu,554,21.8,45.4,56.1,310.2,,,
NIFTY,W_0945_1030,Tue,553,22.2,48.3,61.5,204.1,,,
NIFTY,W_0945_1030,Wed,557,22.4,46.5,62.6,201.0,,,
NIFTY,W_0945_1045,Fri,542,26.7,56.4,72.5,1252.0,,,
NIFTY,W_0945_1045,Mon,548,25.0,55.6,75.7,551.7,39,24.3,59.1
NIFTY,W_0945_1045,Thu,554,25.0,52.5,65.8,310.2,,,
NIFTY,W_0945_1045,Tue,553,25.2,54.9,70.1,204.1,,,
NIFTY,W_0945_1045,Wed,557,25.1,55.7,72.5,201.0,,,
NIFTY,W_0945_1100,Fri,542,28.9,61.4,79.3,1304.5,,,
NIFTY,W_0945_1100,Mon,548,27.1,61.9,78.8,551.7,39,25.1,67.2
NIFTY,W_0945_1100,Thu,554,26.8,55.7,75.0,310.2,,,
NIFTY,W_0945_1100,Tue,553,27.2,61.5,75.4,204.1,,,
NIFTY,W_0945_1100,Wed,557,27.0,60.9,76.9,210.4,,,
NIFTY,W_0945_1115,Fri,542,31.0,64.7,88.9,1304.5,,,
NIFTY,W_0945_1115,Mon,548,28.9,65.1,87.1,551.7,39,25.2,70.1
NIFTY,W_0945_1115,Thu,554,28.6,63.0,77.4,552.8,,,
NIFTY,W_0945_1115,Tue,553,29.1,65.2,78.5,204.1,,,
NIFTY,W_0945_1115,Wed,557,28.4,63.2,81.3,212.6,,,
NIFTY,W_0945_1130,Fri,542,32.3,70.2,93.8,1304.5,,,
NIFTY,W_0945_1130,Mon,548,30.8,69.0,90.6,551.7,39,26.5,78.0
NIFTY,W_0945_1130,Thu,554,31.7,66.8,82.1,552.8,,,
NIFTY,W_0945_1130,Tue,553,31.1,69.9,84.5,204.1,,,
NIFTY,W_0945_1130,Wed,557,30.4,69.5,87.7,249.8,,,
NIFTY,W_0945_1145,Fri,542,34.4,73.2,97.8,1304.5,,,
NIFTY,W_0945_1145,Mon,548,32.3,72.7,91.6,551.7,39,28.1,78.0
NIFTY,W_0945_1145,Thu,554,33.7,71.1,86.7,552.8,,,
NIFTY,W_0945_1145,Tue,553,32.2,70.8,87.7,227.5,,,
NIFTY,W_0945_1145,Wed,557,32.0,72.5,90.2,249.8,,,
NIFTY,W_1000_1030,Fri,542,19.1,40.4,53.9,948.7,,,
NIFTY,W_1000_1030,Mon,548,17.0,37.0,45.0,246.5,39,15.4,39.9
NIFTY,W_1000_1030,Thu,554,16.6,35.6,44.0,150.8,,,
NIFTY,W_1000_1030,Tue,553,18.1,38.2,49.3,110.8,,,
NIFTY,W_1000_1030,Wed,557,17.1,39.4,49.2,200.3,,,
NIFTY,W_1000_1045,Fri,542,22.0,47.8,65.4,1252.0,,,
NIFTY,W_1000_1045,Mon,548,19.8,46.2,59.0,572.6,39,19.6,39.9
NIFTY,W_1000_1045,Thu,554,20.2,42.9,51.6,150.8,,,
NIFTY,W_1000_1045,Tue,553,21.2,46.2,57.9,139.8,,,
NIFTY,W_1000_1045,Wed,557,20.7,46.2,57.2,200.3,,,
NIFTY,W_1000_1100,Fri,542,24.2,55.8,72.8,1304.5,,,
NIFTY,W_1000_1100,Mon,548,22.0,52.2,66.8,572.6,39,21.2,58.5
NIFTY,W_1000_1100,Thu,554,22.8,47.4,62.6,208.1,,,
NIFTY,W_1000_1100,Tue,553,24.1,51.5,66.4,201.9,,,
NIFTY,W_1000_1100,Wed,557,22.7,51.5,66.7,200.3,,,
NIFTY,W_1000_1115,Fri,542,27.3,59.0,74.7,1304.5,,,
NIFTY,W_1000_1115,Mon,548,24.4,54.4,78.3,572.6,39,22.3,58.5
NIFTY,W_1000_1115,Thu,554,24.7,53.0,74.0,545.6,,,
NIFTY,W_1000_1115,Tue,553,25.6,57.9,72.5,236.9,,,
NIFTY,W_1000_1115,Wed,557,24.8,55.1,75.4,200.3,,,
NIFTY,W_1000_1130,Fri,542,29.8,64.5,79.5,1304.5,,,
NIFTY,W_1000_1130,Mon,548,26.6,58.7,84.9,572.6,39,22.8,73.5
NIFTY,W_1000_1130,Thu,554,26.3,58.3,80.5,545.6,,,
NIFTY,W_1000_1130,Tue,553,27.5,59.5,79.3,242.8,,,
NIFTY,W_1000_1130,Wed,557,25.5,59.1,78.8,226.6,,,
NIFTY,W_1000_1145,Fri,542,31.3,67.7,87.2,1304.5,,,
NIFTY,W_1000_1145,Mon,548,28.1,61.4,86.3,572.6,39,24.6,86.3
NIFTY,W_1000_1145,Thu,554,28.8,63.0,81.7,545.6,,,
NIFTY,W_1000_1145,Tue,553,29.9,63.0,84.5,317.6,,,
NIFTY,W_1000_1145,Wed,557,27.1,63.3,83.2,226.6,,,
NIFTY,W_1000_1200,Fri,542,32.6,72.6,91.3,1304.5,,,
NIFTY,W_1000_1200,Mon,548,30.0,66.0,88.8,572.6,39,25.7,86.3
NIFTY,W_1000_1200,Thu,554,30.2,66.7,84.9,545.6,,,
NIFTY,W_1000_1200,Tue,553,30.2,66.7,88.4,317.6,,,
NIFTY,W_1000_1200,Wed,557,29.1,68.9,85.8,226.6,,,
NIFTY,W_1015_1045,Fri,542,16.9,39.2,54.0,1342.6,,,
NIFTY,W_1015_1045,Mon,548,15.6,34.1,45.1,572.6,39,15.1,31.8
NIFTY,W_1015_1045,Thu,554,15.2,35.0,45.4,144.8,,,
NIFTY,W_1015_1045,Tue,553,15.7,35.8,46.8,196.9,,,
NIFTY,W_1015_1045,Wed,557,16.4,34.5,43.5,117.4,,,
NIFTY,W_1015_1100,Fri,542,20.8,48.6,61.6,1395.5,,,
NIFTY,W_1015_1100,Mon,548,18.1,40.2,56.8,572.6,39,17.5,37.0
NIFTY,W_1015_1100,Thu,554,18.6,41.9,51.4,210.2,,,
NIFTY,W_1015_1100,Tue,553,19.3,43.8,53.2,259.4,,,
NIFTY,W_1015_1100,Wed,557,19.3,40.8,54.9,171.0,,,
NIFTY,W_1015_1115,Fri,542,23.6,52.0,71.3,1395.5,,,
NIFTY,W_1015_1115,Mon,548,20.7,45.5,64.0,572.6,39,20.0,47.1
NIFTY,W_1015_1115,Thu,554,20.7,48.9,61.4,509.4,,,
NIFTY,W_1015_1115,Tue,553,22.3,52.3,63.9,294.6,,,
NIFTY,W_1015_1115,Wed,557,21.4,45.5,62.0,188.6,,,
NIFTY,W_1015_1130,Fri,542,25.2,56.1,79.3,1395.5,,,
NIFTY,W_1015_1130,Mon,548,23.1,51.1,71.4,572.6,39,20.7,55.4
NIFTY,W_1015_1130,Thu,554,22.9,53.3,67.0,509.4,,,
NIFTY,W_1015_1130,Tue,553,24.6,55.6,69.0,300.5,,,
NIFTY,W_1015_1130,Wed,557,23.1,56.1,68.8,196.1,,,
NIFTY,W_1015_1145,Fri,542,27.2,60.2,84.5,1395.5,,,
NIFTY,W_1015_1145,Mon,548,24.6,55.5,73.3,572.6,39,20.7,62.5
NIFTY,W_1015_1145,Thu,554,24.8,56.0,69.9,509.4,,,
NIFTY,W_1015_1145,Tue,553,26.6,59.7,76.0,375.7,,,
NIFTY,W_1015_1145,Wed,557,25.3,58.1,72.9,245.3,,,
NIFTY,W_1015_1200,Fri,542,29.0,64.7,89.7,1395.5,,,
NIFTY,W_1015_1200,Mon,548,26.0,61.2,75.8,572.6,39,20.7,62.5
NIFTY,W_1015_1200,Thu,554,27.0,59.9,73.3,509.4,,,
NIFTY,W_1015_1200,Tue,553,28.1,62.3,81.7,375.7,,,
NIFTY,W_1015_1200,Wed,557,27.4,62.5,79.4,264.8,,,
NIFTY,W_1015_1215,Fri,542,31.1,69.9,96.7,1399.4,,,
NIFTY,W_1015_1215,Mon,548,27.9,65.0,85.3,572.6,39,22.7,63.1
NIFTY,W_1015_1215,Thu,554,29.2,66.1,79.3,509.4,,,
NIFTY,W_1015_1215,Tue,553,29.7,66.8,84.2,375.7,,,
NIFTY,W_1015_1215,Wed,557,29.3,64.5,84.4,264.8,,,
NIFTY,W_1030_1100,Fri,542,15.3,35.4,45.9,325.0,,,
NIFTY,W_1030_1100,Mon,548,14.9,33.2,43.6,572.6,39,15.2,28.6
NIFTY,W_1030_1100,Thu,554,14.9,32.6,40.6,213.3,,,
NIFTY,W_1030_1100,Tue,553,14.8,33.1,45.7,177.3,,,
NIFTY,W_1030_1100,Wed,557,14.9,32.0,44.9,150.0,,,
NIFTY,W_1030_1115,Fri,542,18.8,42.6,53.4,346.2,,,
NIFTY,W_1030_1115,Mon,548,17.8,41.4,51.9,572.6,39,16.9,41.5
NIFTY,W_1030_1115,Thu,554,17.3,41.2,51.2,496.5,,,
NIFTY,W_1030_1115,Tue,553,17.9,42.8,54.2,212.2,,,
NIFTY,W_1030_1115,Wed,557,18.2,37.8,51.8,167.7,,,
NIFTY,W_1030_1130,Fri,542,21.1,47.3,61.7,441.8,,,
NIFTY,W_1030_1130,Mon,548,20.5,47.2,61.1,572.6,39,18.0,50.9
NIFTY,W_1030_1130,Thu,554,20.1,46.4,57.4,496.5,,,
NIFTY,W_1030_1130,Tue,553,21.4,46.6,62.8,218.1,,,
NIFTY,W_1030_1130,Wed,557,20.1,44.7,57.0,188.9,,,
NIFTY,W_1030_1145,Fri,542,23.5,56.1,67.0,453.7,,,
NIFTY,W_1030_1145,Mon,548,22.6,53.1,67.1,572.6,39,18.9,63.7
NIFTY,W_1030_1145,Thu,554,22.6,51.6,66.2,496.5,,,
NIFTY,W_1030_1145,Tue,553,22.8,52.0,67.4,292.7,,,
NIFTY,W_1030_1145,Wed,557,22.3,50.0,63.2,293.6,,,
NIFTY,W_1030_1200,Fri,542,25.9,59.0,76.3,505.8,,,
NIFTY,W_1030_1200,Mon,548,25.0,56.0,75.1,572.6,39,19.6,63.7
NIFTY,W_1030_1200,Thu,554,25.4,57.2,67.5,496.5,,,
NIFTY,W_1030_1200,Tue,553,24.7,57.7,70.6,292.7,,,
NIFTY,W_1030_1200,Wed,557,24.3,55.6,71.9,313.1,,,
NIFTY,W_1030_1215,Fri,542,28.4,62.0,84.5,520.4,,,
NIFTY,W_1030_1215,Mon,548,26.9,63.7,83.2,572.6,39,20.8,63.7
NIFTY,W_1030_1215,Thu,554,27.0,60.9,72.2,496.5,,,
NIFTY,W_1030_1215,Tue,553,27.4,61.5,75.5,292.7,,,
NIFTY,W_1030_1215,Wed,557,26.3,59.7,78.3,313.1,,,
NIFTY,W_1030_1230,Fri,542,30.2,66.4,88.1,520.4,,,
NIFTY,W_1030_1230,Mon,548,29.4,70.7,88.0,572.6,39,22.6,75.1
NIFTY,W_1030_1230,Thu,554,29.0,65.9,79.7,496.5,,,
NIFTY,W_1030_1230,Tue,553,28.9,64.3,80.9,292.7,,,
NIFTY,W_1030_1230,Wed,557,29.2,64.0,84.2,313.1,,,
NIFTY,W_1045_1115,Fri,542,15.1,32.4,46.9,297.1,,,
NIFTY,W_1045_1115,Mon,548,14.5,34.2,44.3,200.7,39,11.1,50.3
NIFTY,W_1045_1115,Thu,554,13.7,29.7,42.3,488.1,,,
NIFTY,W_1045_1115,Tue,553,14.7,33.8,45.5,153.3,,,
NIFTY,W_1045_1115,Wed,557,14.1,31.8,38.3,152.3,,,
NIFTY,W_1045_1130,Fri,542,18.1,41.6,52.6,297.1,,,
NIFTY,W_1045_1130,Mon,548,17.7,41.8,51.9,255.1,39,15.4,53.0
NIFTY,W_1045_1130,Thu,554,16.7,39.3,46.6,488.1,,,
NIFTY,W_1045_1130,Tue,553,17.3,39.7,51.9,205.4,,,
NIFTY,W_1045_1130,Wed,557,17.3,39.4,48.1,161.6,,,
NIFTY,W_1045_1145,Fri,542,20.8,47.6,59.0,305.3,,,
NIFTY,W_1045_1145,Mon,548,19.7,47.6,60.0,279.3,39,16.8,65.8
NIFTY,W_1045_1145,Thu,554,19.5,44.4,53.3,488.1,,,
NIFTY,W_1045_1145,Tue,553,19.8,48.2,59.5,205.4,,,
NIFTY,W_1045_1145,Wed,557,19.8,46.3,56.0,205.6,,,
NIFTY,W_1045_1200,Fri,542,23.6,52.2,64.9,356.6,,,
NIFTY,W_1045_1200,Mon,548,22.0,51.9,69.3,279.3,39,17.6,65.8
NIFTY,W_1045_1200,Thu,554,22.1,48.3,57.1,488.1,,,
NIFTY,W_1045_1200,Tue,553,21.6,52.1,64.5,205.4,,,
NIFTY,W_1045_1200,Wed,557,21.7,52.0,65.3,225.2,,,
NIFTY,W_1045_1215,Fri,542,25.4,54.8,75.4,414.3,,,
NIFTY,W_1045_1215,Mon,548,24.9,58.0,76.0,305.3,39,19.2,65.8
NIFTY,W_1045_1215,Thu,554,24.2,53.4,66.1,488.1,,,
NIFTY,W_1045_1215,Tue,553,24.1,56.3,68.7,205.4,,,
NIFTY,W_1045_1215,Wed,557,23.7,55.6,75.8,260.9,,,
NIFTY,W_1045_1230,Fri,542,27.1,60.6,77.0,458.2,,,
NIFTY,W_1045_1230,Mon,548,26.4,64.8,82.9,305.3,39,21.5,74.7
NIFTY,W_1045_1230,Thu,554,26.8,57.5,69.9,488.1,,,
NIFTY,W_1045_1230,Tue,553,26.8,58.2,75.2,205.4,,,
NIFTY,W_1045_1230,Wed,557,26.7,61.2,78.8,269.9,,,
NIFTY,W_1045_1245,Fri,542,29.3,65.0,87.9,458.2,,,
NIFTY,W_1045_1245,Mon,548,28.9,70.3,89.7,305.3,39,23.8,74.7
NIFTY,W_1045_1245,Thu,554,29.6,61.7,75.5,488.1,,,
NIFTY,W_1045_1245,Tue,553,29.1,66.1,81.5,250.5,,,
NIFTY,W_1045_1245,Wed,557,29.4,63.7,84.7,404.2,,,
NIFTY,W_1100_1130,Fri,542,14.6,35.2,44.1,233.5,,,
NIFTY,W_1100_1130,Mon,548,14.5,33.7,40.7,231.6,39,13.0,27.9
NIFTY,W_1100_1130,Thu,554,13.6,31.4,39.0,344.8,,,
NIFTY,W_1100_1130,Tue,552,14.3,36.5,47.4,129.5,,,
NIFTY,W_1100_1130,Wed,557,13.9,30.4,41.1,131.1,,,
NIFTY,W_1100_1145,Fri,542,18.0,43.9,53.2,245.3,,,
NIFTY,W_1100_1145,Mon,548,17.4,38.3,50.9,255.9,39,16.4,45.8
NIFTY,W_1100_1145,Thu,554,17.0,39.0,50.5,344.8,,,
NIFTY,W_1100_1145,Tue,553,17.2,45.9,56.5,203.5,,,
NIFTY,W_1100_1145,Wed,557,16.6,37.9,48.0,206.4,,,
NIFTY,W_1100_1200,Fri,542,20.6,47.9,58.9,296.3,,,
NIFTY,W_1100_1200,Mon,548,20.2,45.6,59.2,255.9,39,16.6,45.9
NIFTY,W_1100_1200,Thu,554,20.1,44.8,58.2,344.8,,,
NIFTY,W_1100_1200,Tue,553,20.1,50.4,63.5,203.5,,,
NIFTY,W_1100_1200,Wed,557,18.9,45.3,58.2,226.0,,,
NIFTY,W_1100_1215,Fri,542,22.7,50.8,66.6,394.0,,,
NIFTY,W_1100_1215,Mon,548,22.2,51.2,70.9,282.0,39,20.2,52.1
NIFTY,W_1100_1215,Thu,554,22.2,50.8,66.6,344.8,,,
NIFTY,W_1100_1215,Tue,553,22.4,54.0,67.1,203.5,,,
NIFTY,W_1100_1215,Wed,557,21.1,52.0,64.6,226.0,,,
NIFTY,W_1100_1230,Fri,542,24.9,55.0,75.2,437.7,,,
NIFTY,W_1100_1230,Mon,548,24.8,58.2,75.3,282.0,39,20.9,62.2
NIFTY,W_1100_1230,Thu,554,24.7,55.9,68.5,344.8,,,
NIFTY,W_1100_1230,Tue,553,24.5,57.7,71.3,203.5,,,
NIFTY,W_1100_1230,Wed,557,23.7,56.1,73.2,226.0,,,
NIFTY,W_1100_1245,Fri,542,26.8,62.2,80.2,437.7,,,
NIFTY,W_1100_1245,Mon,548,26.6,64.3,81.1,282.0,39,21.3,73.9
NIFTY,W_1100_1245,Thu,554,27.5,59.7,71.3,344.8,,,
NIFTY,W_1100_1245,Tue,553,27.9,63.2,74.4,269.5,,,
NIFTY,W_1100_1245,Wed,557,27.3,58.5,78.0,372.9,,,
NIFTY,W_1100_1300,Fri,542,28.3,68.8,88.5,493.9,,,
NIFTY,W_1100_1300,Mon,548,28.6,69.9,87.4,282.0,39,23.3,76.0
NIFTY,W_1100_1300,Thu,554,29.0,62.9,81.9,344.8,,,
NIFTY,W_1100_1300,Tue,553,30.1,68.2,83.6,269.5,,,
NIFTY,W_1100_1300,Wed,557,29.3,67.0,83.5,459.0,,,
NIFTY,W_1115_1145,Fri,542,14.3,31.9,42.3,159.8,,,
NIFTY,W_1115_1145,Mon,548,13.9,27.6,38.3,129.4,39,12.1,38.0
NIFTY,W_1115_1145,Thu,554,13.6,31.3,40.9,133.2,,,
NIFTY,W_1115_1145,Tue,552,14.3,34.0,45.7,104.1,,,
NIFTY,W_1115_1145,Wed,557,14.0,33.1,41.2,216.1,,,
NIFTY,W_1115_1200,Fri,542,17.3,38.1,51.6,230.2,,,
NIFTY,W_1115_1200,Mon,548,16.9,36.3,48.2,129.4,39,14.4,41.1
NIFTY,W_1115_1200,Thu,554,17.5,38.6,50.1,134.0,,,
NIFTY,W_1115_1200,Tue,552,17.0,39.9,55.1,112.4,,,
NIFTY,W_1115_1200,Wed,557,17.3,40.6,52.5,235.7,,,
NIFTY,W_1115_1215,Fri,542,19.9,44.7,56.8,361.2,,,
NIFTY,W_1115_1215,Mon,548,20.0,44.2,57.3,153.3,39,16.8,44.2
NIFTY,W_1115_1215,Thu,554,21.3,43.9,56.8,149.2,,,
NIFTY,W_1115_1215,Tue,552,19.8,46.0,63.8,148.3,,,
NIFTY,W_1115_1215,Wed,557,19.5,46.7,57.4,235.7,,,
NIFTY,W_1115_1230,Fri,542,22.3,49.8,65.9,404.8,,,
NIFTY,W_1115_1230,Mon,548,22.2,50.2,63.8,297.5,39,19.5,51.6
NIFTY,W_1115_1230,Thu,554,23.5,49.2,65.3,178.1,,,
NIFTY,W_1115_1230,Tue,552,22.6,52.2,69.4,174.5,,,
NIFTY,W_1115_1230,Wed,557,21.7,50.9,64.0,235.7,,,
NIFTY,W_1115_1245,Fri,542,25.3,55.7,77.0,404.8,,,
NIFTY,W_1115_1245,Mon,548,24.3,57.6,77.8,297.5,39,21.0,61.4
NIFTY,W_1115_1245,Thu,554,25.5,54.8,68.4,242.5,,,
NIFTY,W_1115_1245,Tue,552,26.0,56.2,74.8,187.8,,,
NIFTY,W_1115_1245,Wed,557,24.9,54.9,71.8,333.6,,,
NIFTY,W_1115_1300,Fri,542,27.0,60.5,81.9,491.0,,,
NIFTY,W_1115_1300,Mon,548,26.3,61.8,83.9,297.5,39,22.2,71.3
NIFTY,W_1115_1300,Thu,554,27.9,61.3,74.0,242.5,,,
NIFTY,W_1115_1300,Tue,552,27.6,65.0,84.8,219.7,,,
NIFTY,W_1115_1300,Wed,557,27.2,59.8,79.1,419.3,,,
NIFTY,W_1115_1315,Fri,542,29.1,69.1,90.6,617.5,,,
NIFTY,W_1115_1315,Mon,548,28.2,68.5,87.5,297.5,39,23.5,71.3
NIFTY,W_1115_1315,Thu,554,29.8,66.3,85.1,242.5,,,
NIFTY,W_1115_1315,Tue,552,30.2,74.0,91.0,270.7,,,
NIFTY,W_1115_1315,Wed,557,30.2,66.5,85.9,519.9,,,
NIFTY,W_1130_1200,Fri,542,14.2,29.8,38.2,160.4,,,
NIFTY,W_1130_1200,Mon,548,13.1,31.1,38.9,186.8,39,12.6,30.4
NIFTY,W_1130_1200,Thu,554,13.5,30.6,40.9,231.6,,,
NIFTY,W_1130_1200,Tue,553,13.4,32.3,42.9,111.0,,,
NIFTY,W_1130_1200,Wed,557,13.8,33.2,42.8,230.5,,,
NIFTY,W_1130_1215,Fri,542,16.9,36.4,46.0,279.9,,,
NIFTY,W_1130_1215,Mon,548,16.2,39.1,49.4,186.8,39,16.6,40.3
NIFTY,W_1130_1215,Thu,554,17.1,39.9,51.9,258.8,,,
NIFTY,W_1130_1215,Tue,553,17.3,39.5,50.8,123.5,,,
NIFTY,W_1130_1215,Wed,557,16.8,40.4,50.4,230.5,,,
NIFTY,W_1130_1230,Fri,542,19.2,44.4,57.0,323.1,,,
NIFTY,W_1130_1230,Mon,548,19.1,45.3,60.5,282.4,39,21.5,43.7
NIFTY,W_1130_1230,Thu,554,19.7,44.5,59.6,258.8,,,
NIFTY,W_1130_1230,Tue,553,20.4,44.5,59.9,165.7,,,
NIFTY,W_1130_1230,Wed,557,19.9,46.5,60.4,230.5,,,
NIFTY,W_1130_1245,Fri,542,21.5,50.7,69.2,393.5,,,
NIFTY,W_1130_1245,Mon,548,22.3,51.8,68.6,282.4,39,21.5,52.0
NIFTY,W_1130_1245,Thu,554,22.3,48.8,62.8,265.8,,,
NIFTY,W_1130_1245,Tue,553,23.0,52.6,66.1,165.7,,,
NIFTY,W_1130_1245,Wed,557,22.6,51.0,66.9,250.5,,,
NIFTY,W_1130_1300,Fri,542,23.7,56.4,72.5,503.0,,,
NIFTY,W_1130_1300,Mon,548,24.6,58.9,79.0,282.4,39,22.5,56.6
NIFTY,W_1130_1300,Thu,554,24.7,56.5,68.3,265.8,,,
NIFTY,W_1130_1300,Tue,553,25.4,60.2,78.7,179.6,,,
NIFTY,W_1130_1300,Wed,557,25.1,57.4,75.6,335.5,,,
NIFTY,W_1130_1315,Fri,542,27.1,62.5,79.9,629.7,,,
NIFTY,W_1130_1315,Mon,548,26.8,63.0,81.4,282.4,39,23.5,56.6
NIFTY,W_1130_1315,Thu,554,27.8,59.6,75.8,265.8,,,
NIFTY,W_1130_1315,Tue,553,27.8,66.3,88.2,244.3,,,
NIFTY,W_1130_1315,Wed,557,28.8,63.2,83.3,435.3,,,
NIFTY,W_1130_1330,Fri,542,28.6,69.0,83.6,629.7,,,
NIFTY,W_1130_1330,Mon,548,28.5,67.2,85.5,282.4,39,27.4,56.6
NIFTY,W_1130_1330,Thu,554,30.7,63.5,84.0,265.8,,,
NIFTY,W_1130_1330,Tue,553,30.3,71.6,94.9,255.3,,,
NIFTY,W_1130_1330,Wed,557,30.8,69.8,88.5,465.0,,,
NIFTY,W_1145_1215,Fri,542,13.4,31.0,39.8,284.0,,,
NIFTY,W_1145_1215,Mon,548,13.3,32.0,42.2,124.2,39,12.6,37.7
NIFTY,W_1145_1215,Thu,554,13.9,30.1,38.9,136.3,,,
NIFTY,W_1145_1215,Tue,552,14.0,31.2,40.7,138.3,,,
NIFTY,W_1145_1215,Wed,557,12.9,31.4,40.6,128.2,,,
NIFTY,W_1145_1230,Fri,542,16.6,40.3,49.4,364.2,,,
NIFTY,W_1145_1230,Mon,548,16.6,39.1,55.5,253.6,39,13.7,39.0
NIFTY,W_1145_1230,Thu,554,16.9,36.5,48.1,180.1,,,
NIFTY,W_1145_1230,Tue,552,17.5,38.6,50.8,199.8,,,
NIFTY,W_1145_1230,Wed,557,17.1,38.7,48.3,128.2,,,
NIFTY,W_1145_1245,Fri,542,20.3,46.4,59.6,439.5,,,
NIFTY,W_1145_1245,Mon,548,19.2,48.3,60.3,253.6,39,18.3,54.9
NIFTY,W_1145_1245,Thu,554,20.0,44.4,53.3,244.5,,,
NIFTY,W_1145_1245,Tue,552,21.1,45.6,60.1,213.2,,,
NIFTY,W_1145_1245,Wed,557,19.9,44.0,59.5,255.3,,,
NIFTY,W_1145_1300,Fri,542,22.0,54.4,65.9,549.6,,,
NIFTY,W_1145_1300,Mon,548,22.0,54.9,67.6,253.6,39,20.0,63.3
NIFTY,W_1145_1300,Thu,554,23.5,49.4,63.1,244.5,,,
NIFTY,W_1145_1300,Tue,552,23.8,54.3,72.1,245.1,,,
NIFTY,W_1145_1300,Wed,557,21.9,53.1,69.2,340.4,,,
NIFTY,W_1145_1315,Fri,542,24.2,59.6,74.1,676.7,,,
NIFTY,W_1145_1315,Mon,548,24.4,57.8,73.3,253.6,39,20.6,63.3
NIFTY,W_1145_1315,Thu,554,26.3,56.5,72.6,244.5,,,
NIFTY,W_1145_1315,Tue,552,26.6,59.9,82.6,249.5,,,
NIFTY,W_1145_1315,Wed,557,25.7,58.3,76.0,440.2,,,
NIFTY,W_1145_1330,Fri,542,26.3,65.0,78.3,676.7,,,
NIFTY,W_1145_1330,Mon,548,26.5,62.3,79.5,253.6,39,23.0,63.3
NIFTY,W_1145_1330,Thu,554,29.0,60.7,79.8,244.5,,,
NIFTY,W_1145_1330,Tue,553,28.4,66.9,84.2,283.1,,,
NIFTY,W_1145_1330,Wed,557,27.8,63.8,82.3,469.9,,,
NIFTY,W_1145_1345,Fri,542,29.3,71.1,87.8,710.5,,,
NIFTY,W_1145_1345,Mon,548,29.2,67.6,88.9,253.6,39,27.0,64.4
NIFTY,W_1145_1345,Thu,554,31.6,69.1,86.0,244.5,,,
NIFTY,W_1145_1345,Tue,553,31.0,70.6,98.5,283.1,,,
NIFTY,W_1145_1345,Wed,557,30.7,70.7,92.7,492.2,,,
NIFTY,W_1200_1230,Fri,542,13.9,32.1,40.8,236.3,,,
NIFTY,W_1200_1230,Mon,548,13.9,31.8,42.7,215.5,39,14.0,30.3
NIFTY,W_1200_1230,Thu,554,13.9,31.9,40.5,178.9,,,
NIFTY,W_1200_1230,Tue,552,14.2,29.6,37.3,151.2,,,
NIFTY,W_1200_1230,Wed,557,13.3,31.8,38.5,104.8,,,
NIFTY,W_1200_1245,Fri,542,17.0,41.6,52.1,310.7,,,
NIFTY,W_1200_1245,Mon,548,16.9,39.5,49.2,215.5,39,15.6,39.3
NIFTY,W_1200_1245,Thu,554,17.1,39.9,49.9,243.2,,,
NIFTY,W_1200_1245,Tue,552,17.7,39.4,54.5,187.1,,,
NIFTY,W_1200_1245,Wed,557,17.5,35.3,52.8,246.8,,,
NIFTY,W_1200_1300,Fri,542,20.0,48.6,61.4,419.4,,,
NIFTY,W_1200_1300,Mon,548,19.9,44.2,60.9,215.5,39,17.5,64.7
NIFTY,W_1200_1300,Thu,554,20.9,45.1,57.1,243.2,,,
NIFTY,W_1200_1300,Tue,552,21.2,48.9,62.8,187.1,,,
NIFTY,W_1200_1300,Wed,557,20.3,41.1,63.7,331.9,,,
NIFTY,W_1200_1315,Fri,542,23.1,54.4,68.7,545.0,,,
NIFTY,W_1200_1315,Mon,548,21.7,48.6,64.4,215.5,39,21.5,78.3
NIFTY,W_1200_1315,Thu,554,23.5,52.2,65.7,323.3,,,
NIFTY,W_1200_1315,Tue,552,23.8,58.1,76.5,242.0,,,
NIFTY,W_1200_1315,Wed,557,23.4,53.4,70.4,431.6,,,
NIFTY,W_1200_1330,Fri,542,25.8,57.9,76.0,545.0,,,
NIFTY,W_1200_1330,Mon,548,24.9,55.4,71.6,246.3,39,21.5,78.3
NIFTY,W_1200_1330,Thu,554,26.9,58.1,72.8,323.3,,,
NIFTY,W_1200_1330,Tue,552,27.6,62.4,80.0,284.8,,,
NIFTY,W_1200_1330,Wed,557,25.8,59.5,78.4,461.3,,,
NIFTY,W_1200_1345,Fri,542,28.6,65.5,82.3,578.3,,,
NIFTY,W_1200_1345,Mon,548,27.5,62.7,78.3,246.3,39,23.5,78.3
NIFTY,W_1200_1345,Thu,554,29.3,65.2,82.0,323.3,,,
NIFTY,W_1200_1345,Tue,552,29.3,70.4,90.2,301.0,,,
NIFTY,W_1200_1345,Wed,557,28.7,66.4,84.9,483.6,,,
NIFTY,W_1200_1400,Fri,542,31.4,71.6,97.3,578.3,,,
NIFTY,W_1200_1400,Mon,548,30.7,68.8,88.2,246.3,39,28.9,78.3
NIFTY,W_1200_1400,Thu,554,32.5,71.9,87.6,469.5,,,
NIFTY,W_1200_1400,Tue,552,33.7,76.2,104.2,301.0,,,
NIFTY,W_1200_1400,Wed,557,31.4,72.4,96.5,529.8,,,
NIFTY,W_1215_1245,Fri,542,14.5,34.3,44.0,159.5,,,
NIFTY,W_1215_1245,Mon,548,13.9,33.8,41.9,189.6,39,12.0,38.0
NIFTY,W_1215_1245,Thu,554,14.2,33.5,43.7,205.4,,,
NIFTY,W_1215_1245,Tue,552,14.2,34.2,45.8,171.2,,,
NIFTY,W_1215_1245,Wed,557,14.2,31.1,39.4,185.9,,,
NIFTY,W_1215_1300,Fri,542,17.6,42.5,53.3,266.6,,,
NIFTY,W_1215_1300,Mon,548,16.6,40.2,50.2,215.5,39,14.9,53.4
NIFTY,W_1215_1300,Thu,554,18.0,41.1,50.9,205.4,,,
NIFTY,W_1215_1300,Tue,552,18.2,43.6,57.3,171.2,,,
NIFTY,W_1215_1300,Wed,557,17.3,38.3,49.6,270.4,,,
NIFTY,W_1215_1315,Fri,542,21.1,48.7,58.6,390.4,,,
NIFTY,W_1215_1315,Mon,548,19.8,44.0,56.2,215.5,39,18.0,53.4
NIFTY,W_1215_1315,Thu,554,20.6,47.6,61.4,267.7,,,
NIFTY,W_1215_1315,Tue,552,21.5,53.7,70.7,198.1,,,
NIFTY,W_1215_1315,Wed,557,20.7,46.2,63.9,369.5,,,
NIFTY,W_1215_1330,Fri,542,23.0,53.3,64.8,390.4,,,
NIFTY,W_1215_1330,Mon,548,22.9,49.6,65.2,250.7,39,20.5,56.5
NIFTY,W_1215_1330,Thu,554,23.9,52.3,71.1,267.7,,,
NIFTY,W_1215_1330,Tue,552,24.8,57.3,77.1,268.8,,,
NIFTY,W_1215_1330,Wed,557,23.6,51.7,72.8,399.1,,,
NIFTY,W_1215_1345,Fri,542,27.7,61.2,77.9,423.2,,,
NIFTY,W_1215_1345,Mon,548,26.2,57.7,74.4,289.8,39,21.5,59.9
NIFTY,W_1215_1345,Thu,554,27.3,64.4,78.8,267.7,,,
NIFTY,W_1215_1345,Tue,552,27.2,64.1,82.1,285.0,,,
NIFTY,W_1215_1345,Wed,557,26.6,57.6,81.0,421.3,,,
NIFTY,W_1215_1400,Fri,542,30.3,67.7,89.3,423.2,,,
NIFTY,W_1215_1400,Mon,548,28.9,64.7,84.9,289.8,39,24.8,60.0
NIFTY,W_1215_1400,Thu,554,30.2,66.8,84.9,413.1,,,
NIFTY,W_1215_1400,Tue,552,30.8,71.1,91.5,285.0,,,
NIFTY,W_1215_1400,Wed,557,30.3,69.5,86.3,467.2,,,
NIFTY,W_1215_1415,Fri,542,33.7,77.3,100.7,423.2,,,
NIFTY,W_1215_1415,Mon,548,31.3,70.6,91.7,289.8,39,28.6,60.8
NIFTY,W_1215_1415,Thu,554,34.1,75.0,92.1,491.9,,,
NIFTY,W_1215_1415,Tue,552,34.8,80.0,107.1,285.0,,,
NIFTY,W_1215_1415,Wed,557,32.3,74.8,92.4,482.1,,,
NIFTY,W_1230_1300,Fri,542,15.0,34.4,42.5,184.8,,,
NIFTY,W_1230_1300,Mon,548,13.7,32.9,41.9,177.3,39,12.8,28.7
NIFTY,W_1230_1300,Thu,554,14.7,35.3,42.9,123.9,,,
NIFTY,W_1230_1300,Tue,552,15.1,36.5,47.6,119.9,,,
NIFTY,W_1230_1300,Wed,557,14.8,33.7,42.3,242.6,,,
NIFTY,W_1230_1315,Fri,542,18.2,42.5,52.2,360.4,,,
NIFTY,W_1230_1315,Mon,548,17.6,38.7,50.1,240.0,39,15.3,29.4
NIFTY,W_1230_1315,Thu,554,18.5,43.7,55.1,204.9,,,
NIFTY,W_1230_1315,Tue,552,18.8,45.1,59.3,181.7,,,
NIFTY,W_1230_1315,Wed,557,18.4,41.9,49.3,341.4,,,
NIFTY,W_1230_1330,Fri,542,21.0,49.2,58.9,360.4,,,
NIFTY,W_1230_1330,Mon,548,20.4,46.3,57.6,252.6,39,18.5,38.9
NIFTY,W_1230_1330,Thu,554,21.8,51.0,61.2,204.9,,,
NIFTY,W_1230_1330,Tue,552,22.8,51.4,65.7,217.0,,,
NIFTY,W_1230_1330,Wed,557,21.1,47.1,58.8,370.9,,,
NIFTY,W_1230_1345,Fri,542,24.7,55.0,67.1,360.4,,,
NIFTY,W_1230_1345,Mon,548,24.2,54.3,66.9,252.6,39,22.2,38.9
NIFTY,W_1230_1345,Thu,554,25.0,59.7,72.0,211.0,,,
NIFTY,W_1230_1345,Tue,552,25.5,57.4,78.6,233.0,,,
NIFTY,W_1230_1345,Wed,557,24.8,53.6,79.3,393.0,,,
NIFTY,W_1230_1400,Fri,542,28.3,63.0,81.4,360.4,,,
NIFTY,W_1230_1400,Mon,548,27.3,59.5,76.0,252.6,39,23.2,52.9
NIFTY,W_1230_1400,Thu,554,27.7,64.5,78.7,349.5,,,
NIFTY,W_1230_1400,Tue,552,29.6,65.5,85.6,233.0,,,
NIFTY,W_1230_1400,Wed,557,27.6,63.2,86.3,438.8,,,
NIFTY,W_1230_1415,Fri,542,32.1,71.5,96.2,360.4,,,
NIFTY,W_1230_1415,Mon,548,30.0,68.3,87.8,252.6,39,23.6,52.9
NIFTY,W_1230_1415,Thu,554,31.3,68.7,83.9,427.8,,,
NIFTY,W_1230_1415,Tue,552,32.2,75.6,96.2,233.0,,,
NIFTY,W_1230_1415,Wed,557,30.3,72.6,94.6,453.6,,,
NIFTY,W_1230_1430,Fri,542,35.2,79.3,102.6,360.4,,,
NIFTY,W_1230_1430,Mon,548,33.1,75.5,97.8,420.1,39,25.7,70.1
NIFTY,W_1230_1430,Thu,554,34.8,72.8,90.1,427.8,,,
NIFTY,W_1230_1430,Tue,552,36.0,82.8,110.3,256.4,,,
NIFTY,W_1230_1430,Wed,557,33.3,78.6,111.0,513.3,,,
NIFTY,W_1245_1315,Fri,542,15.6,35.7,41.9,306.0,,,
NIFTY,W_1245_1315,Mon,548,14.3,33.5,40.8,177.6,39,14.6,33.8
NIFTY,W_1245_1315,Thu,554,15.3,35.3,45.6,227.1,,,
NIFTY,W_1245_1315,Tue,552,15.2,37.2,49.3,187.5,,,
NIFTY,W_1245_1315,Wed,557,15.5,36.2,43.3,195.1,,,
NIFTY,W_1245_1330,Fri,542,18.7,41.5,50.4,306.0,,,
NIFTY,W_1245_1330,Mon,548,19.0,41.4,49.4,212.6,39,16.2,41.6
NIFTY,W_1245_1330,Thu,554,19.0,42.8,56.3,227.1,,,
NIFTY,W_1245_1330,Tue,552,19.2,45.6,56.0,187.5,,,
NIFTY,W_1245_1330,Wed,557,19.9,42.6,54.7,224.2,,,
NIFTY,W_1245_1345,Fri,542,22.6,48.1,62.6,338.6,,,
NIFTY,W_1245_1345,Mon,548,21.7,49.7,61.9,251.6,39,19.2,42.2
NIFTY,W_1245_1345,Thu,554,22.4,52.9,67.3,227.1,,,
NIFTY,W_1245_1345,Tue,552,22.4,54.1,66.0,187.5,,,
NIFTY,W_1245_1345,Wed,557,23.8,48.6,74.5,246.0,,,
NIFTY,W_1245_1400,Fri,542,25.6,57.8,82.5,338.6,,,
NIFTY,W_1245_1400,Mon,548,25.2,56.5,68.0,251.6,39,22.7,49.1
NIFTY,W_1245_1400,Thu,554,25.5,59.0,74.7,371.9,,,
NIFTY,W_1245_1400,Tue,552,26.5,59.9,78.1,194.7,,,
NIFTY,W_1245_1400,Wed,557,26.7,59.4,87.2,291.2,,,
NIFTY,W_1245_1415,Fri,542,29.8,65.0,93.1,338.6,,,
NIFTY,W_1245_1415,Mon,548,27.9,63.9,80.1,251.6,39,22.7,53.8
NIFTY,W_1245_1415,Thu,554,29.2,64.9,81.5,450.4,,,
NIFTY,W_1245_1415,Tue,552,30.0,66.6,95.2,206.9,,,
NIFTY,W_1245_1415,Wed,557,29.9,68.0,91.3,328.1,,,
NIFTY,W_1245_1430,Fri,542,33.0,71.7,97.5,338.6,,,
NIFTY,W_1245_1430,Mon,548,31.0,73.8,89.1,415.1,39,24.2,75.9
NIFTY,W_1245_1430,Thu,554,32.9,71.0,90.6,450.4,,,
NIFTY,W_1245_1430,Tue,552,34.1,79.6,100.6,206.9,,,
NIFTY,W_1245_1430,Wed,557,33.4,76.2,109.0,364.6,,,
NIFTY,W_1245_1445,Fri,542,35.5,79.8,101.4,338.6,,,
NIFTY,W_1245_1445,Mon,548,34.1,80.9,95.7,415.1,39,27.4,82.5
NIFTY,W_1245_1445,Thu,554,35.9,76.6,99.6,450.4,,,
NIFTY,W_1245_1445,Tue,552,36.8,85.6,109.5,213.3,,,
NIFTY,W_1245_1445,Wed,557,35.6,88.0,116.7,364.6,,,
NIFTY,W_1300_1330,Fri,542,15.5,33.8,43.3,178.9,,,
NIFTY,W_1300_1330,Mon,548,15.4,33.3,43.6,122.0,39,15.2,29.1
NIFTY,W_1300_1330,Thu,554,15.9,37.6,44.2,170.9,,,
NIFTY,W_1300_1330,Tue,552,16.4,36.5,45.9,144.2,,,
NIFTY,W_1300_1330,Wed,557,15.9,35.9,45.7,126.7,,,
NIFTY,W_1300_1345,Fri,542,20.2,41.6,57.9,213.1,,,
NIFTY,W_1300_1345,Mon,548,19.8,41.8,57.3,122.0,39,18.4,32.8
NIFTY,W_1300_1345,Thu,554,19.4,46.2,58.2,212.3,,,
NIFTY,W_1300_1345,Tue,552,19.6,42.6,57.1,148.7,,,
NIFTY,W_1300_1345,Wed,557,20.3,46.6,59.1,184.2,,,
NIFTY,W_1300_1400,Fri,542,23.7,52.7,73.0,213.1,,,
NIFTY,W_1300_1400,Mon,548,23.0,50.5,69.8,122.0,39,20.5,51.5
NIFTY,W_1300_1400,Thu,554,24.0,52.9,69.1,276.7,,,
NIFTY,W_1300_1400,Tue,552,23.5,54.9,69.4,201.5,,,
NIFTY,W_1300_1400,Wed,557,24.1,57.5,86.2,191.6,,,
NIFTY,W_1300_1415,Fri,542,27.5,59.7,88.3,229.5,,,
NIFTY,W_1300_1415,Mon,548,25.4,61.2,76.9,214.4,39,21.1,51.5
NIFTY,W_1300_1415,Thu,554,28.7,61.6,79.3,323.4,,,
NIFTY,W_1300_1415,Tue,552,27.7,63.5,82.4,204.9,,,
NIFTY,W_1300_1415,Wed,557,26.6,64.4,86.7,300.9,,,
NIFTY,W_1300_1430,Fri,542,29.4,69.5,96.2,269.2,,,
NIFTY,W_1300_1430,Mon,548,29.2,71.1,89.2,383.5,39,25.6,71.3
NIFTY,W_1300_1430,Thu,554,30.7,69.1,87.4,323.4,,,
NIFTY,W_1300_1430,Tue,552,31.3,71.3,91.9,204.9,,,
NIFTY,W_1300_1430,Wed,557,29.9,74.5,102.3,317.2,,,
NIFTY,W_1300_1445,Fri,542,33.5,76.2,100.0,270.7,,,
NIFTY,W_1300_1445,Mon,548,31.9,79.3,94.6,383.5,39,27.2,78.8
NIFTY,W_1300_1445,Thu,554,34.7,77.6,91.8,323.4,,,
NIFTY,W_1300_1445,Tue,552,34.1,78.2,103.1,226.7,,,
NIFTY,W_1300_1445,Wed,557,33.7,80.9,111.0,317.2,,,
NIFTY,W_1300_1500,Fri,542,37.1,87.2,109.9,270.7,,,
NIFTY,W_1300_1500,Mon,548,35.4,87.1,108.0,383.5,39,32.5,88.6
NIFTY,W_1300_1500,Thu,554,39.8,83.8,112.4,323.4,,,
NIFTY,W_1300_1500,Tue,552,37.2,88.5,111.7,321.3,,,
NIFTY,W_1300_1500,Wed,557,37.0,86.7,113.5,335.0,,,
NIFTY,W_1315_1345,Fri,542,16.8,36.4,45.4,205.7,,,
NIFTY,W_1315_1345,Mon,548,16.1,34.9,45.9,111.5,39,11.6,27.9
NIFTY,W_1315_1345,Thu,554,16.3,40.0,48.5,226.5,,,
NIFTY,W_1315_1345,Tue,552,16.4,33.6,44.6,103.7,,,
NIFTY,W_1315_1345,Wed,557,16.2,40.5,53.0,114.2,,,
NIFTY,W_1315_1400,Fri,542,21.2,48.6,59.7,205.7,,,
NIFTY,W_1315_1400,Mon,548,20.1,43.1,57.4,111.5,39,15.9,32.5
NIFTY,W_1315_1400,Thu,554,20.2,49.3,60.3,334.2,,,
NIFTY,W_1315_1400,Tue,552,20.7,44.4,59.5,172.4,,,
NIFTY,W_1315_1400,Wed,557,20.6,52.4,67.9,137.9,,,
NIFTY,W_1315_1415,Fri,542,25.4,59.7,80.6,264.1,,,
NIFTY,W_1315_1415,Mon,548,23.6,53.5,69.0,215.3,39,18.8,36.1
NIFTY,W_1315_1415,Thu,554,24.5,57.7,73.3,412.5,,,
NIFTY,W_1315_1415,Tue,552,25.4,56.3,75.0,178.9,,,
NIFTY,W_1315_1415,Wed,557,24.9,61.5,80.2,271.8,,,
NIFTY,W_1315_1430,Fri,542,27.8,68.3,91.8,303.9,,,
NIFTY,W_1315_1430,Mon,548,26.6,67.0,81.7,385.1,39,23.9,55.8
NIFTY,W_1315_1430,Thu,554,28.3,65.2,86.6,412.5,,,
NIFTY,W_1315_1430,Tue,552,29.1,67.5,89.0,199.4,,,
NIFTY,W_1315_1430,Wed,557,28.1,67.9,88.7,288.1,,,
NIFTY,W_1315_1445,Fri,542,32.0,73.9,100.3,303.9,,,
NIFTY,W_1315_1445,Mon,548,29.5,74.8,94.7,385.1,39,25.1,74.3
NIFTY,W_1315_1445,Thu,554,32.4,73.3,92.3,412.5,,,
NIFTY,W_1315_1445,Tue,552,32.7,75.2,98.9,199.4,,,
NIFTY,W_1315_1445,Wed,557,32.1,77.0,104.1,288.1,,,
NIFTY,W_1315_1500,Fri,542,36.0,85.1,108.5,303.9,,,
NIFTY,W_1315_1500,Mon,548,33.7,79.8,104.3,385.1,39,30.2,80.8
NIFTY,W_1315_1500,Thu,554,37.5,81.7,103.6,412.5,,,
NIFTY,W_1315_1500,Tue,552,36.3,81.8,110.3,341.2,,,
NIFTY,W_1315_1500,Wed,557,35.7,84.6,114.9,301.8,,,
NIFTY,W_1315_1515,Fri,542,38.7,93.3,113.2,303.9,,,
NIFTY,W_1315_1515,Mon,548,37.0,89.4,110.6,385.1,39,31.9,89.0
NIFTY,W_1315_1515,Thu,554,40.4,89.9,113.6,412.5,,,
NIFTY,W_1315_1515,Tue,552,39.5,92.0,118.8,425.9,,,
NIFTY,W_1315_1515,Wed,557,39.0,93.6,121.0,301.8,,,
NIFTY,W_1330_1400,Fri,542,17.3,40.7,52.2,196.6,,,
NIFTY,W_1330_1400,Mon,548,16.4,36.0,46.9,106.9,39,16.0,29.3
NIFTY,W_1330_1400,Thu,554,17.0,39.7,50.3,246.0,,,
NIFTY,W_1330_1400,Tue,553,18.2,41.2,53.6,146.0,,,
NIFTY,W_1330_1400,Wed,557,16.8,43.1,58.5,155.1,,,
NIFTY,W_1330_1415,Fri,542,23.1,50.6,67.1,315.4,,,
NIFTY,W_1330_1415,Mon,548,20.3,45.7,61.9,212.0,39,17.2,47.9
NIFTY,W_1330_1415,Thu,554,21.8,50.6,61.3,323.5,,,
NIFTY,W_1330_1415,Tue,553,22.0,53.6,69.5,149.4,,,
NIFTY,W_1330_1415,Wed,557,21.7,54.6,67.1,277.4,,,
NIFTY,W_1330_1430,Fri,542,26.3,60.3,78.9,341.4,,,
NIFTY,W_1330_1430,Mon,548,24.0,56.1,68.4,378.7,39,20.5,56.1
NIFTY,W_1330_1430,Thu,554,26.2,58.7,76.0,323.5,,,
NIFTY,W_1330_1430,Tue,553,26.8,63.4,84.9,184.1,,,
NIFTY,W_1330_1430,Wed,557,25.6,61.1,78.1,293.7,,,
NIFTY,W_1330_1445,Fri,542,29.4,69.9,89.4,369.2,,,
NIFTY,W_1330_1445,Mon,548,26.9,66.1,82.7,378.7,39,22.9,64.8
NIFTY,W_1330_1445,Thu,554,30.6,67.7,85.7,323.5,,,
NIFTY,W_1330_1445,Tue,553,30.2,72.9,92.9,184.1,,,
NIFTY,W_1330_1445,Wed,557,29.0,72.6,91.6,293.7,,,
NIFTY,W_1330_1500,Fri,542,33.8,75.5,98.4,369.2,,,
NIFTY,W_1330_1500,Mon,548,31.2,72.4,95.3,378.7,39,27.2,87.2
NIFTY,W_1330_1500,Thu,554,35.8,78.2,96.5,323.5,,,
NIFTY,W_1330_1500,Tue,553,34.0,81.8,104.8,324.0,,,
NIFTY,W_1330_1500,Wed,557,32.9,79.4,99.8,293.7,,,
NIFTY,W_1330_1515,Fri,542,36.7,84.0,111.5,369.2,,,
NIFTY,W_1330_1515,Mon,548,35.0,81.0,104.3,378.7,39,29.7,89.8
NIFTY,W_1330_1515,Thu,554,38.3,85.8,104.4,323.5,,,
NIFTY,W_1330_1515,Tue,553,37.3,89.0,114.1,408.9,,,
NIFTY,W_1330_1515,Wed,557,36.6,89.2,105.4,293.7,,,
NIFTY,W_1330_1520,Fri,542,37.1,84.5,111.9,369.2,,,
NIFTY,W_1330_1520,Mon,548,35.5,82.0,105.8,378.7,39,30.0,89.8
NIFTY,W_1330_1520,Thu,554,38.6,87.1,106.7,323.5,,,
NIFTY,W_1330_1520,Tue,553,38.0,92.7,115.6,408.9,,,
NIFTY,W_1330_1520,Wed,557,36.6,89.2,108.4,293.7,,,
NIFTY,W_1345_1415,Fri,542,19.1,44.0,56.0,373.7,,,
NIFTY,W_1345_1415,Mon,548,16.3,37.7,51.8,144.7,39,13.1,37.6
NIFTY,W_1345_1415,Thu,554,17.8,42.6,54.6,318.6,,,
NIFTY,W_1345_1415,Tue,553,17.3,43.0,60.7,132.3,,,
NIFTY,W_1345_1415,Wed,557,18.1,42.1,55.7,194.9,,,
NIFTY,W_1345_1430,Fri,542,22.6,53.5,68.9,374.4,,,
NIFTY,W_1345_1430,Mon,548,21.4,48.6,59.6,356.3,39,17.2,39.4
NIFTY,W_1345_1430,Thu,554,22.0,52.7,65.2,318.6,,,
NIFTY,W_1345_1430,Tue,553,22.7,55.5,72.8,139.3,,,
NIFTY,W_1345_1430,Wed,557,22.9,54.4,67.4,211.3,,,
NIFTY,W_1345_1445,Fri,542,27.0,62.0,81.3,374.4,,,
NIFTY,W_1345_1445,Mon,548,24.9,56.2,82.8,356.3,39,19.9,54.7
NIFTY,W_1345_1445,Thu,554,26.4,61.9,72.8,318.6,,,
NIFTY,W_1345_1445,Tue,553,26.2,67.0,87.5,154.3,,,
NIFTY,W_1345_1445,Wed,557,27.1,65.5,85.1,211.3,,,
NIFTY,W_1345_1500,Fri,542,31.8,70.0,92.6,374.4,,,
NIFTY,W_1345_1500,Mon,548,29.4,69.2,90.2,356.3,39,26.3,73.1
NIFTY,W_1345_1500,Thu,554,31.3,70.8,86.8,318.6,,,
NIFTY,W_1345_1500,Tue,553,31.5,75.1,98.5,263.4,,,
NIFTY,W_1345_1500,Wed,557,31.7,72.0,94.8,231.7,,,
NIFTY,W_1345_1515,Fri,542,35.5,74.9,97.2,374.4,,,
NIFTY,W_1345_1515,Mon,548,32.9,79.4,97.2,356.3,39,27.3,79.4
NIFTY,W_1345_1515,Thu,554,34.8,79.2,93.3,318.6,,,
NIFTY,W_1345_1515,Tue,553,34.7,82.1,108.0,348.8,,,
NIFTY,W_1345_1515,Wed,557,35.1,82.5,104.9,243.9,,,
NIFTY,W_1345_1520,Fri,542,35.7,75.5,100.6,374.4,,,
NIFTY,W_1345_1520,Mon,548,33.1,80.4,100.4,356.3,39,27.8,79.4
NIFTY,W_1345_1520,Thu,554,36.1,79.8,96.9,318.6,,,
NIFTY,W_1345_1520,Tue,553,35.3,85.2,109.4,348.8,,,
NIFTY,W_1345_1520,Wed,557,36.1,84.4,104.9,243.9,,,
NIFTY,W_1400_1430,Fri,542,18.8,47.3,57.6,224.9,,,
NIFTY,W_1400_1430,Mon,548,16.9,41.3,51.9,327.6,39,14.7,45.7
NIFTY,W_1400_1430,Thu,554,18.9,41.9,52.1,198.0,,,
NIFTY,W_1400_1430,Tue,553,18.0,44.1,54.6,116.8,,,
NIFTY,W_1400_1430,Wed,557,17.7,43.2,57.3,181.8,,,
NIFTY,W_1400_1445,Fri,542,23.1,53.4,66.6,253.1,,,
NIFTY,W_1400_1445,Mon,548,21.5,51.7,69.9,327.6,39,16.8,57.2
NIFTY,W_1400_1445,Thu,554,23.5,51.5,65.1,259.2,,,
NIFTY,W_1400_1445,Tue,553,21.8,54.1,68.2,121.6,,,
NIFTY,W_1400_1445,Wed,557,23.0,56.0,69.3,181.8,,,
NIFTY,W_1400_1500,Fri,542,28.7,64.6,79.2,253.1,,,
NIFTY,W_1400_1500,Mon,548,25.7,64.3,79.9,327.6,39,25.1,79.4
NIFTY,W_1400_1500,Thu,554,28.3,63.1,73.5,298.1,,,
NIFTY,W_1400_1500,Tue,553,26.8,64.2,81.9,259.9,,,
NIFTY,W_1400_1500,Wed,557,28.6,67.9,85.9,196.3,,,
NIFTY,W_1400_1515,Fri,542,32.4,71.1,85.8,253.1,,,
NIFTY,W_1400_1515,Mon,548,29.7,73.8,91.6,334.4,39,27.4,80.5
NIFTY,W_1400_1515,Thu,554,33.8,71.0,87.0,347.4,,,
NIFTY,W_1400_1515,Tue,553,31.6,73.9,92.6,345.4,,,
NIFTY,W_1400_1515,Wed,557,32.2,73.8,95.5,200.1,,,
NIFTY,W_1400_1520,Fri,542,32.8,72.1,87.1,253.1,,,
NIFTY,W_1400_1520,Mon,548,30.8,75.4,92.4,334.4,39,29.6,80.5
NIFTY,W_1400_1520,Thu,554,34.8,72.1,91.1,347.4,,,
NIFTY,W_1400_1520,Tue,553,32.2,76.3,94.7,345.4,,,
NIFTY,W_1400_1520,Wed,557,32.7,75.0,97.4,200.1,,,
SENSEX,W_0916_0946,Fri,275,26.9,51.1,63.6,106.7,,,
SENSEX,W_0916_0946,Mon,280,29.4,61.6,79.2,142.0,50,25.2,62.1
SENSEX,W_0916_0946,Thu,242,25.6,50.6,58.4,114.2,,,
SENSEX,W_0916_0946,Tue,279,26.0,53.0,61.9,224.7,,,
SENSEX,W_0916_0946,Wed,277,25.4,46.3,51.7,119.3,,,
SENSEX,W_0916_1001,Fri,275,31.3,58.3,77.4,119.5,,,
SENSEX,W_0916_1001,Mon,280,34.1,72.0,90.0,142.0,50,29.1,67.9
SENSEX,W_0916_1001,Thu,242,29.0,59.2,67.4,130.3,,,
SENSEX,W_0916_1001,Tue,279,31.3,58.0,70.1,224.7,,,
SENSEX,W_0916_1001,Wed,277,28.4,50.8,60.6,121.2,,,
SENSEX,W_0916_1016,Fri,275,34.6,65.9,85.2,149.4,,,
SENSEX,W_0916_1016,Mon,280,37.5,73.8,96.5,174.4,50,32.2,67.9
SENSEX,W_0916_1016,Thu,242,33.2,64.8,73.6,130.3,,,
SENSEX,W_0916_1016,Tue,279,34.9,63.4,73.8,224.7,,,
SENSEX,W_0916_1016,Wed,277,31.2,57.7,70.5,121.2,,,
SENSEX,W_0916_1031,Fri,275,37.9,74.9,88.8,162.9,,,
SENSEX,W_0916_1031,Mon,280,39.6,78.9,96.5,199.6,50,33.1,68.4
SENSEX,W_0916_1031,Thu,242,35.8,69.6,80.5,130.3,,,
SENSEX,W_0916_1031,Tue,279,37.8,69.2,81.1,224.7,,,
SENSEX,W_0916_1031,Wed,277,33.2,66.0,73.7,125.4,,,
SENSEX,W_0916_1046,Fri,275,38.8,81.7,90.9,162.9,,,
SENSEX,W_0916_1046,Mon,280,41.2,81.3,99.0,199.6,50,33.1,73.4
SENSEX,W_0916_1046,Thu,242,36.2,73.7,90.2,130.3,,,
SENSEX,W_0916_1046,Tue,279,39.8,74.4,85.6,224.7,,,
SENSEX,W_0916_1046,Wed,277,36.3,68.2,85.7,140.4,,,
SENSEX,W_0916_1101,Fri,275,40.1,86.8,100.9,179.2,,,
SENSEX,W_0916_1101,Mon,280,42.9,86.4,102.7,199.6,50,34.0,73.4
SENSEX,W_0916_1101,Thu,242,38.3,80.4,94.4,148.1,,,
SENSEX,W_0916_1101,Tue,279,39.9,75.7,92.1,275.9,,,
SENSEX,W_0916_1101,Wed,277,38.0,72.4,89.6,140.4,,,
SENSEX,W_0916_1116,Fri,275,42.1,89.8,108.2,179.2,,,
SENSEX,W_0916_1116,Mon,280,43.8,91.3,110.3,214.1,50,37.7,73.4
SENSEX,W_0916_1116,Thu,242,40.1,82.4,100.6,148.1,,,
SENSEX,W_0916_1116,Tue,279,40.6,77.9,92.1,400.1,,,
SENSEX,W_0916_1116,Wed,277,39.1,73.2,94.1,140.4,,,
SENSEX,W_0930_1000,Fri,275,22.3,50.0,59.4,128.3,,,
SENSEX,W_0930_1000,Mon,280,24.1,50.8,57.3,132.8,50,20.5,55.5
SENSEX,W_0930_1000,Thu,242,22.6,43.8,52.2,120.9,,,
SENSEX,W_0930_1000,Tue,279,22.3,45.5,57.6,211.2,,,
SENSEX,W_0930_1000,Wed,277,20.5,39.0,50.4,101.5,,,
SENSEX,W_0930_1015,Fri,275,27.8,54.2,66.8,137.7,,,
SENSEX,W_0930_1015,Mon,280,27.5,54.7,73.8,151.8,50,21.7,57.1
SENSEX,W_0930_1015,Thu,242,27.9,48.0,57.8,120.9,,,
SENSEX,W_0930_1015,Tue,279,26.6,52.9,67.2,211.2,,,
SENSEX,W_0930_1015,Wed,277,25.4,48.7,60.8,101.5,,,
SENSEX,W_0930_1030,Fri,275,32.4,62.3,82.0,147.7,,,
SENSEX,W_0930_1030,Mon,280,31.8,59.2,77.7,190.1,50,24.6,62.1
SENSEX,W_0930_1030,Thu,242,29.9,55.6,68.6,120.9,,,
SENSEX,W_0930_1030,Tue,279,29.7,61.6,71.4,211.2,,,
SENSEX,W_0930_1030,Wed,277,28.4,54.8,65.0,123.8,,,
SENSEX,W_0930_1045,Fri,275,34.6,71.4,90.4,151.2,,,
SENSEX,W_0930_1045,Mon,280,33.8,65.9,79.4,190.1,50,26.8,65.8
SENSEX,W_0930_1045,Thu,242,31.0,60.7,71.9,120.9,,,
SENSEX,W_0930_1045,Tue,279,31.3,68.3,84.0,211.2,,,
SENSEX,W_0930_1045,Wed,277,30.7,60.3,74.8,138.8,,,
SENSEX,W_0930_1100,Fri,275,36.0,72.9,96.0,171.9,,,
SENSEX,W_0930_1100,Mon,280,36.7,70.1,87.5,190.1,50,29.6,71.9
SENSEX,W_0930_1100,Thu,242,33.0,68.6,78.2,144.1,,,
SENSEX,W_0930_1100,Tue,279,33.9,74.2,88.3,211.2,,,
SENSEX,W_0930_1100,Wed,277,32.9,67.4,77.5,138.8,,,
SENSEX,W_0930_1115,Fri,275,37.8,78.4,97.9,186.7,,,
SENSEX,W_0930_1115,Mon,280,38.6,75.1,96.6,204.6,50,30.0,71.9
SENSEX,W_0930_1115,Thu,242,35.7,71.2,85.7,144.1,,,
SENSEX,W_0930_1115,Tue,279,35.0,77.3,93.3,211.2,,,
SENSEX,W_0930_1115,Wed,277,34.6,68.1,80.3,138.8,,,
SENSEX,W_0930_1130,Fri,275,38.6,78.4,101.4,186.7,,,
SENSEX,W_0930_1130,Mon,280,40.2,79.4,99.1,204.6,50,30.2,76.2
SENSEX,W_0930_1130,Thu,242,37.3,74.0,87.9,144.1,,,
SENSEX,W_0930_1130,Tue,279,36.2,80.6,97.1,211.2,,,
SENSEX,W_0930_1130,Wed,277,36.5,69.2,85.7,163.6,,,
SENSEX,W_0945_1015,Fri,275,21.2,46.4,52.4,107.7,,,
SENSEX,W_0945_1015,Mon,280,21.2,44.7,52.3,160.5,50,17.2,50.0
SENSEX,W_0945_1015,Thu,242,20.4,38.8,43.9,83.5,,,
SENSEX,W_0945_1015,Tue,279,19.7,42.8,50.0,113.0,,,
SENSEX,W_0945_1015,Wed,277,19.7,40.3,45.2,62.4,,,
SENSEX,W_0945_1030,Fri,275,25.3,54.3,59.6,110.7,,,
SENSEX,W_0945_1030,Mon,280,25.5,50.4,60.4,198.8,50,19.3,58.6
SENSEX,W_0945_1030,Thu,242,24.9,44.6,54.1,83.6,,,
SENSEX,W_0945_1030,Tue,279,24.1,52.0,59.3,117.3,,,
SENSEX,W_0945_1030,Wed,277,24.0,45.8,52.3,78.9,,,
SENSEX,W_0945_1045,Fri,275,28.8,58.3,65.5,114.8,,,
SENSEX,W_0945_1045,Mon,280,30.2,57.3,68.2,198.8,50,24.7,68.2
SENSEX,W_0945_1045,Thu,242,26.4,52.8,61.3,111.0,,,
SENSEX,W_0945_1045,Tue,279,26.6,54.4,67.5,125.2,,,
SENSEX,W_0945_1045,Wed,277,26.5,50.7,63.5,89.1,,,
SENSEX,W_0945_1100,Fri,275,31.8,59.8,78.2,144.3,,,
SENSEX,W_0945_1100,Mon,280,30.8,63.0,79.4,198.8,50,25.3,83.0
SENSEX,W_0945_1100,Thu,242,28.7,56.7,69.3,138.9,,,
SENSEX,W_0945_1100,Tue,279,27.9,62.1,71.7,147.2,,,
SENSEX,W_0945_1100,Wed,277,28.7,58.4,67.5,119.8,,,
SENSEX,W_0945_1115,Fri,275,34.7,65.2,81.3,159.1,,,
SENSEX,W_0945_1115,Mon,280,33.0,69.7,84.7,213.2,50,26.1,84.7
SENSEX,W_0945_1115,Thu,242,30.8,62.2,73.4,138.9,,,
SENSEX,W_0945_1115,Tue,279,30.2,66.9,74.4,275.1,,,
SENSEX,W_0945_1115,Wed,277,30.4,62.2,73.6,175.5,,,
SENSEX,W_0945_1130,Fri,275,36.1,68.6,84.5,159.1,,,
SENSEX,W_0945_1130,Mon,280,33.7,74.4,88.5,213.2,50,28.7,84.7
SENSEX,W_0945_1130,Thu,242,33.3,69.1,79.1,138.9,,,
SENSEX,W_0945_1130,Tue,279,32.0,68.9,80.0,275.1,,,
SENSEX,W_0945_1130,Wed,277,31.5,63.2,74.7,209.6,,,
SENSEX,W_0945_1145,Fri,275,37.7,72.3,88.9,159.1,,,
SENSEX,W_0945_1145,Mon,280,35.3,78.1,93.9,213.2,50,30.8,92.7
SENSEX,W_0945_1145,Thu,242,35.6,69.3,83.6,147.9,,,
SENSEX,W_0945_1145,Tue,279,33.0,70.2,85.9,275.1,,,
SENSEX,W_0945_1145,Wed,277,32.9,69.1,81.0,216.1,,,
SENSEX,W_1000_1030,Fri,275,18.8,42.4,48.4,78.6,,,
SENSEX,W_1000_1030,Mon,280,18.5,39.3,47.3,108.5,50,14.6,45.6
SENSEX,W_1000_1030,Thu,242,18.0,39.1,46.2,69.2,,,
SENSEX,W_1000_1030,Tue,279,17.6,36.9,47.5,116.2,,,
SENSEX,W_1000_1030,Wed,277,18.6,39.2,45.6,75.3,,,
SENSEX,W_1000_1045,Fri,275,23.5,48.3,58.1,93.6,,,
SENSEX,W_1000_1045,Mon,280,21.6,47.8,58.7,108.5,50,19.4,47.4
SENSEX,W_1000_1045,Thu,242,20.5,43.5,54.1,102.4,,,
SENSEX,W_1000_1045,Tue,279,20.9,46.1,66.6,154.0,,,
SENSEX,W_1000_1045,Wed,277,22.2,43.7,53.3,110.3,,,
SENSEX,W_1000_1100,Fri,275,26.7,55.8,68.8,111.9,,,
SENSEX,W_1000_1100,Mon,280,23.7,54.0,70.8,108.5,50,19.7,55.1
SENSEX,W_1000_1100,Thu,242,23.7,47.6,65.3,107.9,,,
SENSEX,W_1000_1100,Tue,279,23.3,50.9,69.3,194.6,,,
SENSEX,W_1000_1100,Wed,277,24.7,48.4,58.9,141.8,,,
SENSEX,W_1000_1115,Fri,275,28.8,60.9,72.5,126.6,,,
SENSEX,W_1000_1115,Mon,280,25.9,58.2,73.9,128.2,50,21.0,62.8
SENSEX,W_1000_1115,Thu,242,26.2,56.8,69.2,120.9,,,
SENSEX,W_1000_1115,Tue,279,25.3,56.1,80.0,323.4,,,
SENSEX,W_1000_1115,Wed,277,26.5,52.7,67.4,197.6,,,
SENSEX,W_1000_1130,Fri,275,29.9,63.8,74.2,138.3,,,
SENSEX,W_1000_1130,Mon,280,28.3,62.8,78.0,171.7,50,21.4,64.2
SENSEX,W_1000_1130,Thu,242,27.8,62.8,79.8,120.9,,,
SENSEX,W_1000_1130,Tue,279,27.1,57.4,87.6,323.4,,,
SENSEX,W_1000_1130,Wed,277,28.4,56.6,71.0,231.8,,,
SENSEX,W_1000_1145,Fri,275,32.0,66.7,79.9,150.9,,,
SENSEX,W_1000_1145,Mon,280,30.3,65.9,85.1,171.7,50,23.3,75.7
SENSEX,W_1000_1145,Thu,242,31.2,64.0,83.2,141.1,,,
SENSEX,W_1000_1145,Tue,279,29.1,61.2,90.0,323.4,,,
SENSEX,W_1000_1145,Wed,277,29.7,61.2,75.1,238.3,,,
SENSEX,W_1000_1200,Fri,275,32.7,68.8,84.4,150.9,,,
SENSEX,W_1000_1200,Mon,280,32.3,70.3,89.1,171.7,50,26.7,75.7
SENSEX,W_1000_1200,Thu,242,33.4,65.3,84.4,173.3,,,
SENSEX,W_1000_1200,Tue,279,30.0,65.9,92.5,361.0,,,
SENSEX,W_1000_1200,Wed,277,32.4,66.2,77.5,238.3,,,
SENSEX,W_1015_1045,Fri,275,18.9,42.0,52.1,72.3,,,
SENSEX,W_1015_1045,Mon,280,17.0,37.5,42.9,81.0,50,15.2,36.5
SENSEX,W_1015_1045,Thu,242,15.3,31.2,39.3,107.2,,,
SENSEX,W_1015_1045,Tue,279,16.0,42.0,51.3,129.3,,,
SENSEX,W_1015_1045,Wed,277,17.9,33.8,39.5,79.7,,,
SENSEX,W_1015_1100,Fri,275,21.5,51.4,60.9,101.5,,,
SENSEX,W_1015_1100,Mon,280,19.7,44.2,58.2,92.6,50,17.8,50.1
SENSEX,W_1015_1100,Thu,242,17.9,38.8,46.5,112.7,,,
SENSEX,W_1015_1100,Tue,279,18.9,46.7,57.0,224.8,,,
SENSEX,W_1015_1100,Wed,277,21.0,39.5,47.3,88.5,,,
SENSEX,W_1015_1115,Fri,275,24.9,56.1,66.0,116.2,,,
SENSEX,W_1015_1115,Mon,280,22.0,48.6,60.2,128.1,50,19.1,53.7
SENSEX,W_1015_1115,Thu,242,21.3,46.5,55.8,112.7,,,
SENSEX,W_1015_1115,Tue,279,21.5,51.7,64.1,353.2,,,
SENSEX,W_1015_1115,Wed,277,23.9,44.5,55.8,134.6,,,
SENSEX,W_1015_1130,Fri,275,26.7,58.0,73.2,134.3,,,
SENSEX,W_1015_1130,Mon,280,24.7,53.2,70.7,154.3,50,23.3,59.2
SENSEX,W_1015_1130,Thu,242,24.2,52.6,62.7,119.8,,,
SENSEX,W_1015_1130,Tue,279,24.1,52.8,69.1,353.2,,,
SENSEX,W_1015_1130,Wed,277,25.7,52.1,59.7,168.7,,,
SENSEX,W_1015_1145,Fri,275,28.6,59.0,83.3,146.9,,,
SENSEX,W_1015_1145,Mon,280,26.2,57.1,72.1,154.3,50,23.9,72.1
SENSEX,W_1015_1145,Thu,242,25.7,54.0,65.0,128.0,,,
SENSEX,W_1015_1145,Tue,279,26.5,57.7,73.0,353.2,,,
SENSEX,W_1015_1145,Wed,277,28.1,55.8,62.1,175.1,,,
SENSEX,W_1015_1200,Fri,275,30.4,63.7,88.5,146.9,,,
SENSEX,W_1015_1200,Mon,280,27.7,61.8,74.0,181.3,50,23.9,72.1
SENSEX,W_1015_1200,Thu,242,27.7,58.7,65.8,160.3,,,
SENSEX,W_1015_1200,Tue,279,28.6,59.8,76.3,390.7,,,
SENSEX,W_1015_1200,Wed,277,30.0,59.5,66.1,175.1,,,
SENSEX,W_1015_1215,Fri,275,31.6,67.0,90.0,180.1,,,
SENSEX,W_1015_1215,Mon,280,30.1,66.1,86.8,181.3,50,24.9,72.1
SENSEX,W_1015_1215,Thu,242,30.4,63.5,73.0,160.3,,,
SENSEX,W_1015_1215,Tue,279,30.1,64.5,82.4,557.2,,,
SENSEX,W_1015_1215,Wed,277,31.0,63.5,72.1,175.1,,,
SENSEX,W_1030_1100,Fri,275,15.4,35.0,48.8,80.8,,,
SENSEX,W_1030_1100,Mon,280,14.7,34.6,47.8,84.3,50,13.0,41.7
SENSEX,W_1030_1100,Thu,242,14.9,32.9,42.7,100.3,,,
SENSEX,W_1030_1100,Tue,279,15.4,33.1,46.3,184.9,,,
SENSEX,W_1030_1100,Wed,277,15.6,31.2,39.0,115.7,,,
SENSEX,W_1030_1115,Fri,275,19.0,43.9,54.0,112.1,,,
SENSEX,W_1030_1115,Mon,280,18.1,42.1,54.8,109.5,50,16.2,45.4
SENSEX,W_1030_1115,Thu,242,17.4,44.2,52.1,111.0,,,
SENSEX,W_1030_1115,Tue,279,18.6,39.9,50.5,313.8,,,
SENSEX,W_1030_1115,Wed,277,19.1,37.8,46.4,171.4,,,
SENSEX,W_1030_1130,Fri,275,22.4,49.7,58.5,112.1,,,
SENSEX,W_1030_1130,Mon,280,21.2,45.9,62.8,153.0,50,17.3,60.2
SENSEX,W_1030_1130,Thu,242,20.0,49.0,59.0,111.0,,,
SENSEX,W_1030_1130,Tue,279,21.7,43.0,58.8,313.8,,,
SENSEX,W_1030_1130,Wed,277,21.7,43.0,51.7,205.6,,,
SENSEX,W_1030_1145,Fri,275,24.0,53.6,64.3,112.1,,,
SENSEX,W_1030_1145,Mon,280,22.5,52.5,73.9,153.0,50,19.3,67.7
SENSEX,W_1030_1145,Thu,242,22.7,50.9,64.3,120.0,,,
SENSEX,W_1030_1145,Tue,279,24.5,53.4,70.2,313.8,,,
SENSEX,W_1030_1145,Wed,277,23.8,47.4,55.9,212.0,,,
SENSEX,W_1030_1200,Fri,275,26.5,57.1,72.1,149.6,,,
SENSEX,W_1030_1200,Mon,280,24.4,56.6,78.1,153.0,50,20.1,67.7
SENSEX,W_1030_1200,Thu,242,25.1,53.1,65.8,152.3,,,
SENSEX,W_1030_1200,Tue,279,26.2,54.3,70.5,351.4,,,
SENSEX,W_1030_1200,Wed,277,25.9,52.5,62.4,212.0,,,
SENSEX,W_1030_1215,Fri,275,28.7,59.7,73.7,149.6,,,
SENSEX,W_1030_1215,Mon,280,27.1,66.4,84.8,153.0,50,21.7,67.7
SENSEX,W_1030_1215,Thu,242,28.5,59.3,70.1,152.3,,,
SENSEX,W_1030_1215,Tue,279,29.4,56.8,70.5,518.6,,,
SENSEX,W_1030_1215,Wed,277,27.4,57.0,65.1,212.0,,,
SENSEX,W_1030_1230,Fri,275,30.2,62.7,78.5,157.0,,,
SENSEX,W_1030_1230,Mon,280,29.7,68.6,91.8,153.0,50,23.6,67.7
SENSEX,W_1030_1230,Thu,242,30.4,64.3,73.1,152.3,,,
SENSEX,W_1030_1230,Tue,279,30.5,63.4,79.5,595.4,,,
SENSEX,W_1030_1230,Wed,277,30.1,59.2,66.5,212.0,,,
SENSEX,W_1045_1115,Fri,275,15.2,33.8,41.7,108.6,,,
SENSEX,W_1045_1115,Mon,280,14.7,35.7,44.3,93.8,50,11.3,44.3
SENSEX,W_1045_1115,Thu,242,13.9,34.9,39.1,80.1,,,
SENSEX,W_1045_1115,Tue,279,14.2,31.1,41.6,232.6,,,
SENSEX,W_1045_1115,Wed,277,15.7,31.9,39.1,135.2,,,
SENSEX,W_1045_1130,Fri,275,18.9,41.8,50.4,108.6,,,
SENSEX,W_1045_1130,Mon,280,17.3,40.7,52.9,115.6,50,15.0,51.9
SENSEX,W_1045_1130,Thu,242,17.9,41.9,49.6,80.1,,,
SENSEX,W_1045_1130,Tue,279,17.8,40.6,50.0,232.6,,,
SENSEX,W_1045_1130,Wed,277,18.6,39.1,45.8,169.3,,,
SENSEX,W_1045_1145,Fri,275,21.5,47.6,60.2,108.6,,,
SENSEX,W_1045_1145,Mon,280,19.4,48.5,62.0,115.6,50,16.2,64.9
SENSEX,W_1045_1145,Thu,242,21.0,42.6,51.0,112.6,,,
SENSEX,W_1045_1145,Tue,279,20.9,46.6,56.4,232.6,,,
SENSEX,W_1045_1145,Wed,277,22.2,43.7,48.8,175.7,,,
SENSEX,W_1045_1200,Fri,275,23.2,52.9,63.7,159.9,,,
SENSEX,W_1045_1200,Mon,280,21.2,51.2,64.6,115.6,50,17.7,64.9
SENSEX,W_1045_1200,Thu,242,22.4,47.3,55.5,144.9,,,
SENSEX,W_1045_1200,Tue,279,23.3,51.4,59.5,270.6,,,
SENSEX,W_1045_1200,Wed,277,24.9,47.1,56.1,175.7,,,
SENSEX,W_1045_1215,Fri,275,25.7,54.4,67.5,159.9,,,
SENSEX,W_1045_1215,Mon,280,24.0,58.5,77.0,115.6,50,19.0,64.9
SENSEX,W_1045_1215,Thu,242,24.6,53.5,66.3,144.9,,,
SENSEX,W_1045_1215,Tue,279,25.2,53.1,66.4,439.2,,,
SENSEX,W_1045_1215,Wed,277,27.1,52.0,58.6,175.7,,,
SENSEX,W_1045_1230,Fri,275,29.2,58.8,71.2,167.4,,,
SENSEX,W_1045_1230,Mon,280,26.3,65.7,85.3,118.9,50,21.8,64.9
SENSEX,W_1045_1230,Thu,242,27.0,56.7,71.7,144.9,,,
SENSEX,W_1045_1230,Tue,279,27.0,56.4,78.3,516.6,,,
SENSEX,W_1045_1230,Wed,277,28.2,56.9,62.8,175.7,,,
SENSEX,W_1045_1245,Fri,275,30.9,67.3,79.9,167.4,,,
SENSEX,W_1045_1245,Mon,280,30.1,75.6,94.9,118.9,50,25.4,69.9
SENSEX,W_1045_1245,Thu,242,29.0,62.5,75.3,144.9,,,
SENSEX,W_1045_1245,Tue,279,29.3,61.7,81.7,516.6,,,
SENSEX,W_1045_1245,Wed,277,30.8,61.1,74.9,175.7,,,
SENSEX,W_1100_1130,Fri,275,15.4,34.5,45.4,65.4,,,
SENSEX,W_1100_1130,Mon,280,14.7,31.5,39.9,78.1,50,13.2,33.2
SENSEX,W_1100_1130,Thu,242,14.2,32.5,44.2,74.5,,,
SENSEX,W_1100_1130,Tue,279,14.2,32.6,42.4,157.4,,,
SENSEX,W_1100_1130,Wed,277,14.1,29.2,35.4,91.3,,,
SENSEX,W_1100_1145,Fri,275,18.1,43.5,52.6,91.7,,,
SENSEX,W_1100_1145,Mon,280,17.2,39.9,45.5,85.6,50,14.4,41.3
SENSEX,W_1100_1145,Thu,242,17.4,37.1,46.3,117.2,,,
SENSEX,W_1100_1145,Tue,279,17.1,45.9,55.6,157.4,,,
SENSEX,W_1100_1145,Wed,277,16.6,35.5,42.3,97.7,,,
SENSEX,W_1100_1200,Fri,275,20.4,45.4,61.0,143.3,,,
SENSEX,W_1100_1200,Mon,280,19.9,44.8,53.2,93.8,50,15.6,44.7
SENSEX,W_1100_1200,Thu,242,20.6,43.4,53.4,149.5,,,
SENSEX,W_1100_1200,Tue,279,18.9,49.2,61.9,195.7,,,
SENSEX,W_1100_1200,Wed,277,20.3,40.6,50.4,97.7,,,
SENSEX,W_1100_1215,Fri,275,23.0,49.8,61.2,143.3,,,
SENSEX,W_1100_1215,Mon,280,22.5,52.1,64.8,117.6,50,17.7,53.2
SENSEX,W_1100_1215,Thu,242,23.5,52.8,62.7,149.5,,,
SENSEX,W_1100_1215,Tue,279,22.4,52.0,68.3,365.6,,,
SENSEX,W_1100_1215,Wed,277,22.5,46.7,55.8,97.7,,,
SENSEX,W_1100_1230,Fri,275,25.4,56.0,68.5,150.7,,,
SENSEX,W_1100_1230,Mon,280,25.8,62.0,71.8,117.7,50,20.6,55.8
SENSEX,W_1100_1230,Thu,242,25.0,53.7,64.2,149.5,,,
SENSEX,W_1100_1230,Tue,279,24.9,56.8,73.3,443.6,,,
SENSEX,W_1100_1230,Wed,277,25.1,50.8,61.0,97.7,,,
SENSEX,W_1100_1245,Fri,275,28.1,66.5,75.2,150.7,,,
SENSEX,W_1100_1245,Mon,280,27.7,66.5,78.2,117.7,50,20.6,70.6
SENSEX,W_1100_1245,Thu,242,27.7,59.6,71.8,149.5,,,
SENSEX,W_1100_1245,Tue,279,26.4,63.7,73.9,443.6,,,
SENSEX,W_1100_1245,Wed,277,27.2,56.3,69.0,109.9,,,
SENSEX,W_1100_1300,Fri,275,29.9,68.0,85.6,174.5,,,
SENSEX,W_1100_1300,Mon,280,30.1,73.0,85.8,240.4,50,24.5,85.5
SENSEX,W_1100_1300,Thu,242,29.7,61.7,76.9,149.5,,,
SENSEX,W_1100_1300,Tue,279,28.9,68.5,83.2,443.6,,,
SENSEX,W_1100_1300,Wed,277,29.1,61.0,78.0,121.1,,,
SENSEX,W_1115_1145,Fri,275,14.4,30.2,40.8,65.9,,,
SENSEX,W_1115_1145,Mon,280,13.9,32.9,42.8,75.0,50,10.6,43.3
SENSEX,W_1115_1145,Thu,242,13.4,31.0,40.4,97.3,,,
SENSEX,W_1115_1145,Tue,279,14.0,35.6,49.5,99.8,,,
SENSEX,W_1115_1145,Wed,277,13.9,29.8,37.0,69.3,,,
SENSEX,W_1115_1200,Fri,275,18.1,36.5,49.2,139.1,,,
SENSEX,W_1115_1200,Mon,280,16.6,38.4,49.9,96.7,50,14.8,50.3
SENSEX,W_1115_1200,Thu,242,17.4,37.0,45.7,129.7,,,
SENSEX,W_1115_1200,Tue,279,16.8,41.8,55.1,129.4,,,
SENSEX,W_1115_1200,Wed,277,16.7,37.7,44.4,69.3,,,
SENSEX,W_1115_1215,Fri,275,20.2,40.3,56.0,139.1,,,
SENSEX,W_1115_1215,Mon,280,20.0,45.0,57.8,96.7,50,17.3,50.3
SENSEX,W_1115_1215,Thu,242,20.6,45.8,55.2,129.7,,,
SENSEX,W_1115_1215,Tue,279,19.6,47.6,61.9,261.9,,,
SENSEX,W_1115_1215,Wed,277,19.5,41.8,51.1,73.3,,,
SENSEX,W_1115_1230,Fri,275,22.8,48.1,64.9,146.5,,,
SENSEX,W_1115_1230,Mon,280,23.3,50.6,67.1,105.4,50,18.6,57.9
SENSEX,W_1115_1230,Thu,242,23.6,48.8,57.0,129.7,,,
SENSEX,W_1115_1230,Tue,279,22.4,52.2,68.1,340.8,,,
SENSEX,W_1115_1230,Wed,277,21.2,49.2,56.7,79.4,,,
SENSEX,W_1115_1245,Fri,275,26.2,58.0,73.1,146.5,,,
SENSEX,W_1115_1245,Mon,280,26.2,59.0,74.8,105.4,50,21.7,74.7
SENSEX,W_1115_1245,Thu,242,25.4,56.2,66.0,129.7,,,
SENSEX,W_1115_1245,Tue,279,25.2,55.0,70.8,340.8,,,
SENSEX,W_1115_1245,Wed,277,25.0,52.3,64.0,97.3,,,
SENSEX,W_1115_1300,Fri,275,28.2,58.9,78.3,170.3,,,
SENSEX,W_1115_1300,Mon,280,28.6,63.4,83.0,254.7,50,22.1,83.0
SENSEX,W_1115_1300,Thu,242,28.1,62.5,74.1,134.4,,,
SENSEX,W_1115_1300,Tue,279,28.2,64.9,76.9,340.8,,,
SENSEX,W_1115_1300,Wed,277,26.5,59.1,70.8,116.1,,,
SENSEX,W_1115_1315,Fri,275,29.7,65.6,82.0,177.8,,,
SENSEX,W_1115_1315,Mon,280,29.4,66.6,86.6,254.7,50,24.4,86.6
SENSEX,W_1115_1315,Thu,242,28.8,67.4,81.0,160.5,,,
SENSEX,W_1115_1315,Tue,279,30.0,69.5,89.6,340.8,,,
SENSEX,W_1115_1315,Wed,277,29.9,62.6,73.5,121.3,,,
SENSEX,W_1130_1200,Fri,274,14.5,30.1,34.6,127.6,,,
SENSEX,W_1130_1200,Mon,280,14.0,29.1,35.9,72.7,50,12.9,30.5
SENSEX,W_1130_1200,Thu,242,13.0,27.5,36.1,87.6,,,
SENSEX,W_1130_1200,Tue,279,13.5,32.3,46.7,137.4,,,
SENSEX,W_1130_1200,Wed,277,15.4,30.4,36.1,81.1,,,
SENSEX,W_1130_1215,Fri,274,16.7,36.0,45.7,127.6,,,
SENSEX,W_1130_1215,Mon,280,16.5,38.9,51.0,79.6,50,16.5,49.6
SENSEX,W_1130_1215,Thu,242,16.3,37.2,49.2,113.8,,,
SENSEX,W_1130_1215,Tue,279,17.5,35.9,51.2,308.3,,,
SENSEX,W_1130_1215,Wed,277,17.6,34.9,45.5,81.1,,,
SENSEX,W_1130_1230,Fri,274,20.4,43.6,52.4,135.0,,,
SENSEX,W_1130_1230,Mon,280,19.5,50.1,60.2,98.8,50,18.6,54.4
SENSEX,W_1130_1230,Thu,242,20.5,41.5,56.3,120.9,,,
SENSEX,W_1130_1230,Tue,279,20.7,42.0,64.5,386.7,,,
SENSEX,W_1130_1230,Wed,277,20.4,43.6,55.2,81.1,,,
SENSEX,W_1130_1245,Fri,274,22.9,52.3,63.3,135.0,,,
SENSEX,W_1130_1245,Mon,280,23.1,56.4,68.0,98.8,50,20.5,57.7
SENSEX,W_1130_1245,Thu,242,22.7,49.3,64.9,120.9,,,
SENSEX,W_1130_1245,Tue,279,23.3,48.8,65.9,386.7,,,
SENSEX,W_1130_1245,Wed,277,23.0,46.2,60.7,102.2,,,
SENSEX,W_1130_1300,Fri,274,24.8,56.2,69.3,158.7,,,
SENSEX,W_1130_1300,Mon,280,26.3,63.0,78.5,191.9,50,25.2,84.6
SENSEX,W_1130_1300,Thu,242,24.9,56.4,71.2,134.9,,,
SENSEX,W_1130_1300,Tue,279,25.0,57.0,71.9,386.7,,,
SENSEX,W_1130_1300,Wed,277,25.0,54.5,70.5,121.0,,,
SENSEX,W_1130_1315,Fri,274,26.7,61.1,71.3,166.2,,,
SENSEX,W_1130_1315,Mon,280,27.7,70.1,82.1,191.9,50,25.2,88.0
SENSEX,W_1130_1315,Thu,242,26.4,64.2,83.8,160.9,,,
SENSEX,W_1130_1315,Tue,279,26.4,64.5,81.3,386.7,,,
SENSEX,W_1130_1315,Wed,277,28.3,61.0,74.6,122.2,,,
SENSEX,W_1130_1330,Fri,274,28.2,63.5,75.2,166.2,,,
SENSEX,W_1130_1330,Mon,280,29.1,70.9,85.3,226.1,50,26.1,93.4
SENSEX,W_1130_1330,Thu,242,27.8,70.3,87.6,160.9,,,
SENSEX,W_1130_1330,Tue,279,29.1,70.0,91.8,386.7,,,
SENSEX,W_1130_1330,Wed,277,29.5,67.0,77.5,122.2,,,
SENSEX,W_1145_1215,Fri,275,13.0,29.5,37.2,98.2,,,
SENSEX,W_1145_1215,Mon,280,13.7,31.5,41.6,70.7,50,12.6,39.1
SENSEX,W_1145_1215,Thu,242,13.5,30.0,38.8,112.6,,,
SENSEX,W_1145_1215,Tue,279,13.4,30.5,38.9,282.7,,,
SENSEX,W_1145_1215,Wed,276,13.6,27.6,32.9,69.8,,,
SENSEX,W_1145_1230,Fri,275,16.4,39.7,45.9,105.5,,,
SENSEX,W_1145_1230,Mon,280,17.0,38.4,48.5,88.3,50,15.0,48.5
SENSEX,W_1145_1230,Thu,242,17.2,35.3,43.1,119.7,,,
SENSEX,W_1145_1230,Tue,279,16.7,35.0,49.1,361.4,,,
SENSEX,W_1145_1230,Wed,276,15.9,33.0,42.0,69.8,,,
SENSEX,W_1145_1245,Fri,275,19.2,46.7,55.1,118.3,,,
SENSEX,W_1145_1245,Mon,280,20.5,46.7,56.5,100.6,50,18.3,56.5
SENSEX,W_1145_1245,Thu,242,19.7,44.4,55.2,119.7,,,
SENSEX,W_1145_1245,Tue,279,21.2,44.2,56.7,361.4,,,
SENSEX,W_1145_1245,Wed,276,19.5,41.4,50.6,97.1,,,
SENSEX,W_1145_1300,Fri,275,21.0,52.3,62.7,129.2,,,
SENSEX,W_1145_1300,Mon,280,22.8,52.8,69.0,184.3,50,21.5,63.3
SENSEX,W_1145_1300,Thu,242,22.7,50.1,61.4,119.7,,,
SENSEX,W_1145_1300,Tue,279,23.7,49.3,65.1,361.4,,,
SENSEX,W_1145_1300,Wed,276,22.6,50.1,61.3,115.8,,,
SENSEX,W_1145_1315,Fri,275,23.3,59.0,68.0,136.7,,,
SENSEX,W_1145_1315,Mon,280,24.7,56.5,75.5,184.3,50,23.2,63.3
SENSEX,W_1145_1315,Thu,242,24.4,59.3,73.7,134.8,,,
SENSEX,W_1145_1315,Tue,279,25.9,59.7,78.9,361.4,,,
SENSEX,W_1145_1315,Wed,276,25.2,54.5,66.5,116.5,,,
SENSEX,W_1145_1330,Fri,275,25.3,59.5,71.7,143.3,,,
SENSEX,W_1145_1330,Mon,280,26.9,59.1,79.8,218.4,50,23.7,95.9
SENSEX,W_1145_1330,Thu,242,26.6,68.3,84.2,142.5,,,
SENSEX,W_1145_1330,Tue,279,27.1,65.2,81.2,361.4,,,
SENSEX,W_1145_1330,Wed,276,27.2,57.0,68.4,116.5,,,
SENSEX,W_1145_1345,Fri,275,28.4,66.7,82.6,171.0,,,
SENSEX,W_1145_1345,Mon,280,28.5,63.3,85.6,251.7,50,24.8,95.9
SENSEX,W_1145_1345,Thu,242,28.4,69.1,91.0,158.7,,,
SENSEX,W_1145_1345,Tue,279,29.6,70.9,87.7,361.4,,,
SENSEX,W_1145_1345,Wed,276,28.7,63.4,72.1,116.5,,,
SENSEX,W_1200_1230,Fri,275,13.7,32.6,38.8,92.8,,,
SENSEX,W_1200_1230,Mon,280,14.4,33.2,41.8,84.1,50,11.8,43.5
SENSEX,W_1200_1230,Thu,242,13.7,28.3,35.3,112.0,,,
SENSEX,W_1200_1230,Tue,279,13.9,29.2,37.9,279.5,,,
SENSEX,W_1200_1230,Wed,276,13.1,27.7,33.0,64.5,,,
SENSEX,W_1200_1245,Fri,275,17.3,41.6,50.1,114.7,,,
SENSEX,W_1200_1245,Mon,280,17.5,42.7,52.1,93.0,50,15.1,52.1
SENSEX,W_1200_1245,Thu,242,17.9,38.8,43.5,112.0,,,
SENSEX,W_1200_1245,Tue,279,18.1,37.4,47.6,279.5,,,
SENSEX,W_1200_1245,Wed,276,16.5,34.1,43.1,95.6,,,
SENSEX,W_1200_1300,Fri,275,19.6,45.1,56.1,146.4,,,
SENSEX,W_1200_1300,Mon,280,20.5,49.9,59.6,172.1,50,18.1,58.2
SENSEX,W_1200_1300,Thu,242,19.5,45.0,53.9,112.0,,,
SENSEX,W_1200_1300,Tue,279,21.9,46.5,56.6,279.5,,,
SENSEX,W_1200_1300,Wed,276,19.5,41.5,51.8,114.4,,,
SENSEX,W_1200_1315,Fri,275,21.4,52.0,62.0,146.4,,,
SENSEX,W_1200_1315,Mon,280,23.2,52.8,63.7,172.1,50,20.2,83.1
SENSEX,W_1200_1315,Thu,242,23.4,52.6,63.8,129.8,,,
SENSEX,W_1200_1315,Tue,279,24.3,52.6,78.5,279.5,,,
SENSEX,W_1200_1315,Wed,276,21.4,49.1,62.2,115.0,,,
SENSEX,W_1200_1330,Fri,275,24.1,52.8,66.4,149.9,,,
SENSEX,W_1200_1330,Mon,280,25.0,54.9,72.1,206.3,50,24.0,90.4
SENSEX,W_1200_1330,Thu,242,25.5,57.3,71.3,141.7,,,
SENSEX,W_1200_1330,Tue,279,25.2,55.9,79.4,279.5,,,
SENSEX,W_1200_1330,Wed,276,24.5,53.0,66.7,115.0,,,
SENSEX,W_1200_1345,Fri,275,26.9,59.5,71.1,170.9,,,
SENSEX,W_1200_1345,Mon,280,26.6,62.7,80.9,239.5,50,24.5,90.4
SENSEX,W_1200_1345,Thu,242,27.0,62.5,85.7,166.9,,,
SENSEX,W_1200_1345,Tue,279,29.2,62.5,85.9,279.5,,,
SENSEX,W_1200_1345,Wed,276,26.2,61.5,72.4,115.0,,,
SENSEX,W_1200_1400,Fri,275,30.2,67.3,82.8,170.9,,,
SENSEX,W_1200_1400,Mon,280,28.5,67.2,87.0,251.9,50,25.8,90.4
SENSEX,W_1200_1400,Thu,242,28.0,66.7,87.9,193.2,,,
SENSEX,W_1200_1400,Tue,279,31.5,76.1,94.8,279.5,,,
SENSEX,W_1200_1400,Wed,276,28.5,66.5,82.4,115.0,,,
SENSEX,W_1215_1245,Fri,275,14.5,32.5,42.2,113.2,,,
SENSEX,W_1215_1245,Mon,280,14.5,30.0,38.4,62.5,50,11.9,31.4
SENSEX,W_1215_1245,Thu,242,13.9,31.6,38.0,58.2,,,
SENSEX,W_1215_1245,Tue,279,13.8,33.8,47.3,182.3,,,
SENSEX,W_1215_1245,Wed,276,12.7,27.6,37.5,122.2,,,
SENSEX,W_1215_1300,Fri,275,17.4,41.0,45.3,162.7,,,
SENSEX,W_1215_1300,Mon,280,17.0,37.3,45.5,223.8,50,14.2,53.2
SENSEX,W_1215_1300,Thu,242,17.0,40.0,45.7,81.6,,,
SENSEX,W_1215_1300,Tue,279,16.8,41.2,56.8,182.3,,,
SENSEX,W_1215_1300,Wed,276,16.1,36.0,46.5,141.1,,,
SENSEX,W_1215_1315,Fri,275,20.1,45.3,55.6,162.7,,,
SENSEX,W_1215_1315,Mon,280,19.8,39.7,54.4,223.8,50,16.5,56.8
SENSEX,W_1215_1315,Thu,242,19.4,45.0,55.4,110.6,,,
SENSEX,W_1215_1315,Tue,279,20.1,54.4,67.2,201.7,,,
SENSEX,W_1215_1315,Wed,276,19.6,39.7,56.2,141.7,,,
SENSEX,W_1215_1330,Fri,275,22.0,47.2,63.9,166.2,,,
SENSEX,W_1215_1330,Mon,280,22.0,45.5,57.9,258.1,50,19.2,56.8
SENSEX,W_1215_1330,Thu,242,21.8,50.1,74.0,143.4,,,
SENSEX,W_1215_1330,Tue,279,22.8,57.9,70.9,201.7,,,
SENSEX,W_1215_1330,Wed,276,22.2,43.4,60.1,141.7,,,
SENSEX,W_1215_1345,Fri,275,24.3,56.9,70.6,180.4,,,
SENSEX,W_1215_1345,Mon,280,24.1,50.5,68.7,291.5,50,21.6,56.8
SENSEX,W_1215_1345,Thu,242,24.7,57.9,75.0,161.5,,,
SENSEX,W_1215_1345,Tue,279,26.3,61.8,71.7,201.7,,,
SENSEX,W_1215_1345,Wed,276,24.2,55.5,72.1,141.7,,,
SENSEX,W_1215_1400,Fri,275,27.6,63.3,78.5,180.4,,,
SENSEX,W_1215_1400,Mon,280,26.1,56.8,77.1,304.0,50,25.9,60.9
SENSEX,W_1215_1400,Thu,242,25.7,63.9,85.5,181.5,,,
SENSEX,W_1215_1400,Tue,279,29.0,68.9,83.3,240.7,,,
SENSEX,W_1215_1400,Wed,276,26.8,63.3,75.1,141.7,,,
SENSEX,W_1215_1415,Fri,275,30.6,71.2,90.9,186.8,,,
SENSEX,W_1215_1415,Mon,280,28.4,63.8,78.8,304.0,50,26.3,66.6
SENSEX,W_1215_1415,Thu,242,29.1,75.0,90.0,216.5,,,
SENSEX,W_1215_1415,Tue,279,30.6,77.6,103.3,240.7,,,
SENSEX,W_1215_1415,Wed,276,29.0,67.9,80.2,142.4,,,
SENSEX,W_1230_1300,Fri,275,14.0,33.3,37.8,158.7,,,
SENSEX,W_1230_1300,Mon,280,15.1,33.2,38.5,186.4,50,13.3,36.3
SENSEX,W_1230_1300,Thu,242,14.0,32.2,37.6,61.7,,,
SENSEX,W_1230_1300,Tue,279,12.9,36.8,50.0,245.0,,,
SENSEX,W_1230_1300,Wed,276,13.8,30.4,39.5,65.6,,,
SENSEX,W_1230_1315,Fri,275,17.1,41.1,45.8,158.7,,,
SENSEX,W_1230_1315,Mon,280,17.0,36.8,45.8,186.4,50,16.6,36.3
SENSEX,W_1230_1315,Thu,242,16.1,37.3,49.7,126.8,,,
SENSEX,W_1230_1315,Tue,279,15.9,46.9,64.9,245.0,,,
SENSEX,W_1230_1315,Wed,276,15.9,37.7,49.3,103.8,,,
SENSEX,W_1230_1330,Fri,275,19.0,45.0,52.8,162.2,,,
SENSEX,W_1230_1330,Mon,280,20.5,42.3,48.8,220.6,50,19.0,47.7
SENSEX,W_1230_1330,Thu,242,19.4,47.7,61.7,139.4,,,
SENSEX,W_1230_1330,Tue,279,20.0,50.9,71.4,290.7,,,
SENSEX,W_1230_1330,Wed,276,19.0,39.8,55.3,103.8,,,
SENSEX,W_1230_1345,Fri,275,23.1,54.3,63.4,176.4,,,
SENSEX,W_1230_1345,Mon,280,24.1,46.9,58.8,253.9,50,22.5,47.7
SENSEX,W_1230_1345,Thu,242,22.6,54.6,72.4,159.6,,,
SENSEX,W_1230_1345,Tue,279,24.3,57.0,77.5,290.7,,,
SENSEX,W_1230_1345,Wed,276,22.6,48.3,60.5,103.8,,,
SENSEX,W_1230_1400,Fri,275,26.7,61.1,68.3,176.4,,,
SENSEX,W_1230_1400,Mon,280,26.0,54.4,66.5,266.3,50,23.0,48.8
SENSEX,W_1230_1400,Thu,242,25.0,59.2,73.5,185.9,,,
SENSEX,W_1230_1400,Tue,279,26.0,60.5,78.4,349.4,,,
SENSEX,W_1230_1400,Wed,276,23.8,56.0,71.4,103.8,,,
SENSEX,W_1230_1415,Fri,275,29.9,65.1,83.5,179.5,,,
SENSEX,W_1230_1415,Mon,280,28.7,60.5,72.5,266.3,50,23.0,48.8
SENSEX,W_1230_1415,Thu,242,27.7,69.5,85.8,212.6,,,
SENSEX,W_1230_1415,Tue,279,27.9,73.0,92.4,349.4,,,
SENSEX,W_1230_1415,Wed,276,26.2,63.2,80.1,138.0,,,
SENSEX,W_1230_1430,Fri,275,31.9,69.7,90.6,188.8,,,
SENSEX,W_1230_1430,Mon,280,30.1,64.2,82.4,267.6,50,29.4,75.2
SENSEX,W_1230_1430,Thu,242,29.0,74.8,90.3,226.7,,,
SENSEX,W_1230_1430,Tue,279,30.1,77.3,102.1,349.4,,,
SENSEX,W_1230_1430,Wed,276,29.7,65.3,82.2,139.9,,,
SENSEX,W_1245_1315,Fri,275,14.2,29.8,39.9,74.8,,,
SENSEX,W_1245_1315,Mon,280,13.4,32.5,38.9,208.0,50,12.5,35.6
SENSEX,W_1245_1315,Thu,242,13.4,30.2,39.1,108.2,,,
SENSEX,W_1245_1315,Tue,279,14.5,35.4,44.6,196.3,,,
SENSEX,W_1245_1315,Wed,276,14.4,32.3,41.4,99.6,,,
SENSEX,W_1245_1330,Fri,275,17.1,39.0,44.7,74.8,,,
SENSEX,W_1245_1330,Mon,280,16.7,40.0,47.6,242.2,50,16.0,45.5
SENSEX,W_1245_1330,Thu,242,17.0,37.1,50.1,128.9,,,
SENSEX,W_1245_1330,Tue,279,17.6,42.9,52.4,196.3,,,
SENSEX,W_1245_1330,Wed,276,17.8,39.9,46.5,99.6,,,
SENSEX,W_1245_1345,Fri,275,20.9,48.1,58.3,124.3,,,
SENSEX,W_1245_1345,Mon,280,19.2,46.2,54.3,275.6,50,16.7,46.2
SENSEX,W_1245_1345,Thu,242,20.4,46.9,64.3,153.9,,,
SENSEX,W_1245_1345,Tue,279,20.9,51.3,60.2,196.3,,,
SENSEX,W_1245_1345,Wed,276,20.4,46.3,56.8,104.9,,,
SENSEX,W_1245_1400,Fri,275,23.1,58.3,67.7,124.3,,,
SENSEX,W_1245_1400,Mon,280,22.4,52.7,63.9,288.0,50,20.7,48.1
SENSEX,W_1245_1400,Thu,242,21.6,54.5,76.7,180.2,,,
SENSEX,W_1245_1400,Tue,279,23.7,54.7,70.4,230.8,,,
SENSEX,W_1245_1400,Wed,276,23.0,51.7,65.6,131.4,,,
SENSEX,W_1245_1415,Fri,275,27.8,62.9,78.9,158.6,,,
SENSEX,W_1245_1415,Mon,280,24.4,57.8,69.1,288.0,50,21.5,64.7
SENSEX,W_1245_1415,Thu,242,25.3,64.4,84.2,202.1,,,
SENSEX,W_1245_1415,Tue,279,26.3,59.5,81.3,230.8,,,
SENSEX,W_1245_1415,Wed,276,24.3,57.0,73.0,141.6,,,
SENSEX,W_1245_1430,Fri,275,30.3,64.7,88.4,167.9,,,
SENSEX,W_1245_1430,Mon,280,26.7,63.4,74.0,289.3,50,24.2,83.1
SENSEX,W_1245_1430,Thu,242,27.4,66.8,87.2,216.3,,,
SENSEX,W_1245_1430,Tue,279,29.1,68.9,87.7,230.8,,,
SENSEX,W_1245_1430,Wed,276,26.4,65.2,79.3,163.9,,,
SENSEX,W_1245_1445,Fri,275,32.1,72.0,91.6,167.9,,,
SENSEX,W_1245_1445,Mon,280,29.5,69.1,87.2,341.7,50,25.2,92.2
SENSEX,W_1245_1445,Thu,242,30.6,72.4,92.3,216.3,,,
SENSEX,W_1245_1445,Tue,279,31.5,74.4,93.1,230.8,,,
SENSEX,W_1245_1445,Wed,276,29.3,71.4,91.9,223.5,,,
SENSEX,W_1300_1330,Fri,275,13.6,29.3,36.4,68.1,,,
SENSEX,W_1300_1330,Mon,280,14.7,30.6,37.6,72.8,50,13.0,36.3
SENSEX,W_1300_1330,Thu,242,14.1,35.0,42.4,102.2,,,
SENSEX,W_1300_1330,Tue,279,13.7,33.6,44.0,161.5,,,
SENSEX,W_1300_1330,Wed,276,15.3,29.4,36.6,97.1,,,
SENSEX,W_1300_1345,Fri,275,18.2,37.8,45.2,132.6,,,
SENSEX,W_1300_1345,Mon,280,17.6,38.0,46.5,78.6,50,16.6,40.0
SENSEX,W_1300_1345,Thu,242,17.0,45.8,53.8,122.2,,,
SENSEX,W_1300_1345,Tue,279,17.8,41.1,53.1,161.5,,,
SENSEX,W_1300_1345,Wed,276,17.3,38.1,48.5,133.5,,,
SENSEX,W_1300_1400,Fri,275,21.5,47.6,57.8,132.6,,,
SENSEX,W_1300_1400,Mon,280,20.7,43.5,55.6,90.9,50,18.6,42.5
SENSEX,W_1300_1400,Thu,242,19.9,50.3,62.7,148.4,,,
SENSEX,W_1300_1400,Tue,279,21.6,47.4,63.0,198.6,,,
SENSEX,W_1300_1400,Wed,276,20.8,48.5,61.0,159.9,,,
SENSEX,W_1300_1415,Fri,275,24.9,53.0,65.3,158.0,,,
SENSEX,W_1300_1415,Mon,280,22.4,52.2,63.7,146.4,50,20.0,47.9
SENSEX,W_1300_1415,Thu,242,24.4,57.2,77.8,175.7,,,
SENSEX,W_1300_1415,Tue,279,24.5,53.5,74.5,198.6,,,
SENSEX,W_1300_1415,Wed,276,22.4,55.2,67.6,170.1,,,
SENSEX,W_1300_1430,Fri,275,27.2,60.1,78.1,167.3,,,
SENSEX,W_1300_1430,Mon,280,24.9,58.5,70.2,146.4,50,23.7,62.8
SENSEX,W_1300_1430,Thu,242,26.6,60.8,87.4,189.8,,,
SENSEX,W_1300_1430,Tue,279,26.6,57.5,80.5,198.6,,,
SENSEX,W_1300_1430,Wed,276,25.2,60.6,72.9,192.3,,,
SENSEX,W_1300_1445,Fri,275,29.6,62.6,84.1,167.3,,,
SENSEX,W_1300_1445,Mon,280,28.3,66.9,79.3,146.4,50,25.9,71.9
SENSEX,W_1300_1445,Thu,242,30.4,66.0,87.4,189.8,,,
SENSEX,W_1300_1445,Tue,279,29.3,66.2,91.4,198.6,,,
SENSEX,W_1300_1445,Wed,276,27.0,63.8,85.7,251.8,,,
SENSEX,W_1300_1500,Fri,275,32.7,69.6,90.4,167.3,,,
SENSEX,W_1300_1500,Mon,280,31.4,70.2,88.4,167.0,50,27.2,81.3
SENSEX,W_1300_1500,Thu,242,35.9,73.9,104.4,189.8,,,
SENSEX,W_1300_1500,Tue,279,31.4,74.1,97.4,205.6,,,
SENSEX,W_1300_1500,Wed,276,30.8,67.6,86.0,316.0,,,
SENSEX,W_1315_1345,Fri,275,16.5,30.3,39.0,137.1,,,
SENSEX,W_1315_1345,Mon,280,15.0,33.1,45.6,106.5,50,13.8,30.5
SENSEX,W_1315_1345,Thu,242,15.8,34.9,43.8,115.6,,,
SENSEX,W_1315_1345,Tue,279,15.1,34.9,41.9,102.5,,,
SENSEX,W_1315_1345,Wed,276,14.8,31.1,38.3,111.2,,,
SENSEX,W_1315_1400,Fri,275,19.9,44.3,51.3,137.1,,,
SENSEX,W_1315_1400,Mon,280,18.5,41.9,49.3,118.8,50,17.0,43.6
SENSEX,W_1315_1400,Thu,242,18.4,41.2,54.6,125.2,,,
SENSEX,W_1315_1400,Tue,279,18.0,41.6,55.6,160.1,,,
SENSEX,W_1315_1400,Wed,276,18.3,38.9,49.5,137.6,,,
SENSEX,W_1315_1415,Fri,275,23.9,52.6,66.0,152.7,,,
SENSEX,W_1315_1415,Mon,280,21.2,49.8,60.4,148.3,50,18.6,43.6
SENSEX,W_1315_1415,Thu,242,23.5,49.7,62.3,145.5,,,
SENSEX,W_1315_1415,Tue,279,22.5,49.7,60.6,160.1,,,
SENSEX,W_1315_1415,Wed,276,20.6,47.4,57.7,147.8,,,
SENSEX,W_1315_1430,Fri,275,25.9,59.5,69.4,162.1,,,
SENSEX,W_1315_1430,Mon,280,23.7,53.6,66.6,148.3,50,21.2,58.0
SENSEX,W_1315_1430,Thu,242,26.2,54.6,68.0,159.7,,,
SENSEX,W_1315_1430,Tue,279,25.4,53.8,78.9,167.0,,,
SENSEX,W_1315_1430,Wed,276,23.9,51.2,66.7,170.1,,,
SENSEX,W_1315_1445,Fri,275,28.0,64.7,79.5,162.1,,,
SENSEX,W_1315_1445,Mon,280,25.6,60.8,77.5,171.6,50,21.2,67.1
SENSEX,W_1315_1445,Thu,242,30.4,62.1,71.5,159.7,,,
SENSEX,W_1315_1445,Tue,279,28.6,60.7,80.1,167.5,,,
SENSEX,W_1315_1445,Wed,276,26.3,59.0,77.0,229.7,,,
SENSEX,W_1315_1500,Fri,275,29.3,70.5,81.6,162.1,,,
SENSEX,W_1315_1500,Mon,280,28.2,63.8,89.6,173.3,50,22.0,72.1
SENSEX,W_1315_1500,Thu,242,32.6,66.7,89.2,159.7,,,
SENSEX,W_1315_1500,Tue,279,30.8,70.1,96.0,188.7,,,
SENSEX,W_1315_1500,Wed,276,29.9,65.4,77.0,294.1,,,
SENSEX,W_1315_1515,Fri,275,35.7,73.8,100.6,204.5,,,
SENSEX,W_1315_1515,Mon,280,32.0,77.5,93.8,173.3,50,28.4,81.7
SENSEX,W_1315_1515,Thu,242,36.7,72.7,94.1,192.2,,,
SENSEX,W_1315_1515,Tue,279,34.3,82.6,111.4,188.7,,,
SENSEX,W_1315_1515,Wed,276,32.9,71.3,85.3,294.1,,,
SENSEX,W_1330_1400,Fri,275,17.0,38.1,44.1,117.9,,,
SENSEX,W_1330_1400,Mon,280,14.1,34.5,41.5,76.2,50,12.6,36.8
SENSEX,W_1330_1400,Thu,242,15.0,36.4,43.1,107.7,,,
SENSEX,W_1330_1400,Tue,279,15.2,34.6,42.8,134.0,,,
SENSEX,W_1330_1400,Wed,276,15.1,32.9,46.2,89.7,,,
SENSEX,W_1330_1415,Fri,275,21.4,47.2,63.7,152.2,,,
SENSEX,W_1330_1415,Mon,280,17.3,41.5,49.0,109.1,50,16.9,40.3
SENSEX,W_1330_1415,Thu,242,19.4,46.2,60.2,125.3,,,
SENSEX,W_1330_1415,Tue,279,19.5,42.7,58.1,143.2,,,
SENSEX,W_1330_1415,Wed,276,18.9,44.2,53.6,144.7,,,
SENSEX,W_1330_1430,Fri,275,24.4,52.1,70.2,161.6,,,
SENSEX,W_1330_1430,Mon,280,20.8,48.8,62.3,109.1,50,20.9,52.6
SENSEX,W_1330_1430,Thu,242,23.2,50.8,62.1,125.3,,,
SENSEX,W_1330_1430,Tue,279,22.8,53.5,66.0,143.2,,,
SENSEX,W_1330_1430,Wed,276,22.3,51.8,62.9,146.6,,,
SENSEX,W_1330_1445,Fri,275,26.8,59.4,71.3,161.6,,,
SENSEX,W_1330_1445,Mon,280,23.0,54.5,75.7,139.0,50,22.0,65.3
SENSEX,W_1330_1445,Thu,242,28.5,53.8,66.1,125.3,,,
SENSEX,W_1330_1445,Tue,279,26.8,61.9,78.1,181.2,,,
SENSEX,W_1330_1445,Wed,276,24.9,58.5,73.1,178.4,,,
SENSEX,W_1330_1500,Fri,275,30.1,64.0,80.1,161.6,,,
SENSEX,W_1330_1500,Mon,280,25.6,64.2,81.4,165.7,50,23.4,75.3
SENSEX,W_1330_1500,Thu,242,32.0,59.9,88.9,152.8,,,
SENSEX,W_1330_1500,Tue,279,29.8,66.1,84.8,218.1,,,
SENSEX,W_1330_1500,Wed,276,27.0,63.8,78.5,243.1,,,
SENSEX,W_1330_1515,Fri,275,34.7,72.7,92.2,184.8,,,
SENSEX,W_1330_1515,Mon,280,29.5,73.4,87.3,165.7,50,25.6,84.8
SENSEX,W_1330_1515,Thu,242,36.7,68.1,94.4,175.5,,,
SENSEX,W_1330_1515,Tue,279,32.7,80.2,102.7,218.1,,,
SENSEX,W_1330_1515,Wed,276,31.1,69.2,85.9,243.1,,,
SENSEX,W_1330_1520,Fri,275,35.6,76.4,92.2,184.8,,,
SENSEX,W_1330_1520,Mon,280,29.9,75.8,87.3,165.7,50,27.0,84.8
SENSEX,W_1330_1520,Thu,242,36.8,70.2,98.3,175.5,,,
SENSEX,W_1330_1520,Tue,279,33.1,81.4,103.4,219.3,,,
SENSEX,W_1330_1520,Wed,276,32.1,72.9,90.4,243.1,,,
SENSEX,W_1345_1415,Fri,275,17.3,37.9,50.9,93.2,,,
SENSEX,W_1345_1415,Mon,280,14.5,33.1,43.2,103.1,50,12.4,36.2
SENSEX,W_1345_1415,Thu,242,15.4,41.9,47.5,95.9,,,
SENSEX,W_1345_1415,Tue,280,15.7,37.8,50.6,96.3,,,
SENSEX,W_1345_1415,Wed,276,15.0,35.6,42.1,139.7,,,
SENSEX,W_1345_1430,Fri,275,21.3,45.4,59.5,111.5,,,
SENSEX,W_1345_1430,Mon,280,19.0,42.1,49.4,119.5,50,16.6,46.7
SENSEX,W_1345_1430,Thu,242,19.2,47.3,53.0,110.1,,,
SENSEX,W_1345_1430,Tue,280,18.3,50.7,61.3,112.4,,,
SENSEX,W_1345_1430,Wed,276,18.7,42.0,52.5,141.6,,,
SENSEX,W_1345_1445,Fri,275,24.0,51.1,65.9,124.5,,,
SENSEX,W_1345_1445,Mon,280,22.5,46.7,60.4,156.3,50,18.0,46.7
SENSEX,W_1345_1445,Thu,242,24.1,52.7,61.3,110.1,,,
SENSEX,W_1345_1445,Tue,280,23.2,56.6,72.3,135.0,,,
SENSEX,W_1345_1445,Wed,276,22.5,52.5,65.5,154.0,,,
SENSEX,W_1345_1500,Fri,275,27.9,58.2,70.4,130.8,,,
SENSEX,W_1345_1500,Mon,280,24.7,54.4,71.0,183.0,50,22.2,69.3
SENSEX,W_1345_1500,Thu,242,26.9,60.9,73.8,150.2,,,
SENSEX,W_1345_1500,Tue,280,25.9,63.7,80.2,145.5,,,
SENSEX,W_1345_1500,Wed,276,25.1,57.8,69.3,195.9,,,
SENSEX,W_1345_1515,Fri,275,33.1,66.4,75.3,187.4,,,
SENSEX,W_1345_1515,Mon,280,28.4,65.7,81.9,183.0,50,24.2,80.1
SENSEX,W_1345_1515,Thu,242,33.2,68.9,85.1,172.9,,,
SENSEX,W_1345_1515,Tue,280,30.6,72.8,97.5,166.3,,,
SENSEX,W_1345_1515,Wed,276,29.6,67.6,80.7,195.9,,,
SENSEX,W_1345_1520,Fri,275,34.1,68.6,75.9,187.4,,,
SENSEX,W_1345_1520,Mon,280,28.9,65.7,83.2,183.0,50,24.3,80.1
SENSEX,W_1345_1520,Thu,242,34.2,71.8,85.1,172.9,,,
SENSEX,W_1345_1520,Tue,280,31.1,76.4,99.2,182.2,,,
SENSEX,W_1345_1520,Wed,276,30.2,70.3,81.5,195.9,,,
SENSEX,W_1400_1430,Fri,275,16.8,40.2,49.8,102.8,,,
SENSEX,W_1400_1430,Mon,280,14.6,35.8,48.2,104.5,50,12.6,29.3
SENSEX,W_1400_1430,Thu,242,17.6,37.7,46.2,98.0,,,
SENSEX,W_1400_1430,Tue,280,15.9,35.3,43.7,130.2,,,
SENSEX,W_1400_1430,Wed,276,14.6,34.5,40.6,105.9,,,
SENSEX,W_1400_1445,Fri,275,20.9,47.1,62.6,115.9,,,
SENSEX,W_1400_1445,Mon,280,18.9,44.7,58.7,141.2,50,15.3,38.8
SENSEX,W_1400_1445,Thu,242,20.6,45.9,56.6,98.0,,,
SENSEX,W_1400_1445,Tue,280,20.1,41.8,53.2,130.2,,,
SENSEX,W_1400_1445,Wed,276,19.3,45.9,58.4,157.4,,,
SENSEX,W_1400_1500,Fri,275,25.4,56.5,65.7,122.2,,,
SENSEX,W_1400_1500,Mon,280,22.2,54.4,63.7,167.9,50,19.9,63.7
SENSEX,W_1400_1500,Thu,242,24.3,51.5,63.2,140.1,,,
SENSEX,W_1400_1500,Tue,280,22.6,50.9,63.9,168.3,,,
SENSEX,W_1400_1500,Wed,276,22.8,54.8,65.6,174.2,,,
SENSEX,W_1400_1515,Fri,275,31.1,63.8,73.8,178.8,,,
SENSEX,W_1400_1515,Mon,280,26.9,59.2,77.3,167.9,50,21.6,84.7
SENSEX,W_1400_1515,Thu,242,29.4,62.1,71.6,162.8,,,
SENSEX,W_1400_1515,Tue,280,26.7,62.8,77.4,204.7,,,
SENSEX,W_1400_1515,Wed,276,26.9,63.0,73.6,174.2,,,
SENSEX,W_1400_1520,Fri,275,31.1,64.4,75.1,178.8,,,
SENSEX,W_1400_1520,Mon,280,27.5,60.3,80.2,167.9,50,23.7,84.7
SENSEX,W_1400_1520,Thu,242,30.3,63.2,74.1,163.0,,,
SENSEX,W_1400_1520,Tue,280,27.9,64.9,83.4,204.7,,,
SENSEX,W_1400_1520,Wed,276,27.7,64.7,73.7,174.2,,,
