variant,symbol,entry_date,exit_date,entry_price,exit_price,qty,days_held,exit_reason,gross_pnl,net_pnl
target_20pct,DIVISLAB,2019-02-05,2019-02-15,1615.80,1538.54,61,10,INITIAL_STOP,-4712.71,-4905.13
target_20pct,WIPRO,2019-01-21,2019-03-22,125.30,127.75,798,60,MAX_HOLD,1955.10,1753.17
target_20pct,TECHM,2019-02-07,2019-03-27,767.00,725.83,130,48,INITIAL_STOP,-5352.44,-5546.51
target_20pct,AXISBANK,2019-01-31,2019-04-01,697.25,765.60,143,60,MAX_HOLD,9774.05,9564.86
target_20pct,TITAN,2019-02-05,2019-04-08,1026.95,1104.40,97,62,MAX_HOLD,7512.65,7305.91
target_20pct,GODREJPROP,2019-04-08,2019-04-09,983.80,905.10,101,1,INITIAL_STOP,-7949.10,-8139.88
target_20pct,PIDILITIND,2019-03-27,2019-05-08,615.00,584.67,162,42,INITIAL_STOP,-4912.69,-5107.03
target_20pct,SIEMENS,2019-04-04,2019-05-08,888.20,842.82,112,34,INITIAL_STOP,-5082.06,-5275.94
target_20pct,SHREECEM,2019-04-26,2019-05-10,20000.00,19077.42,5,14,INITIAL_STOP,-4612.88,-4808.26
target_20pct,HDFCBANK,2019-03-14,2019-05-13,561.20,571.80,177,60,MAX_HOLD,1876.20,1675.66
target_20pct,ULTRACEMCO,2019-04-26,2019-05-13,4630.00,4398.38,21,17,INITIAL_STOP,-4863.94,-5053.54
target_20pct,TRENT,2019-06-04,2019-06-17,412.50,385.48,237,13,INITIAL_STOP,-6404.70,-6593.82
target_20pct,APOLLOHOSP,2019-06-10,2019-06-26,1400.00,1304.20,70,16,INITIAL_STOP,-6705.95,-6895.24
target_20pct,GODREJPROP,2019-07-02,2019-07-03,1091.00,1003.72,88,1,INITIAL_STOP,-7680.64,-7864.98
target_20pct,BAJAJFINSV,2019-05-20,2019-07-08,805.60,769.09,121,49,INITIAL_STOP,-4417.64,-4608.18
target_20pct,POWERGRID,2019-06-27,2019-07-08,114.10,109.20,848,11,INITIAL_STOP,-4151.28,-4340.64
target_20pct,BAJFINANCE,2019-05-20,2019-07-19,339.00,332.00,289,60,MAX_HOLD,-2023.00,-2216.92
target_20pct,LT,2019-05-24,2019-07-19,1493.00,1416.49,65,56,INITIAL_STOP,-4973.12,-5162.23
target_20pct,SBILIFE,2019-06-27,2019-08-19,706.00,847.20,137,53,TARGET,19344.40,19131.61
target_20pct,MCX,2019-08-29,2019-09-03,937.45,872.72,102,5,INITIAL_STOP,-6601.99,-6786.63
target_20pct,TATACONSUM,2019-08-29,2019-09-04,277.55,261.41,346,6,INITIAL_STOP,-5584.27,-5770.75
target_20pct,INFY,2019-07-16,2019-09-16,777.00,827.70,122,62,MAX_HOLD,6185.40,5989.63
target_20pct,APOLLOHOSP,2019-08-19,2019-09-30,1470.60,1360.61,64,42,INITIAL_STOP,-7039.40,-7220.60
target_20pct,PIDILITIND,2019-09-23,2019-10-04,717.50,682.16,133,11,INITIAL_STOP,-4700.19,-4886.34
target_20pct,HDFCBANK,2019-09-24,2019-10-04,625.00,593.65,153,10,INITIAL_STOP,-4796.00,-4982.46
target_20pct,ICICIBANK,2019-09-24,2019-10-04,441.50,412.33,216,10,INITIAL_STOP,-6299.97,-6484.40
target_20pct,TRENT,2019-08-19,2019-10-18,468.40,519.75,201,60,MAX_HOLD,10321.35,10122.73
target_20pct,NESTLEIND,2019-08-22,2019-10-22,632.00,751.00,152,61,MAX_HOLD,18088.00,17877.78
target_20pct,HDFCLIFE,2019-10-31,2019-11-04,636.90,599.15,150,4,INITIAL_STOP,-5662.21,-5847.62
target_20pct,TATACONSUM,2019-11-01,2019-11-07,312.90,293.70,307,6,INITIAL_STOP,-5894.22,-6080.44
target_20pct,DABUR,2019-11-06,2019-11-14,484.50,461.61,197,8,INITIAL_STOP,-4509.15,-4695.53
target_20pct,COLPAL,2019-09-23,2019-11-22,1415.70,1504.50,67,60,MAX_HOLD,5949.60,5753.95
target_20pct,HINDUNILVR,2019-09-23,2019-11-22,1984.00,2028.35,48,60,MAX_HOLD,2128.80,1936.21
target_20pct,ASIANPAINT,2019-09-23,2019-11-22,1697.85,1682.75,56,60,MAX_HOLD,-845.60,-1034.91
target_20pct,SIEMENS,2019-09-24,2019-11-25,1100.80,1159.15,86,62,MAX_HOLD,5018.10,4823.74
target_20pct,BPCL,2019-10-03,2019-12-02,230.25,232.05,412,60,MAX_HOLD,741.60,551.13
target_20pct,CHOLAFIN,2019-11-18,2019-12-02,331.00,306.00,285,14,INITIAL_STOP,-7125.45,-7306.99
target_20pct,SBILIFE,2019-10-17,2019-12-16,880.00,969.55,105,60,MAX_HOLD,9402.75,9208.55
target_20pct,BAJAJ-AUTO,2019-10-24,2019-12-23,3087.00,3140.00,31,60,MAX_HOLD,1643.00,1449.96
target_20pct,BHARTIARTL,2019-11-19,2020-01-20,419.05,502.86,225,62,TARGET,18857.25,18649.82
target_20pct,HAL,2020-01-15,2020-01-20,427.50,402.42,224,5,INITIAL_STOP,-5617.80,-5803.70
target_20pct,COFORGE,2019-12-18,2020-01-23,321.00,385.20,298,36,TARGET,19131.60,18921.15
target_20pct,ICICIBANK,2019-11-27,2020-01-27,513.90,537.25,185,61,MAX_HOLD,4319.75,4125.29
target_20pct,HAL,2020-01-22,2020-01-30,434.55,404.85,223,8,INITIAL_STOP,-6623.77,-6810.96
target_20pct,BAJAJFINSV,2020-01-30,2020-01-31,992.40,960.89,100,1,INITIAL_STOP,-3150.53,-3345.86
target_20pct,BAJFINANCE,2020-01-30,2020-02-01,446.50,429.13,222,2,INITIAL_STOP,-3855.64,-4050.03
target_20pct,TRENT,2020-01-16,2020-02-11,584.90,701.88,164,26,TARGET,19184.72,18973.69
target_20pct,CHOLAFIN,2020-02-06,2020-02-18,345.30,324.44,284,12,INITIAL_STOP,-5925.54,-6115.75
target_20pct,DRREDDY,2020-01-28,2020-02-25,638.00,613.53,156,28,INITIAL_STOP,-3817.16,-4012.40
target_20pct,VOLTAS,2020-02-20,2020-02-26,736.00,695.27,135,6,INITIAL_STOP,-5498.40,-5691.62
target_20pct,GODREJPROP,2020-02-06,2020-02-27,1140.00,1048.80,86,21,INITIAL_STOP,-7843.20,-8031.44
target_20pct,HINDUNILVR,2020-02-13,2020-02-28,2256.00,2165.87,44,15,INITIAL_STOP,-3965.63,-4160.20
target_20pct,MCX,2020-01-06,2020-03-06,1233.00,1301.85,77,60,MAX_HOLD,5301.45,5106.27
target_20pct,SHREECEM,2020-01-09,2020-03-09,22521.80,21860.15,4,60,MAX_HOLD,-2646.60,-2824.13
target_20pct,TATACONSUM,2020-01-13,2020-03-09,338.80,321.79,283,56,INITIAL_STOP,-4814.74,-5001.68
target_20pct,APOLLOHOSP,2020-01-17,2020-03-12,1595.55,1520.48,60,55,INITIAL_STOP,-4504.07,-4691.03
target_20pct,NESTLEIND,2020-01-17,2020-03-13,770.00,742.77,124,56,INITIAL_STOP,-3377.04,-3564.63
target_20pct,PIDILITIND,2020-01-31,2020-03-13,764.90,737.11,129,42,INITIAL_STOP,-3585.44,-3779.20
target_20pct,HINDUNILVR,2020-04-08,2020-04-29,2432.00,2237.44,39,21,INITIAL_STOP,-7587.84,-7769.95
target_20pct,DRREDDY,2020-04-22,2020-05-18,798.00,734.16,119,26,INITIAL_STOP,-7596.96,-7779.29
target_20pct,BHARTIARTL,2020-05-20,2020-05-27,593.85,546.34,158,7,INITIAL_STOP,-7506.26,-7686.41
target_20pct,DIVISLAB,2020-04-13,2020-06-12,2385.00,2395.10,40,60,MAX_HOLD,404.00,212.80
target_20pct,MUTHOOTFIN,2020-06-19,2020-06-29,1172.70,1078.88,79,10,INITIAL_STOP,-7411.46,-7589.34
target_20pct,HAL,2020-07-07,2020-07-15,477.50,439.30,194,8,INITIAL_STOP,-7410.80,-7588.66
target_20pct,BRITANNIA,2020-07-21,2020-07-24,3999.00,3787.10,22,3,INITIAL_STOP,-4661.71,-4833.01
target_20pct,RELIANCE,2020-07-27,2020-08-03,1038.40,976.35,88,7,INITIAL_STOP,-5460.11,-5637.40
target_20pct,MCX,2020-07-22,2020-08-04,1510.00,1812.00,60,13,TARGET,18120.00,17920.68
target_20pct,MUTHOOTFIN,2020-07-23,2020-08-06,1317.00,1211.64,69,14,INITIAL_STOP,-7269.84,-7444.32
target_20pct,MCX,2020-08-05,2020-08-06,1827.90,1681.67,50,1,INITIAL_STOP,-7311.60,-7487.08
target_20pct,DIVISLAB,2020-07-31,2020-08-10,2570.00,3084.00,35,10,TARGET,17990.00,17792.11
target_20pct,HAL,2020-08-13,2020-08-14,560.00,672.00,165,1,TARGET,18480.00,18276.72
target_20pct,PERSISTENT,2020-07-28,2020-08-21,429.10,514.92,213,24,TARGET,18279.66,18078.58
target_20pct,ADANIENT,2020-08-26,2020-08-31,299.00,275.08,323,5,INITIAL_STOP,-7726.16,-7911.59
target_20pct,HEROMOTOCO,2020-08-27,2020-08-31,2984.15,2805.59,32,4,INITIAL_STOP,-5714.02,-5899.29
target_20pct,TATACONSUM,2020-08-07,2020-09-03,481.60,577.92,189,27,TARGET,18204.48,18004.23
target_20pct,SUNPHARMA,2020-08-03,2020-09-08,534.10,501.66,171,36,INITIAL_STOP,-5547.65,-5724.77
target_20pct,TATACONSUM,2020-09-04,2020-09-08,561.95,527.94,172,4,INITIAL_STOP,-5849.98,-6037.45
target_20pct,INFY,2020-07-17,2020-09-15,911.00,982.45,100,60,MAX_HOLD,7145.00,6955.66
target_20pct,DRREDDY,2020-07-30,2020-09-18,878.80,1054.56,104,50,TARGET,18279.04,18077.97
target_20pct,RELIANCE,2020-09-11,2020-09-24,1101.90,1038.50,86,13,INITIAL_STOP,-5452.66,-5636.74
target_20pct,CIPLA,2020-08-03,2020-10-05,724.00,778.65,126,63,MAX_HOLD,6885.90,6696.57
target_20pct,WIPRO,2020-09-14,2020-10-08,143.75,172.50,666,24,TARGET,19147.50,18936.88
target_20pct,COFORGE,2020-09-14,2020-10-08,417.50,501.00,229,24,TARGET,19121.50,18911.16
target_20pct,APOLLOHOSP,2020-09-21,2020-10-08,1824.05,2188.86,53,17,TARGET,19334.93,19122.25
target_20pct,DIVISLAB,2020-08-11,2020-10-12,3139.95,3207.25,29,62,MAX_HOLD,1951.70,1767.63
target_20pct,PERSISTENT,2020-09-15,2020-10-19,584.00,537.28,164,34,INITIAL_STOP,-7662.08,-7845.97
target_20pct,DRREDDY,2020-09-21,2020-10-21,1066.65,998.20,92,30,INITIAL_STOP,-6296.97,-6486.93
target_20pct,COFORGE,2020-10-13,2020-10-22,535.50,492.66,194,9,INITIAL_STOP,-8310.96,-8510.42
target_20pct,WIPRO,2020-10-09,2020-10-26,177.45,165.84,586,17,INITIAL_STOP,-6806.20,-7007.36
target_20pct,HCLTECH,2020-09-15,2020-11-14,791.05,830.50,121,60,MAX_HOLD,4773.45,4577.24
target_20pct,HDFCLIFE,2020-11-18,2020-12-01,672.50,641.35,151,13,INITIAL_STOP,-4703.28,-4901.67
target_20pct,TATASTEEL,2020-11-18,2020-12-03,47.10,56.52,2161,15,TARGET,20356.62,20132.70
target_20pct,TCS,2020-10-06,2020-12-07,2736.00,2737.70,35,62,MAX_HOLD,59.50,-132.08
target_20pct,AMBUJACEM,2020-10-08,2020-12-07,234.80,253.10,419,60,MAX_HOLD,7667.70,7463.27
target_20pct,EICHERMOT,2020-11-14,2020-12-21,2540.00,2380.13,39,37,INITIAL_STOP,-6235.11,-6426.99
target_20pct,MARUTI,2020-12-04,2020-12-21,7798.00,7406.74,13,17,INITIAL_STOP,-5086.40,-5284.06
target_20pct,PIDILITIND,2020-12-21,2020-12-22,865.00,826.40,120,1,INITIAL_STOP,-4631.97,-4834.93
target_20pct,ADANIENT,2020-12-29,2020-12-31,492.00,452.64,208,2,INITIAL_STOP,-8186.88,-8383.37
target_20pct,HAVELLS,2020-11-03,2021-01-04,781.60,918.80,129,62,MAX_HOLD,17698.80,17479.45
target_20pct,TATAPOWER,2020-12-02,2021-01-06,69.50,83.40,1457,35,TARGET,20252.30,20029.52
target_20pct,VOLTAS,2020-11-09,2021-01-08,765.00,902.20,132,60,MAX_HOLD,18110.40,17890.33
target_20pct,DIVISLAB,2020-11-10,2021-01-11,3423.60,3822.40,29,62,MAX_HOLD,11565.20,11355.07
target_20pct,WIPRO,2020-12-24,2021-01-13,189.45,227.34,540,20,TARGET,20460.60,20235.53
target_20pct,M&M,2020-11-19,2021-01-14,699.00,838.80,145,56,TARGET,20271.00,20048.02
target_20pct,TATAMOTORS,2021-01-12,2021-01-20,227.00,272.40,476,8,TARGET,21610.40,21372.69
target_20pct,TITAN,2020-11-23,2021-01-22,1375.00,1491.20,74,60,MAX_HOLD,8598.80,8386.70
target_20pct,CHOLAFIN,2021-01-05,2021-01-28,432.00,399.45,239,23,INITIAL_STOP,-7780.64,-7979.35
target_20pct,HAVELLS,2021-01-22,2021-01-29,1142.00,1074.67,100,7,INITIAL_STOP,-6732.55,-6954.22
target_20pct,TATAMOTORS,2021-01-21,2021-02-01,281.00,258.52,407,11,INITIAL_STOP,-9149.36,-9368.94
target_20pct,CUMMINSIND,2021-02-01,2021-02-02,664.90,797.88,171,1,TARGET,22739.58,22489.44
target_20pct,PERSISTENT,2020-12-24,2021-02-08,727.50,873.00,140,46,TARGET,20370.00,20145.93
target_20pct,DLF,2021-01-13,2021-02-16,271.80,326.16,398,34,TARGET,21635.28,21397.29
target_20pct,IDFCFIRSTB,2021-01-08,2021-02-17,46.80,56.16,2250,40,TARGET,21060.00,20828.34
target_20pct,TCS,2021-01-12,2021-02-18,3176.45,3037.75,34,37,INITIAL_STOP,-4715.85,-4927.13
target_20pct,APOLLOHOSP,2021-02-17,2021-02-19,3177.00,2949.90,37,2,INITIAL_STOP,-8402.79,-8629.48
target_20pct,M&M,2021-02-09,2021-02-22,929.50,855.14,125,13,INITIAL_STOP,-9295.00,-9518.08
target_20pct,BANKBARODA,2021-02-19,2021-02-22,85.41,78.58,1414,3,INITIAL_STOP,-9661.58,-9893.46
target_20pct,BAJAJ-AUTO,2021-01-25,2021-02-23,4047.50,3829.59,28,29,INITIAL_STOP,-6101.46,-6322.02
target_20pct,BEL,2021-01-04,2021-03-04,43.00,51.60,2361,59,TARGET,20304.60,20081.25
target_20pct,CUMMINSIND,2021-02-03,2021-03-12,762.00,914.40,150,37,TARGET,22860.00,22608.54
target_20pct,SBILIFE,2021-03-10,2021-03-12,973.70,920.35,122,2,INITIAL_STOP,-6508.77,-6739.85
target_20pct,TRENT,2021-03-03,2021-03-15,923.00,849.16,127,12,INITIAL_STOP,-9377.68,-9602.74
target_20pct,ICICIBANK,2021-02-02,2021-03-18,613.00,576.37,184,44,INITIAL_STOP,-6739.17,-6958.02
target_20pct,TATAPOWER,2021-03-05,2021-03-18,110.70,102.11,1078,13,INITIAL_STOP,-9256.05,-9485.47
target_20pct,IDFCFIRSTB,2021-02-22,2021-03-19,63.00,57.96,1903,25,INITIAL_STOP,-9591.12,-9821.31
target_20pct,VOLTAS,2021-01-22,2021-03-23,950.25,1001.30,120,60,MAX_HOLD,6126.00,5891.81
target_20pct,COFORGE,2021-03-17,2021-03-25,596.00,550.01,201,8,INITIAL_STOP,-9244.95,-9475.29
target_20pct,SHREECEM,2021-02-03,2021-04-05,26400.00,30358.25,4,61,MAX_HOLD,15833.00,15605.97
target_20pct,ADANIPORTS,2021-02-18,2021-04-06,660.80,792.96,183,47,TARGET,24185.28,23919.24
target_20pct,ADANIENT,2021-03-23,2021-04-06,999.00,1198.80,117,14,TARGET,23376.60,23119.46
target_20pct,JSWSTEEL,2021-04-05,2021-04-08,513.50,616.20,227,3,TARGET,23312.90,23056.46
target_20pct,ADANIPORTS,2021-04-07,2021-04-12,857.00,788.44,143,5,INITIAL_STOP,-9804.08,-10039.38
target_20pct,COFORGE,2021-04-08,2021-04-13,624.00,574.08,197,5,INITIAL_STOP,-9834.24,-10070.26
target_20pct,HINDALCO,2021-02-23,2021-04-26,321.95,348.35,366,62,MAX_HOLD,9662.40,9417.07
target_20pct,CIPLA,2021-04-13,2021-05-05,921.95,871.01,135,22,INITIAL_STOP,-6876.59,-7118.64
target_20pct,JSWSTEEL,2021-04-09,2021-05-06,618.00,741.60,203,27,TARGET,25090.80,24814.80
target_20pct,JINDALSTEL,2021-04-09,2021-05-10,416.00,499.20,301,31,TARGET,25043.20,24767.72
target_20pct,IOC,2021-05-20,2021-05-21,56.92,52.93,2262,1,INITIAL_STOP,-9024.83,-9273.31
target_20pct,WIPRO,2021-04-19,2021-06-11,227.00,272.40,544,53,TARGET,24697.60,24425.93
target_20pct,COFORGE,2021-05-07,2021-06-18,675.00,810.00,187,42,TARGET,25245.00,24967.31
target_20pct,BAJAJFINSV,2021-04-30,2021-06-29,1100.00,1230.00,113,60,MAX_HOLD,14690.00,14426.71
target_20pct,MARICO,2021-05-04,2021-06-30,453.00,543.60,274,57,TARGET,24824.40,24551.33
target_20pct,DIVISLAB,2021-05-03,2021-07-02,4061.80,4519.65,30,60,MAX_HOLD,13735.50,13478.06
target_20pct,SUNPHARMA,2021-05-06,2021-07-05,689.85,680.20,179,60,MAX_HOLD,-1727.35,-1972.59
target_20pct,PERSISTENT,2021-07-01,2021-07-07,1485.30,1391.46,92,6,INITIAL_STOP,-8633.67,-8898.33
target_20pct,SIEMENS,2021-05-14,2021-07-13,1540.35,1528.80,83,60,MAX_HOLD,-958.65,-1213.39
target_20pct,PIDILITIND,2021-05-25,2021-07-26,1037.00,1160.60,123,62,MAX_HOLD,15202.80,14932.50
target_20pct,COLPAL,2021-05-26,2021-07-26,1717.05,1805.95,74,61,MAX_HOLD,6578.60,6317.90
target_20pct,APOLLOHOSP,2021-06-28,2021-07-26,3447.85,4137.42,38,28,TARGET,26203.66,25915.42
target_20pct,IRCTC,2021-07-19,2021-07-28,481.00,454.86,284,9,INITIAL_STOP,-7424.36,-7690.14
target_20pct,ASIANPAINT,2021-07-22,2021-07-28,3130.00,3013.94,43,6,INITIAL_STOP,-4990.58,-5254.77
target_20pct,MUTHOOTFIN,2021-06-03,2021-08-02,1442.75,1584.65,88,60,MAX_HOLD,12487.20,12220.79
target_20pct,AMBUJACEM,2021-07-07,2021-08-04,353.80,424.56,389,28,TARGET,27525.64,27222.86
target_20pct,PERSISTENT,2021-07-27,2021-08-04,1623.50,1507.38,87,8,INITIAL_STOP,-10102.11,-10374.50
target_20pct,COFORGE,2021-07-30,2021-08-04,1037.50,973.86,135,5,INITIAL_STOP,-8591.37,-8862.90
target_20pct,SBIN,2021-08-05,2021-08-06,461.00,439.50,308,1,INITIAL_STOP,-6622.52,-6899.88
target_20pct,HINDALCO,2021-07-30,2021-08-09,458.10,429.51,306,10,INITIAL_STOP,-8748.35,-9019.96
target_20pct,GODREJPROP,2021-08-03,2021-08-09,1660.00,1563.36,85,6,INITIAL_STOP,-8214.82,-8488.80
target_20pct,APOLLOHOSP,2021-07-27,2021-08-11,4120.90,3929.37,34,15,INITIAL_STOP,-6512.15,-6785.86
target_20pct,VEDL,2021-08-12,2021-08-17,280.45,259.90,496,5,INITIAL_STOP,-10195.02,-10463.03
target_20pct,BEL,2021-06-24,2021-08-23,56.30,58.40,2358,60,MAX_HOLD,4951.80,4681.34
target_20pct,NESTLEIND,2021-08-24,2021-08-31,1005.00,968.74,137,7,INITIAL_STOP,-4967.56,-5237.97
target_20pct,IRCTC,2021-08-10,2021-09-07,533.00,639.60,262,28,TARGET,27929.20,27621.98
target_20pct,WIPRO,2021-07-16,2021-09-14,284.35,330.15,481,60,MAX_HOLD,22029.80,21734.23
target_20pct,LT,2021-07-16,2021-09-14,1609.35,1696.45,85,60,MAX_HOLD,7403.50,7122.51
target_20pct,SBILIFE,2021-07-28,2021-09-27,1115.00,1222.80,126,61,MAX_HOLD,13582.80,13288.24
target_20pct,CUMMINSIND,2021-08-11,2021-10-01,949.00,894.00,147,51,INITIAL_STOP,-8084.87,-8355.79
target_20pct,IRCTC,2021-09-15,2021-10-07,758.80,910.56,189,22,TARGET,28682.64,28367.13
target_20pct,SIEMENS,2021-08-12,2021-10-11,1653.80,1703.95,84,60,MAX_HOLD,4212.60,3930.55
target_20pct,TATAPOWER,2021-10-04,2021-10-13,166.25,199.50,867,9,TARGET,28827.75,28510.64
target_20pct,NTPC,2021-09-16,2021-10-14,124.50,149.40,1154,28,TARGET,28734.60,28418.52
target_20pct,TATACONSUM,2021-08-16,2021-10-18,797.50,833.60,174,63,MAX_HOLD,6281.40,5997.59
target_20pct,APOLLOHOSP,2021-08-17,2021-10-18,4345.00,4330.40,32,62,MAX_HOLD,-467.20,-744.81
target_20pct,HINDUNILVR,2021-08-23,2021-10-19,2625.00,2531.56,52,57,INITIAL_STOP,-4858.79,-5126.93
target_20pct,VEDL,2021-10-19,2021-10-20,329.25,303.49,466,1,INITIAL_STOP,-12005.01,-12299.86
target_20pct,MCX,2021-10-12,2021-10-21,2046.00,1892.31,72,9,INITIAL_STOP,-11066.02,-11349.58
target_20pct,TATAPOWER,2021-10-14,2021-10-22,235.00,216.20,639,8,INITIAL_STOP,-12013.20,-12301.52
target_20pct,WIPRO,2021-10-18,2021-10-22,352.50,332.54,434,4,INITIAL_STOP,-8662.15,-8959.46
target_20pct,LT,2021-10-20,2021-10-25,1855.00,1772.45,82,5,INITIAL_STOP,-6769.23,-7066.68
target_20pct,AXISBANK,2021-10-26,2021-10-27,848.40,808.46,174,1,INITIAL_STOP,-6950.11,-7238.40
target_20pct,KOTAKBANK,2021-10-22,2021-10-29,2154.90,2055.11,69,7,INITIAL_STOP,-6885.64,-7176.13
target_20pct,ICICIBANK,2021-10-26,2021-10-29,828.70,785.55,178,3,INITIAL_STOP,-7681.24,-7968.57
target_20pct,BHARTIARTL,2021-09-01,2021-11-01,655.70,712.50,210,61,MAX_HOLD,11928.00,11640.68
target_20pct,VOLTAS,2021-09-08,2021-11-08,1194.65,1239.90,117,61,MAX_HOLD,5294.25,5009.41
target_20pct,SBIN,2021-11-04,2021-11-16,531.50,500.16,276,12,INITIAL_STOP,-8651.02,-8935.76
target_20pct,FEDERALBNK,2021-10-22,2021-11-22,97.20,91.48,1550,31,INITIAL_STOP,-8872.10,-9164.55
target_20pct,MUTHOOTFIN,2021-11-09,2021-11-22,1659.00,1550.34,88,13,INITIAL_STOP,-9562.07,-9844.49
target_20pct,APOLLOHOSP,2021-11-18,2021-11-22,5733.95,5321.08,25,4,INITIAL_STOP,-10321.81,-10598.19
target_20pct,DLF,2021-09-28,2021-11-26,419.00,388.02,346,59,INITIAL_STOP,-10720.20,-10999.43
target_20pct,TITAN,2021-10-08,2021-11-26,2420.00,2299.47,60,49,INITIAL_STOP,-7232.00,-7515.16
target_20pct,LT,2021-11-04,2021-11-26,1900.00,1797.81,77,22,INITIAL_STOP,-7868.80,-8153.53
target_20pct,SIEMENS,2021-12-13,2022-01-06,1877.85,1756.60,74,24,INITIAL_STOP,-8972.36,-9241.31
target_20pct,PERSISTENT,2021-12-20,2022-01-17,2335.00,2172.20,60,28,INITIAL_STOP,-9767.72,-10038.15
target_20pct,ADANIENT,2022-01-12,2022-01-24,1873.00,1767.61,74,12,INITIAL_STOP,-7798.83,-8068.24
target_20pct,BANKBARODA,2022-02-08,2022-02-14,102.86,94.63,1342,6,INITIAL_STOP,-11043.05,-11308.08
target_20pct,SUNPHARMA,2022-02-02,2022-02-22,890.00,839.49,155,20,INITIAL_STOP,-7829.58,-8097.65
target_20pct,MARUTI,2022-01-27,2022-02-28,8656.00,8126.51,15,32,INITIAL_STOP,-7942.37,-8194.11
target_20pct,HINDALCO,2022-03-02,2022-04-18,575.25,538.09,235,47,INITIAL_STOP,-8733.42,-8995.06
target_20pct,TATAPOWER,2022-04-06,2022-04-18,275.95,259.21,490,12,INITIAL_STOP,-8200.34,-8462.57
target_20pct,CIPLA,2022-03-14,2022-04-19,1045.00,989.71,129,36,INITIAL_STOP,-7132.47,-7394.95
target_20pct,ADANIPORTS,2022-04-27,2022-04-29,914.05,855.59,145,2,INITIAL_STOP,-8477.34,-8733.94
target_20pct,HAL,2022-04-12,2022-05-02,842.00,788.25,160,20,INITIAL_STOP,-8600.41,-8861.25
target_20pct,TRENT,2022-03-21,2022-05-06,1282.00,1179.44,105,46,INITIAL_STOP,-10768.80,-11027.25
target_20pct,CHOLAFIN,2022-04-11,2022-05-06,747.00,693.88,181,25,INITIAL_STOP,-9615.24,-9876.04
target_20pct,BEL,2022-04-08,2022-05-09,79.55,74.90,1701,31,INITIAL_STOP,-7907.10,-8169.82
target_20pct,ADANIENT,2022-04-06,2022-05-12,2153.75,2029.79,62,36,INITIAL_STOP,-7685.27,-7944.65
target_20pct,NTPC,2022-04-07,2022-05-13,152.95,145.67,884,36,INITIAL_STOP,-6438.23,-6702.20
target_20pct,POWERGRID,2022-05-10,2022-05-18,180.80,170.33,708,8,INITIAL_STOP,-7411.49,-7660.10
target_20pct,ITC,2022-05-20,2022-06-16,239.60,226.19,525,27,INITIAL_STOP,-7038.25,-7282.79
target_20pct,HAL,2022-05-24,2022-07-25,909.90,951.70,138,62,MAX_HOLD,5768.40,5511.50
target_20pct,SIEMENS,2022-07-22,2022-07-26,2133.05,2032.08,58,4,INITIAL_STOP,-5856.16,-6097.74
target_20pct,M&M,2022-05-31,2022-08-01,997.95,1197.54,126,62,TARGET,25148.34,24871.71
target_20pct,CUMMINSIND,2022-07-22,2022-08-04,1225.00,1156.67,102,13,INITIAL_STOP,-6969.27,-7212.20
target_20pct,BEL,2022-07-22,2022-09-02,89.95,107.94,1391,42,TARGET,25024.09,24748.83
target_20pct,HAL,2022-08-10,2022-09-12,1080.00,1296.00,117,33,TARGET,25272.00,24994.01
target_20pct,AMBUJACEM,2022-09-08,2022-09-16,453.95,544.74,285,8,TARGET,25875.15,25590.52
target_20pct,HAL,2022-09-13,2022-09-16,1316.65,1244.31,100,3,INITIAL_STOP,-7234.17,-7490.27
target_20pct,AMBUJACEM,2022-09-20,2022-09-21,579.00,533.32,230,1,INITIAL_STOP,-10506.44,-10762.27
target_20pct,NTPC,2022-09-15,2022-09-23,174.40,166.19,756,8,INITIAL_STOP,-6205.52,-6463.01
target_20pct,SBILIFE,2022-08-01,2022-09-28,1300.00,1232.90,96,58,INITIAL_STOP,-6441.70,-6684.85
target_20pct,M&M,2022-08-02,2022-10-03,1237.70,1251.35,103,62,MAX_HOLD,1405.95,1149.58
target_20pct,ITC,2022-08-03,2022-10-03,268.90,280.55,474,61,MAX_HOLD,5522.10,5261.66
target_20pct,FEDERALBNK,2022-08-03,2022-10-03,110.65,116.30,1153,61,MAX_HOLD,6514.45,6252.78
target_20pct,ADANIENT,2022-09-05,2022-10-03,3374.10,3170.73,38,28,INITIAL_STOP,-7727.92,-7976.62
target_20pct,AXISBANK,2022-10-24,2022-11-02,916.00,867.19,143,9,INITIAL_STOP,-6979.97,-7234.96
target_20pct,MARUTI,2022-10-31,2022-11-02,9650.00,9221.66,13,2,INITIAL_STOP,-5568.44,-5813.78
target_20pct,NTPC,2022-11-02,2022-11-09,181.90,172.82,724,7,INITIAL_STOP,-6575.94,-6832.75
target_20pct,TRENT,2022-11-01,2022-11-11,1544.95,1458.28,85,10,INITIAL_STOP,-7367.02,-7622.29
target_20pct,SBIN,2022-11-09,2022-11-14,621.00,592.00,210,5,INITIAL_STOP,-6090.41,-6345.14
target_20pct,PNB,2022-11-10,2022-11-25,43.73,52.48,2967,15,TARGET,25949.38,25663.94
target_20pct,BANKBARODA,2022-11-09,2022-12-09,146.94,176.33,887,30,TARGET,26067.16,25780.42
target_20pct,FEDERALBNK,2022-10-17,2022-12-16,132.00,136.05,998,60,MAX_HOLD,4041.90,3774.39
target_20pct,DABUR,2022-12-08,2022-12-16,605.50,581.10,216,8,INITIAL_STOP,-5270.83,-5527.13
target_20pct,HAL,2022-11-17,2022-12-22,1348.20,1262.33,95,35,INITIAL_STOP,-8157.50,-8405.50
target_20pct,PNB,2022-11-28,2022-12-23,52.82,49.06,2479,25,INITIAL_STOP,-9331.28,-9583.83
target_20pct,CUMMINSIND,2022-11-01,2023-01-02,1348.00,1385.65,97,62,MAX_HOLD,3652.05,3386.89
target_20pct,BRITANNIA,2022-11-09,2023-01-09,4140.00,4364.30,31,61,MAX_HOLD,6953.30,6689.67
target_20pct,LT,2023-01-18,2023-01-27,2221.00,2136.19,59,9,INITIAL_STOP,-5003.81,-5260.88
target_20pct,BRITANNIA,2023-02-03,2023-02-27,4590.00,4406.12,28,24,INITIAL_STOP,-5148.60,-5400.49
target_20pct,HAL,2023-03-09,2023-03-16,1434.00,1348.91,91,7,INITIAL_STOP,-7743.18,-7996.42
target_20pct,SHREECEM,2023-02-21,2023-03-20,26460.05,24838.84,4,27,INITIAL_STOP,-6484.86,-6690.05
target_20pct,ITC,2023-02-03,2023-04-05,330.30,334.20,399,61,MAX_HOLD,1556.10,1290.96
target_20pct,CUMMINSIND,2023-02-10,2023-04-11,1579.50,1577.40,83,60,MAX_HOLD,-174.30,-436.32
target_20pct,SIEMENS,2023-02-16,2023-04-17,2473.55,2544.15,53,60,MAX_HOLD,3741.80,3475.86
target_20pct,CHOLAFIN,2023-04-10,2023-05-12,847.80,1017.36,153,32,TARGET,25942.68,25657.31
target_20pct,TATAMOTORS,2023-05-16,2023-05-18,533.95,511.74,249,2,INITIAL_STOP,-5530.00,-5790.38
target_20pct,SIEMENS,2023-05-15,2023-05-19,2981.70,2864.76,44,4,INITIAL_STOP,-5145.29,-5402.53
target_20pct,IOC,2023-05-17,2023-05-19,71.26,68.81,1866,2,INITIAL_STOP,-4563.84,-4825.22
target_20pct,KOTAKBANK,2023-06-01,2023-06-08,1968.00,1893.57,66,7,INITIAL_STOP,-4912.10,-5166.96
target_20pct,BAJAJ-AUTO,2023-04-13,2023-06-12,4164.50,4652.00,31,60,MAX_HOLD,15112.50,14839.19
target_20pct,GODREJPROP,2023-06-16,2023-06-22,1579.95,1503.94,83,6,INITIAL_STOP,-6308.98,-6564.95
target_20pct,TATACONSUM,2023-06-15,2023-06-23,853.40,822.36,155,8,INITIAL_STOP,-4811.10,-5070.84
target_20pct,DLF,2023-05-16,2023-07-17,474.70,498.05,280,62,MAX_HOLD,6538.00,6265.63
target_20pct,IOC,2023-05-24,2023-07-24,72.53,83.05,1812,61,MAX_HOLD,19062.24,18780.33
target_20pct,RELIANCE,2023-07-20,2023-07-24,1290.00,1244.79,102,4,INITIAL_STOP,-4611.30,-4869.85
target_20pct,CUMMINSIND,2023-05-29,2023-07-28,1755.80,1955.05,74,60,MAX_HOLD,14744.50,14469.90
target_20pct,NTPC,2023-06-30,2023-08-01,188.10,225.72,697,32,TARGET,26221.14,25932.71
target_20pct,HDFCLIFE,2023-06-28,2023-08-03,667.20,631.44,196,36,INITIAL_STOP,-7009.39,-7263.93
target_20pct,APOLLOHOSP,2023-06-05,2023-08-04,4967.95,4980.30,26,60,MAX_HOLD,321.10,62.45
target_20pct,BEL,2023-06-06,2023-08-07,116.25,128.55,1130,62,MAX_HOLD,13899.00,13622.38
target_20pct,BRITANNIA,2023-06-08,2023-08-07,4901.90,4727.22,26,60,INITIAL_STOP,-4541.56,-4791.91
target_20pct,NTPC,2023-08-02,2023-08-08,225.05,215.23,610,6,INITIAL_STOP,-5991.91,-6260.48
target_20pct,HAL,2023-06-12,2023-08-11,1877.50,1895.50,69,60,MAX_HOLD,1242.00,981.66
target_20pct,SBILIFE,2023-08-09,2023-08-11,1366.00,1307.73,100,2,INITIAL_STOP,-5826.86,-6094.23
target_20pct,TRENT,2023-06-14,2023-08-14,1695.50,1929.60,78,61,MAX_HOLD,18259.80,17977.04
target_20pct,MARICO,2023-07-31,2023-08-18,574.95,549.65,234,18,INITIAL_STOP,-5919.62,-6182.77
target_20pct,DRREDDY,2023-08-10,2023-08-30,1176.00,1133.03,116,20,INITIAL_STOP,-4984.35,-5252.20
target_20pct,MCX,2023-09-04,2023-09-12,1824.10,1721.55,75,8,INITIAL_STOP,-7691.02,-7956.95
target_20pct,TATAPOWER,2023-09-11,2023-09-12,274.00,260.45,499,1,INITIAL_STOP,-6760.45,-7027.15
target_20pct,HAVELLS,2023-09-11,2023-09-13,1465.85,1404.65,93,2,INITIAL_STOP,-5691.68,-5958.64
target_20pct,CIPLA,2023-08-09,2023-09-22,1270.00,1202.44,107,44,INITIAL_STOP,-7229.25,-7493.80
target_20pct,WIPRO,2023-09-05,2023-09-22,213.65,206.51,641,17,INITIAL_STOP,-4575.57,-4844.89
target_20pct,COLPAL,2023-07-25,2023-09-25,1896.95,2002.35,70,62,MAX_HOLD,7378.00,7105.05
target_20pct,LT,2023-07-27,2023-09-25,2668.95,2902.50,49,60,MAX_HOLD,11443.95,11170.95
target_20pct,BAJAJ-AUTO,2023-09-18,2023-10-04,4997.50,4822.67,26,16,INITIAL_STOP,-4545.61,-4800.93
target_20pct,TRENT,2023-08-16,2023-10-16,1929.00,2107.65,71,61,MAX_HOLD,12684.15,12397.55
target_20pct,TATACONSUM,2023-10-16,2023-10-19,906.55,873.20,148,3,INITIAL_STOP,-4935.85,-5199.25
target_20pct,MCX,2023-09-26,2023-10-20,1914.00,2296.80,70,24,TARGET,26796.00,26501.24
target_20pct,DLF,2023-10-11,2023-10-23,562.60,534.43,239,12,INITIAL_STOP,-6732.15,-6994.34
target_20pct,PNB,2023-09-14,2023-10-25,70.94,66.63,1901,41,INITIAL_STOP,-8185.63,-8447.15
target_20pct,TATAMOTORS,2023-10-16,2023-10-25,668.55,643.46,201,9,INITIAL_STOP,-5043.50,-5307.22
target_20pct,GRASIM,2023-09-14,2023-10-26,1935.30,1860.37,69,42,INITIAL_STOP,-5170.08,-5431.98
target_20pct,BHARTIARTL,2023-09-18,2023-11-01,929.40,897.54,145,44,INITIAL_STOP,-4619.23,-4884.14
target_20pct,MARUTI,2023-09-04,2023-11-03,10401.00,10276.30,13,60,MAX_HOLD,-1621.10,-1889.90
target_20pct,IOC,2023-11-07,2023-12-01,86.14,103.37,1567,24,TARGET,26996.28,26699.32
target_20pct,HAL,2023-11-29,2023-12-11,2332.00,2798.40,57,12,TARGET,26584.80,26292.37
target_20pct,TRENT,2023-11-08,2023-12-13,2450.00,2940.00,55,35,TARGET,26950.00,26653.55
target_20pct,JINDALSTEL,2023-12-13,2023-12-18,752.00,716.43,186,5,INITIAL_STOP,-6616.72,-6889.84
target_20pct,BAJAJ-AUTO,2023-10-20,2023-12-19,5315.50,6260.50,25,60,MAX_HOLD,23625.00,23335.60
target_20pct,NESTLEIND,2023-10-20,2023-12-19,1205.00,1274.50,112,60,MAX_HOLD,7784.00,7506.30
target_20pct,IRCTC,2023-12-19,2023-12-20,881.20,831.03,161,1,INITIAL_STOP,-8077.72,-8353.39
target_20pct,GAIL,2023-12-04,2024-01-01,128.64,154.37,1070,28,TARGET,27528.96,27226.14
target_20pct,COFORGE,2023-12-15,2024-01-03,1239.50,1176.62,115,19,INITIAL_STOP,-7231.41,-7509.26
target_20pct,GODREJPROP,2023-11-06,2024-01-04,1819.00,2182.80,74,59,TARGET,26921.20,26625.07
target_20pct,DIVISLAB,2024-01-03,2024-01-10,4050.00,3878.01,36,7,INITIAL_STOP,-6191.74,-6477.14
target_20pct,HEROMOTOCO,2023-11-24,2024-01-11,3383.10,4059.72,39,48,TARGET,26388.18,26097.91
target_20pct,EICHERMOT,2023-11-16,2024-01-15,3848.05,3832.10,35,60,MAX_HOLD,-558.25,-827.06
target_20pct,TATACONSUM,2023-12-20,2024-01-15,963.05,1155.66,151,26,TARGET,29084.11,28764.18
target_20pct,COFORGE,2024-01-15,2024-01-18,1340.00,1266.54,112,3,INITIAL_STOP,-8227.94,-8519.88
target_20pct,SBILIFE,2023-11-20,2024-01-19,1413.95,1440.60,95,60,MAX_HOLD,2531.75,2260.57
target_20pct,BPCL,2023-11-29,2024-01-20,196.20,235.44,688,52,TARGET,26997.12,26700.15
target_20pct,NESTLEIND,2023-12-20,2024-01-20,1284.70,1240.20,113,31,INITIAL_STOP,-5028.41,-5313.73
target_20pct,IRCTC,2024-01-23,2024-01-24,1045.05,974.19,148,1,INITIAL_STOP,-10486.73,-10785.58
target_20pct,CIPLA,2024-01-24,2024-01-29,1409.00,1344.69,110,5,INITIAL_STOP,-7073.76,-7376.66
target_20pct,VOLTAS,2024-02-01,2024-02-05,1091.00,1018.55,140,4,INITIAL_STOP,-10142.83,-10438.17
target_20pct,WIPRO,2023-12-26,2024-02-16,222.60,267.12,649,52,TARGET,28893.48,28575.65
target_20pct,BAJAJ-AUTO,2024-01-04,2024-02-16,6851.50,8221.80,21,43,TARGET,28776.30,28459.76
target_20pct,FEDERALBNK,2024-02-19,2024-02-20,165.95,156.99,954,1,INITIAL_STOP,-8548.30,-8856.39
target_20pct,GODREJPROP,2024-01-05,2024-03-05,2210.00,2485.85,67,60,MAX_HOLD,18481.95,18167.33
target_20pct,TECHM,2024-01-16,2024-03-05,1278.70,1209.21,120,49,INITIAL_STOP,-8338.28,-8636.83
target_20pct,HEROMOTOCO,2024-01-12,2024-03-12,4041.25,4544.85,37,60,MAX_HOLD,18633.20,18315.51
target_20pct,BEL,2024-02-26,2024-03-13,205.65,193.34,765,16,INITIAL_STOP,-9420.42,-9725.65
target_20pct,TATAPOWER,2024-03-11,2024-03-13,414.00,388.79,382,2,INITIAL_STOP,-9630.97,-9937.63
target_20pct,HCLTECH,2024-01-16,2024-03-18,1587.00,1643.40,97,62,MAX_HOLD,5470.80,5157.45
target_20pct,BHARTIARTL,2024-01-20,2024-03-20,1128.05,1231.80,135,60,MAX_HOLD,14006.25,13687.67
target_20pct,PERSISTENT,2024-01-24,2024-03-20,4199.00,3962.80,37,56,INITIAL_STOP,-8739.36,-9041.34
target_20pct,DRREDDY,2024-02-01,2024-04-01,1217.90,1250.05,126,60,MAX_HOLD,4050.90,3739.94
target_20pct,TATAMOTORS,2024-02-06,2024-04-08,936.40,1013.20,162,62,MAX_HOLD,12441.60,12125.76
target_20pct,VEDL,2024-04-03,2024-04-10,267.75,321.30,596,7,TARGET,31915.80,31564.73
target_20pct,COLPAL,2024-03-18,2024-04-15,2728.55,2595.30,58,28,INITIAL_STOP,-7728.24,-8037.02
target_20pct,M&M,2024-02-19,2024-04-19,1836.05,2082.90,86,60,MAX_HOLD,21229.10,20892.07
target_20pct,GODREJPROP,2024-04-09,2024-04-19,2663.95,2485.75,60,10,INITIAL_STOP,-10692.06,-11001.04
target_20pct,VOLTAS,2024-04-03,2024-04-25,1194.40,1433.28,133,22,TARGET,31771.04,31421.56
target_20pct,PIDILITIND,2024-03-07,2024-05-06,1417.60,1476.60,111,60,MAX_HOLD,6549.00,6227.74
target_20pct,FEDERALBNK,2024-05-03,2024-05-06,168.50,160.64,992,3,INITIAL_STOP,-7793.59,-8120.10
target_20pct,MCX,2024-04-26,2024-05-07,4160.85,3827.98,40,11,INITIAL_STOP,-13314.72,-13634.27
target_20pct,GAIL,2024-04-09,2024-05-10,195.60,182.94,822,31,INITIAL_STOP,-10405.28,-10716.45
target_20pct,SIEMENS,2024-03-28,2024-05-13,4028.90,4834.68,39,46,TARGET,31425.42,31079.74
target_20pct,GODREJPROP,2024-05-07,2024-05-13,2834.00,2636.42,58,6,INITIAL_STOP,-11459.74,-11777.02
target_20pct,VEDL,2024-04-12,2024-05-14,327.10,392.52,501,32,TARGET,32775.42,32414.89
target_20pct,BEL,2024-04-03,2024-05-21,221.70,266.04,719,48,TARGET,31880.46,31529.77
target_20pct,BHARTIARTL,2024-04-19,2024-06-04,1280.00,1223.53,127,46,INITIAL_STOP,-7171.13,-7489.08
target_20pct,SIEMENS,2024-05-14,2024-06-04,5074.05,4784.07,32,21,INITIAL_STOP,-9279.27,-9594.73
target_20pct,CUMMINSIND,2024-05-14,2024-06-04,3521.95,3335.64,47,21,INITIAL_STOP,-8756.57,-9078.88
target_20pct,JINDALSTEL,2024-05-15,2024-06-04,987.00,927.75,172,20,INITIAL_STOP,-10190.87,-10520.21
target_20pct,HAL,2024-05-17,2024-06-04,4644.95,4344.39,36,18,INITIAL_STOP,-10819.99,-11143.60
target_20pct,BEL,2024-05-22,2024-06-04,277.00,258.70,624,13,INITIAL_STOP,-11419.99,-11754.27
target_20pct,EICHERMOT,2024-04-09,2024-06-10,4247.80,4782.75,37,62,MAX_HOLD,19793.15,19459.02
target_20pct,HAL,2024-06-19,2024-06-24,5580.00,5133.60,30,5,INITIAL_STOP,-13392.00,-13713.41
target_20pct,HAVELLS,2024-04-29,2024-06-28,1656.50,1822.40,101,60,MAX_HOLD,16755.90,16404.53
target_20pct,MARICO,2024-05-09,2024-07-08,590.20,641.30,280,60,MAX_HOLD,14308.00,13963.18
target_20pct,M&M,2024-05-18,2024-07-18,2527.95,2819.45,67,61,MAX_HOLD,19530.50,19172.22
target_20pct,SIEMENS,2024-06-18,2024-07-18,5961.05,5504.85,28,30,INITIAL_STOP,-12773.68,-13094.73
target_20pct,WIPRO,2024-07-15,2024-07-22,277.95,265.37,614,7,INITIAL_STOP,-7723.35,-8056.95
target_20pct,MUTHOOTFIN,2024-06-28,2024-07-23,1831.50,1727.17,91,25,INITIAL_STOP,-9494.47,-9818.31
target_20pct,CHOLAFIN,2024-06-14,2024-07-25,1435.00,1341.60,117,41,INITIAL_STOP,-10927.38,-11252.24
target_20pct,DABUR,2024-06-06,2024-08-05,600.25,634.00,278,60,MAX_HOLD,9382.50,9039.38
target_20pct,BRITANNIA,2024-06-06,2024-08-05,5465.00,5697.90,30,60,MAX_HOLD,6987.00,6652.11
target_20pct,INFY,2024-07-22,2024-08-05,1800.15,1727.39,95,14,INITIAL_STOP,-6912.61,-7247.73
target_20pct,TATAMOTORS,2024-07-26,2024-08-05,1111.95,1056.05,151,10,INITIAL_STOP,-8441.52,-8768.88
target_20pct,ULTRACEMCO,2024-06-28,2024-08-14,11699.90,11065.70,14,47,INITIAL_STOP,-8878.75,-9197.47
target_20pct,GRASIM,2024-06-28,2024-08-27,2635.95,2699.90,63,60,MAX_HOLD,4028.85,3692.69
target_20pct,PERSISTENT,2024-07-02,2024-09-02,4496.00,5206.80,37,62,MAX_HOLD,26299.60,25940.60
target_20pct,FEDERALBNK,2024-07-24,2024-09-04,197.00,187.22,860,42,INITIAL_STOP,-8411.75,-8742.18
target_20pct,BHARTIARTL,2024-09-02,2024-09-06,1605.00,1540.90,104,4,INITIAL_STOP,-6666.20,-6993.38
target_20pct,VOLTAS,2024-08-13,2024-09-13,1582.55,1899.06,106,31,TARGET,33550.06,33181.01
target_20pct,TRENT,2024-08-12,2024-09-23,6302.95,7563.54,26,42,TARGET,32775.34,32414.81
target_20pct,SBILIFE,2024-07-26,2024-09-24,1686.25,1864.35,99,60,MAX_HOLD,17631.90,17280.39
target_20pct,BAJAJ-AUTO,2024-08-26,2024-09-24,10118.50,12142.20,16,29,TARGET,32379.20,32023.03
target_20pct,COLPAL,2024-07-31,2024-09-30,3384.95,3804.50,49,61,MAX_HOLD,20557.95,20205.67
target_20pct,ICICIBANK,2024-09-23,2024-09-30,1331.00,1282.20,129,7,INITIAL_STOP,-6295.15,-6632.26
target_20pct,POWERGRID,2024-09-26,2024-09-30,364.05,349.89,495,4,INITIAL_STOP,-7007.30,-7360.70
target_20pct,MUTHOOTFIN,2024-09-16,2024-10-04,2025.00,1924.13,84,18,INITIAL_STOP,-8473.00,-8804.73
target_20pct,CHOLAFIN,2024-09-06,2024-10-17,1543.00,1454.16,109,41,INITIAL_STOP,-9683.47,-10010.16
target_20pct,VEDL,2024-09-27,2024-10-17,488.00,461.19,369,20,INITIAL_STOP,-9894.38,-10244.63
target_20pct,SIEMENS,2024-10-17,2024-10-18,6083.95,5763.57,29,1,INITIAL_STOP,-9291.05,-9634.63
target_20pct,MCX,2024-09-17,2024-10-23,5593.10,6711.72,30,36,TARGET,33558.60,33189.46
target_20pct,JSWSTEEL,2024-09-25,2024-10-25,996.00,951.89,181,30,INITIAL_STOP,-7983.41,-8335.97
target_20pct,BAJAJFINSV,2024-08-30,2024-10-29,1769.95,1766.70,94,60,MAX_HOLD,-305.50,-637.95
target_20pct,DIVISLAB,2024-09-11,2024-11-11,5405.00,5899.95,31,61,MAX_HOLD,15343.45,14993.00
target_20pct,APOLLOHOSP,2024-11-08,2024-11-11,7390.05,7059.80,24,3,INITIAL_STOP,-7926.00,-8272.80
target_20pct,COFORGE,2024-10-25,2024-12-12,1537.00,1844.40,117,48,TARGET,35965.80,35570.18
target_20pct,MCX,2024-12-09,2024-12-13,6974.70,6498.03,25,4,INITIAL_STOP,-11916.83,-12253.64
target_20pct,PERSISTENT,2024-10-24,2024-12-23,5693.45,6403.15,31,60,MAX_HOLD,22000.70,21625.71
target_20pct,EICHERMOT,2025-01-03,2025-01-10,5325.00,5074.98,34,7,INITIAL_STOP,-8500.83,-8854.43
target_20pct,COFORGE,2024-12-31,2025-01-13,1940.00,1844.83,95,13,INITIAL_STOP,-9041.27,-9400.83
target_20pct,EICHERMOT,2025-02-04,2025-02-11,5536.55,5270.72,33,7,INITIAL_STOP,-8772.25,-9128.89
target_20pct,MUTHOOTFIN,2025-02-14,2025-02-21,2327.00,2182.61,78,7,INITIAL_STOP,-11262.51,-11614.26
target_20pct,BAJFINANCE,2025-01-31,2025-04-01,792.50,870.00,230,60,MAX_HOLD,17825.00,17442.62
target_20pct,KOTAKBANK,2025-02-14,2025-04-15,1974.00,2120.20,92,60,MAX_HOLD,13450.40,13073.73
target_20pct,MCX,2025-06-09,2025-07-01,7568.50,9082.20,24,22,TARGET,36328.80,35929.18
target_20pct,HDFCLIFE,2025-06-30,2025-07-03,809.00,778.45,227,3,INITIAL_STOP,-6934.85,-7295.20
target_20pct,BEL,2025-05-19,2025-07-18,372.90,394.75,492,60,MAX_HOLD,10750.20,10372.52
target_20pct,DIVISLAB,2025-05-20,2025-07-21,6580.00,6688.00,27,62,MAX_HOLD,2916.00,2557.76
target_20pct,MUTHOOTFIN,2025-08-18,2025-08-28,2800.00,2643.23,67,10,INITIAL_STOP,-10503.79,-10868.49
target_20pct,ULTRACEMCO,2025-08-19,2025-09-12,12787.00,12358.21,14,24,INITIAL_STOP,-6003.01,-6355.04
target_20pct,EICHERMOT,2025-08-19,2025-09-23,5918.00,7101.60,31,35,TARGET,36691.60,36287.99
target_20pct,APOLLOHOSP,2025-08-14,2025-09-29,7830.00,7488.97,24,46,INITIAL_STOP,-8184.77,-8552.42
target_20pct,MARUTI,2025-08-19,2025-10-20,14070.00,16424.00,13,62,MAX_HOLD,30602.00,30205.58
target_20pct,MCX,2025-10-15,2025-10-23,9560.00,9048.67,19,8,INITIAL_STOP,-9715.33,-10068.89
target_20pct,CIPLA,2025-10-21,2025-10-24,1646.70,1588.14,116,3,INITIAL_STOP,-6792.83,-7168.07
target_20pct,M&M,2025-09-05,2025-11-04,3511.00,3581.20,53,60,MAX_HOLD,3720.60,3344.71
target_20pct,HINDALCO,2025-10-27,2025-11-06,834.90,802.67,227,10,INITIAL_STOP,-7317.15,-7688.88
target_20pct,BHARTIARTL,2025-11-06,2025-11-07,2115.00,2043.04,90,1,INITIAL_STOP,-6476.24,-6850.46
target_20pct,TATASTEEL,2025-10-10,2025-11-07,176.00,181.37,1073,28,END_OF_BACKTEST,5762.01,5378.55
target_20pct,PNB,2025-10-13,2025-11-27,116.87,124.94,1617,45,END_OF_BACKTEST,13049.19,12658.18
target_20pct,NESTLEIND,2025-10-17,2025-11-07,1263.90,1262.70,149,21,END_OF_BACKTEST,-178.80,-555.26
target_20pct,FEDERALBNK,2025-10-21,2025-11-27,228.39,255.35,840,37,END_OF_BACKTEST,22646.40,22240.06
target_20pct,IDFCFIRSTB,2025-10-24,2025-11-27,78.96,80.75,2419,34,END_OF_BACKTEST,4330.01,3943.67
target_20pct,SBIN,2025-10-29,2025-11-07,933.90,955.85,203,9,END_OF_BACKTEST,4455.85,4072.23
target_20pct,IOC,2025-10-30,2025-11-27,163.09,163.70,1166,28,END_OF_BACKTEST,711.26,330.22
target_20pct,SBILIFE,2025-10-30,2025-11-20,1970.40,2031.00,96,21,END_OF_BACKTEST,5817.60,5433.47
target_20pct,MUTHOOTFIN,2025-11-17,2025-11-27,3725.60,3753.00,50,10,END_OF_BACKTEST,1370.00,996.07
