scope,weekday,wallclock,n,median,p25,p10,pct_ge_4k,pct_gt_0
AGG_BOOK,Mon,09:36,17,3708,-36,-1037,47,71
AGG_BOOK,Mon,09:41,17,4248,972,-857,53,82
AGG_BOOK,Mon,09:46,17,5340,1284,-2378,59,82
AGG_BOOK,Mon,09:51,17,6048,1854,-2306,71,88
AGG_BOOK,Mon,09:56,17,5028,1680,-1303,65,88
AGG_BOOK,Mon,10:01,17,6396,2928,-3406,65,82
AGG_BOOK,Mon,10:06,17,7740,3276,-749,71,88
AGG_BOOK,Mon,10:11,17,7488,2064,-715,65,88
AGG_BOOK,Mon,10:16,17,6360,3936,-293,71,88
AGG_BOOK,Mon,10:21,17,6156,3084,-468,59,88
AGG_BOOK,Tue,09:36,16,-1334,-10946,-15256,19,44
AGG_BOOK,Tue,09:41,16,986,-6015,-14504,38,56
AGG_BOOK,Tue,09:46,16,1647,-4173,-13470,44,56
AGG_BOOK,Tue,09:51,16,4959,-2359,-13058,56,62
AGG_BOOK,Tue,09:56,16,5234,-216,-11736,69,75
AGG_BOOK,Tue,10:01,16,7452,-45,-10174,62,75
AGG_BOOK,Tue,10:06,16,9750,-2702,-7266,69,69
AGG_BOOK,Tue,10:11,16,6720,-1378,-8186,62,69
AGG_BOOK,Tue,10:16,16,10243,-634,-4482,62,69
AGG_BOOK,Tue,10:21,16,9544,745,-3096,62,75
AGG_BOOK,Wed,09:36,17,-2592,-5964,-11312,12,41
AGG_BOOK,Wed,09:41,17,-1737,-5886,-12520,12,47
AGG_BOOK,Wed,09:46,17,-1488,-5874,-10850,24,41
AGG_BOOK,Wed,09:51,17,-1644,-4188,-10806,24,47
AGG_BOOK,Wed,09:56,17,-2562,-7368,-9877,18,41
AGG_BOOK,Wed,10:01,17,-156,-10716,-11826,18,41
AGG_BOOK,Wed,10:06,17,-969,-9504,-11627,24,47
AGG_BOOK,Wed,10:11,17,-420,-8376,-12451,24,41
AGG_BOOK,Wed,10:16,17,378,-7590,-12043,24,53
AGG_BOOK,Wed,10:21,17,-1875,-8352,-14430,24,47
AGG_BOOK,Thu,09:36,16,1223,-3503,-7748,38,62
AGG_BOOK,Thu,09:41,16,3290,-3650,-7926,50,56
AGG_BOOK,Thu,09:46,16,5150,-4134,-9450,50,56
AGG_BOOK,Thu,09:51,16,4627,-3011,-10634,56,56
AGG_BOOK,Thu,09:56,16,5583,-5456,-14652,50,62
AGG_BOOK,Thu,10:01,16,8260,-4733,-19442,56,62
AGG_BOOK,Thu,10:06,16,8148,-1362,-24856,62,62
AGG_BOOK,Thu,10:11,16,10206,-2412,-27967,62,69
AGG_BOOK,Thu,10:16,16,11019,-2000,-26552,62,69
AGG_BOOK,Thu,10:21,16,9820,-658,-32618,56,69
AGG_BOOK,Fri,09:36,15,-3312,-6333,-9552,0,20
AGG_BOOK,Fri,09:41,15,-2808,-5598,-6587,0,13
AGG_BOOK,Fri,09:46,15,-3294,-7293,-10721,7,20
AGG_BOOK,Fri,09:51,15,-4560,-6735,-10798,7,20
AGG_BOOK,Fri,09:56,15,-4404,-7770,-12030,13,13
AGG_BOOK,Fri,10:01,15,-5800,-7575,-11714,13,13
AGG_BOOK,Fri,10:06,15,-5292,-7543,-10832,20,27
AGG_BOOK,Fri,10:11,15,-5040,-9385,-12435,13,27
AGG_BOOK,Fri,10:16,15,-4900,-9109,-11826,20,33
AGG_BOOK,Fri,10:21,15,-2828,-9064,-12588,33,40
CSL30F_S_WED|lots3,,09:36,17,-183,-1491,-4635,0,47
CSL30F_S_WED|lots3,,09:41,17,-354,-2487,-3860,0,41
CSL30F_S_WED|lots3,,09:46,17,-372,-2022,-3748,0,47
CSL30F_S_WED|lots3,,09:51,17,-348,-2064,-3397,0,41
CSL30F_S_WED|lots3,,09:56,17,-420,-1986,-4189,0,47
CSL30F_S_WED|lots3,,10:01,17,39,-1536,-4454,0,53
CSL30F_S_WED|lots3,,10:06,17,69,-2232,-4548,0,53
CSL30F_S_WED|lots3,,10:11,17,-729,-1962,-4908,0,47
CSL30F_S_WED|lots3,,10:16,17,483,-1971,-5305,0,53
CSL30F_S_WED|lots3,,10:21,17,729,-3204,-4273,0,53
NAS_N_ATM2|lots3,,09:36,48,117,-937,-2640,0,52
NAS_N_ATM2|lots3,,09:41,48,746,-476,-1981,2,58
NAS_N_ATM2|lots3,,09:46,48,672,-701,-1906,2,62
NAS_N_ATM2|lots3,,09:51,48,1014,-994,-2852,6,69
NAS_N_ATM2|lots3,,09:56,48,1118,-912,-3016,6,65
NAS_N_ATM2|lots3,,10:01,48,1252,-464,-2625,6,65
NAS_N_ATM2|lots3,,10:06,48,1623,-20,-2600,10,75
NAS_N_ATM2|lots3,,10:11,48,1330,-519,-2645,10,71
NAS_N_ATM2|lots3,,10:16,48,1478,-210,-1993,10,71
NAS_N_ATM2|lots3,,10:21,48,1530,315,-2234,12,75
NAS_N_ATM4|lots3,,09:36,48,-180,-1269,-2582,0,42
NAS_N_ATM4|lots3,,09:41,48,-273,-1374,-2500,0,42
NAS_N_ATM4|lots3,,09:46,48,-249,-1773,-3182,0,48
NAS_N_ATM4|lots3,,09:51,48,-286,-1588,-3330,4,48
NAS_N_ATM4|lots3,,09:56,48,-33,-1586,-3417,4,50
NAS_N_ATM4|lots3,,10:01,48,-126,-1743,-3414,4,46
NAS_N_ATM4|lots3,,10:06,48,28,-1497,-3579,4,50
NAS_N_ATM4|lots3,,10:11,48,-84,-2228,-3827,4,50
NAS_N_ATM4|lots3,,10:16,48,-10,-1856,-3184,2,50
NAS_N_ATM4|lots3,,10:21,48,620,-2348,-3834,2,56
NAS_N_ATM|lots3,,09:36,48,-180,-1269,-2582,0,42
NAS_N_ATM|lots3,,09:41,48,-273,-1374,-2500,0,42
NAS_N_ATM|lots3,,09:46,48,-249,-1773,-3182,0,48
NAS_N_ATM|lots3,,09:51,48,-286,-1588,-3330,4,48
NAS_N_ATM|lots3,,09:56,48,-33,-1586,-3417,4,50
NAS_N_ATM|lots3,,10:01,48,-126,-1743,-3414,4,46
NAS_N_ATM|lots3,,10:06,48,28,-1497,-3579,4,50
NAS_N_ATM|lots3,,10:11,48,-84,-2228,-3827,4,50
NAS_N_ATM|lots3,,10:16,48,-10,-1856,-3184,2,50
NAS_N_ATM|lots3,,10:21,48,620,-2348,-3834,2,56
NAS_N_COMB|lots3,,09:36,48,117,-937,-2640,0,52
NAS_N_COMB|lots3,,09:41,48,746,-476,-1981,2,58
NAS_N_COMB|lots3,,09:46,48,672,-701,-2344,2,62
NAS_N_COMB|lots3,,09:51,48,1014,-994,-2852,6,69
NAS_N_COMB|lots3,,09:56,48,1118,-912,-3770,6,65
NAS_N_COMB|lots3,,10:01,48,1252,-464,-2881,6,65
NAS_N_COMB|lots3,,10:06,48,1623,-20,-2670,10,75
NAS_N_COMB|lots3,,10:11,48,1330,-519,-2683,10,71
NAS_N_COMB|lots3,,10:16,48,1478,-210,-2394,10,71
NAS_N_COMB|lots3,,10:21,48,1530,-29,-3288,12,73
NAS_N_COMB|lots5,,09:36,16,725,-470,-2932,19,56
NAS_N_COMB|lots5,,09:41,16,1358,41,-3312,38,75
NAS_N_COMB|lots5,,09:46,16,2440,-509,-3135,44,62
NAS_N_COMB|lots5,,09:51,16,2868,-882,-2665,50,69
NAS_N_COMB|lots5,,09:56,16,3445,-1511,-2810,50,69
NAS_N_COMB|lots5,,10:01,16,3998,-2005,-4405,50,69
NAS_N_COMB|lots5,,10:06,16,4680,-1045,-6638,56,69
NAS_N_COMB|lots5,,10:11,16,5005,-950,-7588,56,69
NAS_N_COMB|lots5,,10:16,16,4958,106,-6442,56,75
NAS_N_COMB|lots5,,10:21,16,4680,950,-7660,50,75
NAS_S_ATM2|lots3,,09:36,34,-80,-1302,-4109,0,50
NAS_S_ATM2|lots3,,09:41,34,33,-2134,-3976,0,50
NAS_S_ATM2|lots3,,09:46,34,30,-1912,-3970,0,50
NAS_S_ATM2|lots3,,09:51,34,286,-1871,-3972,0,53
NAS_S_ATM2|lots3,,09:56,34,240,-1958,-4669,3,56
NAS_S_ATM2|lots3,,10:01,34,422,-2147,-4837,6,56
NAS_S_ATM2|lots3,,10:06,34,558,-2124,-4931,9,59
NAS_S_ATM2|lots3,,10:11,34,435,-1851,-4880,6,56
NAS_S_ATM2|lots3,,10:16,34,552,-2650,-4902,12,59
NAS_S_ATM2|lots3,,10:21,34,756,-3070,-4880,15,56
NAS_S_ATM4|lots3,,09:36,34,104,-1085,-1802,0,53
NAS_S_ATM4|lots3,,09:41,34,478,-964,-2283,0,56
NAS_S_ATM4|lots3,,09:46,34,140,-812,-2067,0,53
NAS_S_ATM4|lots3,,09:51,34,604,-1299,-2038,0,59
NAS_S_ATM4|lots3,,09:56,34,676,-1497,-2996,3,56
NAS_S_ATM4|lots3,,10:01,34,687,-1874,-3376,6,62
NAS_S_ATM4|lots3,,10:06,34,574,-875,-3666,9,59
NAS_S_ATM4|lots3,,10:11,34,1460,-1443,-4171,6,65
NAS_S_ATM4|lots3,,10:16,34,1358,-1059,-4025,12,65
NAS_S_ATM4|lots3,,10:21,34,1030,-1535,-5199,15,62
NAS_S_ATM|lots3,,09:36,34,104,-1085,-1802,0,53
NAS_S_ATM|lots3,,09:41,34,478,-964,-2283,0,56
NAS_S_ATM|lots3,,09:46,34,140,-812,-2067,0,53
NAS_S_ATM|lots3,,09:51,34,604,-1299,-2038,0,59
NAS_S_ATM|lots3,,09:56,34,676,-1497,-2996,3,56
NAS_S_ATM|lots3,,10:01,34,687,-1874,-3376,6,62
NAS_S_ATM|lots3,,10:06,34,574,-875,-3666,9,59
NAS_S_ATM|lots3,,10:11,34,1460,-1443,-4171,6,65
NAS_S_ATM|lots3,,10:16,34,1358,-1059,-4025,12,65
NAS_S_ATM|lots3,,10:21,34,1030,-1535,-5199,15,62
TIMEB_N_FRI|lots8,,10:01,15,-208,-348,-734,0,47
TIMEB_N_FRI|lots8,,10:06,15,80,-392,-1010,7,53
TIMEB_N_FRI|lots8,,10:11,15,104,-400,-2179,0,67
TIMEB_N_FRI|lots8,,10:16,15,888,-948,-1667,7,60
TIMEB_N_FRI|lots8,,10:21,15,1248,-260,-2589,0,73
TIMEB_N_TUE|lots8,,09:36,16,960,-4,-5668,0,75
TIMEB_N_TUE|lots8,,09:41,16,1752,-38,-1536,6,69
TIMEB_N_TUE|lots8,,09:46,16,2264,266,-1168,19,75
TIMEB_N_TUE|lots8,,09:51,16,3640,1286,-1820,44,75
TIMEB_N_TUE|lots8,,09:56,16,4276,504,-1200,56,75
TIMEB_N_TUE|lots8,,10:01,16,4916,2688,-28,56,88
TIMEB_N_TUE|lots8,,10:06,16,5852,4090,1444,75,88
TIMEB_N_TUE|lots8,,10:11,16,6148,3564,688,69,94
TIMEB_N_TUE|lots8,,10:16,16,6840,3052,1560,69,94
TIMEB_N_TUE|lots8,,10:21,16,7760,3556,664,75,94
