venue,entry,T,arm,scope,n,mean,median,win_pct,t,worst,total
NIFTY,09:16,20,CSL15,ALLDTE,81,-310,-188,37,-3.71,-3003,-25128
NIFTY,09:16,20,CSL15,LIVEDTE,48,-280,-162,40,-2.77,-2073,-13452
NIFTY,09:16,20,CSL20,ALLDTE,81,-321,-188,37,-3.73,-3003,-26024
NIFTY,09:16,20,CSL20,LIVEDTE,48,-299,-162,40,-2.78,-2154,-14348
NIFTY,09:16,20,CSL25,ALLDTE,81,-291,-149,38,-3.45,-3003,-23573
NIFTY,09:16,20,CSL25,LIVEDTE,48,-248,-132,42,-2.4,-2645,-11897
NIFTY,09:16,20,CSL30,ALLDTE,81,-289,-149,38,-3.44,-3003,-23417
NIFTY,09:16,20,CSL30,LIVEDTE,48,-245,-132,42,-2.4,-2765,-11741
NIFTY,09:16,20,MOVE04,ALLDTE,81,-299,-149,38,-3.4,-3614,-24204
NIFTY,09:16,20,MOVE04,LIVEDTE,48,-258,-132,42,-2.33,-3614,-12372
NIFTY,09:16,20,NOSTOP,ALLDTE,81,-300,-149,38,-3.39,-3675,-24327
NIFTY,09:16,20,NOSTOP,LIVEDTE,48,-264,-132,42,-2.33,-3675,-12651
NIFTY,09:16,20,PERLEG30,ALLDTE,81,-346,-299,31,-4.42,-2967,-28053
NIFTY,09:16,20,PERLEG30,LIVEDTE,48,-337,-323,29,-3.8,-2073,-16173
NIFTY,09:16,20,RUP2500,ALLDTE,81,-289,-149,38,-3.44,-2973,-23387
NIFTY,09:16,20,RUP2500,LIVEDTE,48,-245,-132,42,-2.4,-2765,-11741
NIFTY,09:16,25,CSL15,ALLDTE,81,-268,-136,42,-2.96,-2957,-21710
NIFTY,09:16,25,CSL15,LIVEDTE,48,-248,-152,44,-2.3,-2073,-11917
NIFTY,09:16,25,CSL20,ALLDTE,81,-278,-136,42,-3.0,-2957,-22541
NIFTY,09:16,25,CSL20,LIVEDTE,48,-266,-152,44,-2.33,-2154,-12748
NIFTY,09:16,25,CSL25,ALLDTE,81,-232,-61,44,-2.53,-2957,-18758
NIFTY,09:16,25,CSL25,LIVEDTE,48,-187,-26,48,-1.7,-2645,-8965
NIFTY,09:16,25,CSL30,ALLDTE,81,-218,-61,44,-2.46,-2957,-17676
NIFTY,09:16,25,CSL30,LIVEDTE,48,-164,-26,48,-1.58,-2765,-7883
NIFTY,09:16,25,MOVE04,ALLDTE,81,-235,-61,46,-2.5,-3614,-19049
NIFTY,09:16,25,MOVE04,LIVEDTE,48,-182,-2,50,-1.58,-3614,-8755
NIFTY,09:16,25,NOSTOP,ALLDTE,81,-235,-61,44,-2.45,-4095,-19006
NIFTY,09:16,25,NOSTOP,LIVEDTE,48,-192,-26,48,-1.59,-4095,-9213
NIFTY,09:16,25,PERLEG30,ALLDTE,81,-326,-269,36,-3.69,-2925,-26409
NIFTY,09:16,25,PERLEG30,LIVEDTE,48,-310,-290,33,-3.27,-2304,-14874
NIFTY,09:16,25,RUP2500,ALLDTE,81,-218,-61,44,-2.46,-2973,-17692
NIFTY,09:16,25,RUP2500,LIVEDTE,48,-164,-26,48,-1.58,-2765,-7883
NIFTY,09:16,30,CSL15,ALLDTE,81,-206,-101,46,-2.16,-2990,-16700
NIFTY,09:16,30,CSL15,LIVEDTE,48,-178,-31,48,-1.58,-2073,-8560
NIFTY,09:16,30,CSL20,ALLDTE,81,-213,-101,46,-2.19,-2990,-17254
NIFTY,09:16,30,CSL20,LIVEDTE,48,-190,-31,48,-1.61,-2154,-9114
NIFTY,09:16,30,CSL25,ALLDTE,81,-169,-49,48,-1.77,-2990,-13657
NIFTY,09:16,30,CSL25,LIVEDTE,48,-115,42,52,-1.02,-2645,-5517
NIFTY,09:16,30,CSL30,ALLDTE,81,-150,-49,48,-1.63,-2990,-12149
NIFTY,09:16,30,CSL30,LIVEDTE,48,-84,42,52,-0.8,-2765,-4009
NIFTY,09:16,30,MOVE04,ALLDTE,81,-166,-49,48,-1.71,-3614,-13427
NIFTY,09:16,30,MOVE04,LIVEDTE,48,-110,42,52,-0.94,-3614,-5271
NIFTY,09:16,30,NOSTOP,ALLDTE,81,-170,-49,48,-1.68,-4407,-13791
NIFTY,09:16,30,NOSTOP,LIVEDTE,48,-118,42,52,-0.93,-4407,-5651
NIFTY,09:16,30,PERLEG30,ALLDTE,81,-344,-377,40,-3.6,-2804,-27832
NIFTY,09:16,30,PERLEG30,LIVEDTE,48,-379,-408,38,-3.56,-2180,-18188
NIFTY,09:16,30,RUP2500,ALLDTE,81,-150,-49,48,-1.63,-2973,-12132
NIFTY,09:16,30,RUP2500,LIVEDTE,48,-84,42,52,-0.8,-2765,-4009
NIFTY,09:16,35,CSL15,ALLDTE,81,-191,-22,49,-1.95,-2541,-15489
NIFTY,09:16,35,CSL15,LIVEDTE,48,-160,30,52,-1.3,-2073,-7674
NIFTY,09:16,35,CSL20,ALLDTE,81,-197,-22,49,-1.97,-2541,-15982
NIFTY,09:16,35,CSL20,LIVEDTE,48,-170,30,52,-1.34,-2154,-8167
NIFTY,09:16,35,CSL25,ALLDTE,81,-155,26,51,-1.58,-2645,-12567
NIFTY,09:16,35,CSL25,LIVEDTE,48,-99,58,54,-0.81,-2645,-4752
NIFTY,09:16,35,CSL30,ALLDTE,81,-142,26,51,-1.49,-2765,-11540
NIFTY,09:16,35,CSL30,LIVEDTE,48,-78,58,54,-0.66,-2765,-3725
NIFTY,09:16,35,MOVE04,ALLDTE,81,-175,26,51,-1.73,-3614,-14171
NIFTY,09:16,35,MOVE04,LIVEDTE,48,-113,58,54,-0.9,-3614,-5445
NIFTY,09:16,35,NOSTOP,ALLDTE,81,-167,26,51,-1.57,-4764,-13539
NIFTY,09:16,35,NOSTOP,LIVEDTE,48,-119,58,54,-0.84,-4764,-5724
NIFTY,09:16,35,PERLEG30,ALLDTE,81,-346,-305,41,-3.23,-4456,-28041
NIFTY,09:16,35,PERLEG30,LIVEDTE,48,-312,-346,38,-2.94,-2021,-14959
NIFTY,09:16,35,RUP2500,ALLDTE,81,-148,26,51,-1.51,-2973,-11972
NIFTY,09:16,35,RUP2500,LIVEDTE,48,-78,58,54,-0.66,-2765,-3725
NIFTY,09:16,40,CSL15,ALLDTE,81,-186,4,51,-1.81,-2869,-15082
NIFTY,09:16,40,CSL15,LIVEDTE,48,-128,145,56,-1.0,-2073,-6154
NIFTY,09:16,40,CSL20,ALLDTE,81,-191,4,51,-1.83,-2869,-15484
NIFTY,09:16,40,CSL20,LIVEDTE,48,-137,145,56,-1.03,-2154,-6556
NIFTY,09:16,40,CSL25,ALLDTE,81,-145,10,52,-1.41,-2869,-11772
NIFTY,09:16,40,CSL25,LIVEDTE,48,-59,162,58,-0.46,-2645,-2844
NIFTY,09:16,40,CSL30,ALLDTE,81,-133,10,52,-1.31,-2869,-10765
NIFTY,09:16,40,CSL30,LIVEDTE,48,-38,162,58,-0.31,-2765,-1837
NIFTY,09:16,40,MOVE04,ALLDTE,81,-157,10,52,-1.49,-3614,-12701
NIFTY,09:16,40,MOVE04,LIVEDTE,48,-74,145,58,-0.56,-3614,-3573
NIFTY,09:16,40,NOSTOP,ALLDTE,81,-151,10,52,-1.39,-4241,-12241
NIFTY,09:16,40,NOSTOP,LIVEDTE,48,-69,162,58,-0.49,-4241,-3313
NIFTY,09:16,40,PERLEG30,ALLDTE,81,-328,-240,41,-3.11,-4170,-26555
NIFTY,09:16,40,PERLEG30,LIVEDTE,48,-292,-261,40,-2.61,-2155,-14019
NIFTY,09:16,40,RUP2500,ALLDTE,81,-134,10,52,-1.32,-2973,-10869
NIFTY,09:16,40,RUP2500,LIVEDTE,48,-38,162,58,-0.31,-2765,-1837
NIFTY,09:16,45,CSL15,ALLDTE,81,-145,46,53,-1.31,-2762,-11715
NIFTY,09:16,45,CSL15,LIVEDTE,48,-103,163,58,-0.77,-2184,-4922
NIFTY,09:16,45,CSL20,ALLDTE,81,-145,46,53,-1.3,-2762,-11766
NIFTY,09:16,45,CSL20,LIVEDTE,48,-104,163,58,-0.76,-2154,-4973
NIFTY,09:16,45,CSL25,ALLDTE,81,-84,49,56,-0.76,-2762,-6816
NIFTY,09:16,45,CSL25,LIVEDTE,48,0,208,62,-0.0,-2645,-23
NIFTY,09:16,45,CSL30,ALLDTE,81,-71,49,56,-0.65,-2765,-5750
NIFTY,09:16,45,CSL30,LIVEDTE,48,22,208,62,0.17,-2765,1043
NIFTY,09:16,45,MOVE04,ALLDTE,81,-102,49,54,-0.91,-3614,-8254
NIFTY,09:16,45,MOVE04,LIVEDTE,48,-26,176,62,-0.19,-3614,-1254
NIFTY,09:16,45,NOSTOP,ALLDTE,81,-81,49,56,-0.72,-3604,-6589
NIFTY,09:16,45,NOSTOP,LIVEDTE,48,4,208,62,0.03,-3604,204
NIFTY,09:16,45,PERLEG30,ALLDTE,81,-317,-256,43,-2.61,-5388,-25695
NIFTY,09:16,45,PERLEG30,LIVEDTE,48,-264,-204,44,-2.2,-2015,-12653
NIFTY,09:16,45,RUP2500,ALLDTE,81,-74,49,56,-0.67,-2973,-5961
NIFTY,09:16,45,RUP2500,LIVEDTE,48,22,208,62,0.17,-2765,1043
NIFTY,09:16,50,CSL15,ALLDTE,81,-93,130,53,-0.84,-2382,-7561
NIFTY,09:16,50,CSL15,LIVEDTE,48,-31,200,58,-0.23,-2184,-1507
NIFTY,09:16,50,CSL20,ALLDTE,81,-82,130,53,-0.74,-2382,-6646
NIFTY,09:16,50,CSL20,LIVEDTE,48,-12,200,58,-0.09,-2154,-592
NIFTY,09:16,50,CSL25,ALLDTE,81,-20,163,56,-0.18,-2645,-1618
NIFTY,09:16,50,CSL25,LIVEDTE,48,92,260,62,0.71,-2645,4436
NIFTY,09:16,50,CSL30,ALLDTE,81,-6,163,56,-0.05,-2765,-451
NIFTY,09:16,50,CSL30,LIVEDTE,48,117,260,62,0.94,-2765,5603
NIFTY,09:16,50,MOVE04,ALLDTE,81,-61,130,54,-0.54,-3614,-4980
NIFTY,09:16,50,MOVE04,LIVEDTE,48,24,200,60,0.17,-3614,1152
NIFTY,09:16,50,NOSTOP,ALLDTE,81,0,163,56,0.0,-2382,20
NIFTY,09:16,50,NOSTOP,LIVEDTE,48,127,260,62,1.06,-2294,6074
NIFTY,09:16,50,PERLEG30,ALLDTE,81,-303,-335,44,-2.41,-5557,-24535
NIFTY,09:16,50,PERLEG30,LIVEDTE,48,-280,-342,44,-2.18,-2369,-13425
NIFTY,09:16,50,RUP2500,ALLDTE,81,-13,163,56,-0.12,-2973,-1042
NIFTY,09:16,50,RUP2500,LIVEDTE,48,117,260,62,0.94,-2765,5603
NIFTY,09:16,55,CSL15,ALLDTE,81,-129,72,52,-1.09,-3120,-10418
NIFTY,09:16,55,CSL15,LIVEDTE,48,-73,119,56,-0.54,-2184,-3518
NIFTY,09:16,55,CSL20,ALLDTE,81,-117,72,52,-1.0,-3120,-9441
NIFTY,09:16,55,CSL20,LIVEDTE,48,-53,119,56,-0.4,-2154,-2541
NIFTY,09:16,55,CSL25,ALLDTE,81,-54,95,54,-0.46,-3120,-4358
NIFTY,09:16,55,CSL25,LIVEDTE,48,53,194,60,0.41,-2645,2542
NIFTY,09:16,55,CSL30,ALLDTE,81,-32,95,54,-0.28,-3120,-2593
NIFTY,09:16,55,CSL30,LIVEDTE,48,90,194,60,0.74,-2765,4307
NIFTY,09:16,55,MOVE04,ALLDTE,81,-58,95,54,-0.51,-3614,-4685
NIFTY,09:16,55,MOVE04,LIVEDTE,48,2,156,60,0.02,-3614,110
NIFTY,09:16,55,NOSTOP,ALLDTE,81,-35,95,54,-0.31,-3120,-2850
NIFTY,09:16,55,NOSTOP,LIVEDTE,48,84,194,60,0.68,-3022,4050
NIFTY,09:16,55,PERLEG30,ALLDTE,81,-343,-234,41,-2.68,-5248,-27750
NIFTY,09:16,55,PERLEG30,LIVEDTE,48,-337,-292,38,-2.47,-2811,-16156
NIFTY,09:16,55,RUP2500,ALLDTE,81,-30,95,54,-0.27,-2973,-2443
NIFTY,09:16,55,RUP2500,LIVEDTE,48,90,194,60,0.74,-2765,4307
NIFTY,09:16,60,CSL15,ALLDTE,81,-82,153,58,-0.67,-3747,-6650
NIFTY,09:16,60,CSL15,LIVEDTE,48,1,172,62,0.01,-2184,53
NIFTY,09:16,60,CSL20,ALLDTE,81,-71,153,58,-0.58,-3747,-5732
NIFTY,09:16,60,CSL20,LIVEDTE,48,20,172,62,0.15,-2154,971
NIFTY,09:16,60,CSL25,ALLDTE,81,-2,172,60,-0.02,-3747,-149
NIFTY,09:16,60,CSL25,LIVEDTE,48,137,322,67,1.01,-2645,6554
NIFTY,09:16,60,CSL30,ALLDTE,81,32,172,60,0.28,-3747,2623
NIFTY,09:16,60,CSL30,LIVEDTE,48,194,322,67,1.59,-2765,9326
NIFTY,09:16,60,MOVE04,ALLDTE,81,-15,134,58,-0.13,-3614,-1189
NIFTY,09:16,60,MOVE04,LIVEDTE,48,68,226,65,0.46,-3614,3254
NIFTY,09:16,60,NOSTOP,ALLDTE,81,32,172,60,0.28,-3747,2609
NIFTY,09:16,60,NOSTOP,LIVEDTE,48,194,322,67,1.58,-2779,9312
NIFTY,09:16,60,PERLEG30,ALLDTE,81,-276,-68,46,-2.09,-6383,-22331
NIFTY,09:16,60,PERLEG30,LIVEDTE,48,-231,-70,44,-1.78,-2580,-11078
NIFTY,09:16,60,RUP2500,ALLDTE,81,37,172,60,0.32,-3240,2981
NIFTY,09:16,60,RUP2500,LIVEDTE,48,194,322,67,1.59,-2765,9326
NIFTY,09:16,65,CSL15,ALLDTE,81,-128,143,58,-0.99,-4868,-10351
NIFTY,09:16,65,CSL15,LIVEDTE,48,-55,156,62,-0.4,-2184,-2656
NIFTY,09:16,65,CSL20,ALLDTE,81,-119,143,58,-0.92,-4898,-9645
NIFTY,09:16,65,CSL20,LIVEDTE,48,-40,156,62,-0.29,-2154,-1920
NIFTY,09:16,65,CSL25,ALLDTE,81,-44,169,60,-0.34,-4898,-3600
NIFTY,09:16,65,CSL25,LIVEDTE,48,86,239,67,0.62,-2645,4125
NIFTY,09:16,65,CSL30,ALLDTE,81,-23,169,60,-0.18,-4898,-1858
NIFTY,09:16,65,CSL30,LIVEDTE,48,122,239,67,0.94,-2765,5867
NIFTY,09:16,65,MOVE04,ALLDTE,81,-22,156,58,-0.19,-3614,-1814
NIFTY,09:16,65,MOVE04,LIVEDTE,48,46,239,65,0.31,-3614,2186
NIFTY,09:16,65,NOSTOP,ALLDTE,81,-25,169,60,-0.2,-4898,-2060
NIFTY,09:16,65,NOSTOP,LIVEDTE,48,118,239,67,0.89,-2967,5665
NIFTY,09:16,65,PERLEG30,ALLDTE,81,-258,-6,48,-1.78,-7507,-20875
NIFTY,09:16,65,PERLEG30,LIVEDTE,48,-180,-88,48,-1.33,-2580,-8657
NIFTY,09:16,65,RUP2500,ALLDTE,81,-8,169,60,-0.07,-3240,-636
NIFTY,09:16,65,RUP2500,LIVEDTE,48,122,239,67,0.94,-2765,5867
NIFTY,09:30,20,CSL15,ALLDTE,81,-124,-45,40,-2.66,-1791,-10033
NIFTY,09:30,20,CSL15,LIVEDTE,16,14,190,62,0.09,-1791,217
NIFTY,09:30,20,CSL20,ALLDTE,81,-135,-45,40,-2.57,-2704,-10946
NIFTY,09:30,20,CSL20,LIVEDTE,16,-44,190,62,-0.23,-2704,-696
NIFTY,09:30,20,CSL25,ALLDTE,81,-135,-45,40,-2.57,-2704,-10946
NIFTY,09:30,20,CSL25,LIVEDTE,16,-44,190,62,-0.23,-2704,-696
NIFTY,09:30,20,CSL30,ALLDTE,81,-109,-45,40,-2.59,-1105,-8823
NIFTY,09:30,20,CSL30,LIVEDTE,16,89,190,62,0.94,-581,1427
NIFTY,09:30,20,MOVE04,ALLDTE,81,-110,-45,40,-2.62,-1105,-8927
NIFTY,09:30,20,MOVE04,LIVEDTE,16,89,190,62,0.94,-581,1427
NIFTY,09:30,20,NOSTOP,ALLDTE,81,-109,-45,40,-2.59,-1105,-8823
NIFTY,09:30,20,NOSTOP,LIVEDTE,16,89,190,62,0.94,-581,1427
NIFTY,09:30,20,PERLEG30,ALLDTE,81,-108,-45,41,-2.43,-1105,-8776
NIFTY,09:30,20,PERLEG30,LIVEDTE,16,23,140,62,0.21,-845,373
NIFTY,09:30,20,RUP2500,ALLDTE,81,-109,-45,40,-2.59,-1105,-8823
NIFTY,09:30,20,RUP2500,LIVEDTE,16,89,190,62,0.94,-581,1427
NIFTY,09:30,25,CSL15,ALLDTE,81,-92,-36,44,-1.77,-1791,-7420
NIFTY,09:30,25,CSL15,LIVEDTE,16,62,252,69,0.42,-1791,988
NIFTY,09:30,25,CSL20,ALLDTE,81,-103,-36,44,-1.79,-2704,-8333
NIFTY,09:30,25,CSL20,LIVEDTE,16,5,252,69,0.02,-2704,75
NIFTY,09:30,25,CSL25,ALLDTE,81,-103,-36,44,-1.79,-2704,-8333
NIFTY,09:30,25,CSL25,LIVEDTE,16,5,252,69,0.02,-2704,75
NIFTY,09:30,25,CSL30,ALLDTE,81,-80,-36,44,-1.66,-1222,-6493
NIFTY,09:30,25,CSL30,LIVEDTE,16,120,252,69,1.11,-864,1915
NIFTY,09:30,25,MOVE04,ALLDTE,81,-81,-36,44,-1.7,-1147,-6552
NIFTY,09:30,25,MOVE04,LIVEDTE,16,120,252,69,1.11,-864,1915
NIFTY,09:30,25,NOSTOP,ALLDTE,81,-80,-36,44,-1.66,-1222,-6493
NIFTY,09:30,25,NOSTOP,LIVEDTE,16,120,252,69,1.11,-864,1915
NIFTY,09:30,25,PERLEG30,ALLDTE,81,-89,-32,46,-1.56,-1787,-7212
NIFTY,09:30,25,PERLEG30,LIVEDTE,16,46,286,69,0.29,-1446,739
NIFTY,09:30,25,RUP2500,ALLDTE,81,-80,-36,44,-1.66,-1222,-6493
NIFTY,09:30,25,RUP2500,LIVEDTE,16,120,252,69,1.11,-864,1915
NIFTY,09:30,30,CSL15,ALLDTE,81,-30,78,56,-0.54,-1791,-2425
NIFTY,09:30,30,CSL15,LIVEDTE,16,171,298,81,1.13,-1791,2737
NIFTY,09:30,30,CSL20,ALLDTE,81,-41,78,56,-0.68,-2704,-3338
NIFTY,09:30,30,CSL20,LIVEDTE,16,114,298,81,0.57,-2704,1824
NIFTY,09:30,30,CSL25,ALLDTE,81,-41,78,56,-0.68,-2704,-3338
NIFTY,09:30,30,CSL25,LIVEDTE,16,114,298,81,0.57,-2704,1824
NIFTY,09:30,30,CSL30,ALLDTE,81,-22,78,56,-0.42,-1388,-1804
NIFTY,09:30,30,CSL30,LIVEDTE,16,210,298,81,1.73,-1170,3358
NIFTY,09:30,30,MOVE04,ALLDTE,81,-28,62,54,-0.54,-1388,-2265
NIFTY,09:30,30,MOVE04,LIVEDTE,16,210,298,81,1.73,-1170,3358
NIFTY,09:30,30,NOSTOP,ALLDTE,81,-22,78,56,-0.42,-1388,-1804
NIFTY,09:30,30,NOSTOP,LIVEDTE,16,210,298,81,1.73,-1170,3358
NIFTY,09:30,30,PERLEG30,ALLDTE,81,-50,78,56,-0.74,-2369,-4046
NIFTY,09:30,30,PERLEG30,LIVEDTE,16,-3,275,75,-0.01,-2304,-44
NIFTY,09:30,30,RUP2500,ALLDTE,81,-22,78,56,-0.42,-1388,-1804
NIFTY,09:30,30,RUP2500,LIVEDTE,16,210,298,81,1.73,-1170,3358
NIFTY,09:30,35,CSL15,ALLDTE,81,34,124,64,0.55,-1791,2752
NIFTY,09:30,35,CSL15,LIVEDTE,16,293,422,88,1.86,-1791,4693
NIFTY,09:30,35,CSL20,ALLDTE,81,23,124,64,0.34,-2704,1839
NIFTY,09:30,35,CSL20,LIVEDTE,16,236,422,88,1.14,-2704,3780
NIFTY,09:30,35,CSL25,ALLDTE,81,23,124,64,0.34,-2704,1839
NIFTY,09:30,35,CSL25,LIVEDTE,16,236,422,88,1.14,-2704,3780
NIFTY,09:30,35,CSL30,ALLDTE,81,54,124,64,0.93,-1777,4364
NIFTY,09:30,35,CSL30,LIVEDTE,16,394,422,88,4.39,-247,6305
NIFTY,09:30,35,MOVE04,ALLDTE,81,42,124,63,0.71,-1758,3370
NIFTY,09:30,35,MOVE04,LIVEDTE,16,394,422,88,4.39,-247,6305
NIFTY,09:30,35,NOSTOP,ALLDTE,81,54,124,64,0.93,-1777,4364
NIFTY,09:30,35,NOSTOP,LIVEDTE,16,394,422,88,4.39,-247,6305
NIFTY,09:30,35,PERLEG30,ALLDTE,81,-66,65,60,-0.83,-3389,-5332
NIFTY,09:30,35,PERLEG30,LIVEDTE,16,-91,122,62,-0.45,-2220,-1453
NIFTY,09:30,35,RUP2500,ALLDTE,81,54,124,64,0.93,-1777,4364
NIFTY,09:30,35,RUP2500,LIVEDTE,16,394,422,88,4.39,-247,6305
NIFTY,09:30,40,CSL15,ALLDTE,81,33,124,56,0.49,-2164,2662
NIFTY,09:30,40,CSL15,LIVEDTE,16,368,525,81,2.21,-1791,5889
NIFTY,09:30,40,CSL20,ALLDTE,81,22,124,56,0.3,-2704,1749
NIFTY,09:30,40,CSL20,LIVEDTE,16,311,525,81,1.45,-2704,4976
NIFTY,09:30,40,CSL25,ALLDTE,81,22,124,56,0.3,-2704,1749
NIFTY,09:30,40,CSL25,LIVEDTE,16,311,525,81,1.45,-2704,4976
NIFTY,09:30,40,CSL30,ALLDTE,81,60,130,57,0.96,-2164,4889
NIFTY,09:30,40,CSL30,LIVEDTE,16,507,525,88,5.59,-218,8116
NIFTY,09:30,40,MOVE04,ALLDTE,81,44,124,56,0.68,-2236,3588
NIFTY,09:30,40,MOVE04,LIVEDTE,16,507,525,88,5.59,-218,8116
NIFTY,09:30,40,NOSTOP,ALLDTE,81,60,130,57,0.96,-2164,4889
NIFTY,09:30,40,NOSTOP,LIVEDTE,16,507,525,88,5.59,-218,8116
NIFTY,09:30,40,PERLEG30,ALLDTE,81,-86,-26,48,-1.08,-3935,-6973
NIFTY,09:30,40,PERLEG30,LIVEDTE,16,-130,-152,31,-0.76,-2259,-2081
NIFTY,09:30,40,RUP2500,ALLDTE,81,60,130,57,0.96,-2164,4889
NIFTY,09:30,40,RUP2500,LIVEDTE,16,507,525,88,5.59,-218,8116
NIFTY,09:30,45,CSL15,ALLDTE,81,64,156,67,0.87,-3022,5177
NIFTY,09:30,45,CSL15,LIVEDTE,16,414,592,81,2.43,-1791,6624
NIFTY,09:30,45,CSL20,ALLDTE,81,53,156,67,0.67,-3022,4264
NIFTY,09:30,45,CSL20,LIVEDTE,16,357,592,81,1.63,-2704,5711
NIFTY,09:30,45,CSL25,ALLDTE,81,53,156,67,0.67,-3022,4264
NIFTY,09:30,45,CSL25,LIVEDTE,16,357,592,81,1.63,-2704,5711
NIFTY,09:30,45,CSL30,ALLDTE,81,92,169,68,1.31,-3022,7452
NIFTY,09:30,45,CSL30,LIVEDTE,16,556,592,88,5.93,-139,8899
NIFTY,09:30,45,MOVE04,ALLDTE,81,79,156,67,1.17,-2236,6428
NIFTY,09:30,45,MOVE04,LIVEDTE,16,556,592,88,5.93,-139,8899
NIFTY,09:30,45,NOSTOP,ALLDTE,81,92,169,68,1.31,-3022,7452
NIFTY,09:30,45,NOSTOP,LIVEDTE,16,556,592,88,5.93,-139,8899
NIFTY,09:30,45,PERLEG30,ALLDTE,81,-65,124,62,-0.76,-4524,-5303
NIFTY,09:30,45,PERLEG30,LIVEDTE,16,-219,-203,44,-1.25,-1664,-3505
NIFTY,09:30,45,RUP2500,ALLDTE,81,95,169,68,1.39,-2752,7722
NIFTY,09:30,45,RUP2500,LIVEDTE,16,556,592,88,5.93,-139,8899
NIFTY,09:30,50,CSL15,ALLDTE,81,54,270,67,0.62,-3650,4366
NIFTY,09:30,50,CSL15,LIVEDTE,16,436,706,75,2.21,-1791,6977
NIFTY,09:30,50,CSL20,ALLDTE,81,43,270,67,0.47,-3650,3453
NIFTY,09:30,50,CSL20,LIVEDTE,16,379,706,75,1.57,-2704,6064
NIFTY,09:30,50,CSL25,ALLDTE,81,43,270,67,0.47,-3650,3453
NIFTY,09:30,50,CSL25,LIVEDTE,16,379,706,75,1.57,-2704,6064
NIFTY,09:30,50,CSL30,ALLDTE,81,82,276,68,0.99,-3650,6667
NIFTY,09:30,50,CSL30,LIVEDTE,16,580,706,81,4.27,-864,9278
NIFTY,09:30,50,MOVE04,ALLDTE,81,71,270,65,0.92,-2236,5741
NIFTY,09:30,50,MOVE04,LIVEDTE,16,580,706,81,4.27,-864,9278
NIFTY,09:30,50,NOSTOP,ALLDTE,81,82,276,68,0.99,-3650,6667
NIFTY,09:30,50,NOSTOP,LIVEDTE,16,580,706,81,4.27,-864,9278
NIFTY,09:30,50,PERLEG30,ALLDTE,81,-43,231,65,-0.46,-4533,-3505
NIFTY,09:30,50,PERLEG30,LIVEDTE,16,-44,102,56,-0.23,-2064,-696
NIFTY,09:30,50,RUP2500,ALLDTE,81,93,276,68,1.2,-2752,7565
NIFTY,09:30,50,RUP2500,LIVEDTE,16,580,706,81,4.27,-864,9278
NIFTY,09:30,55,CSL15,ALLDTE,81,30,228,67,0.31,-4771,2435
NIFTY,09:30,55,CSL15,LIVEDTE,16,410,681,81,2.09,-1791,6566
NIFTY,09:30,55,CSL20,ALLDTE,81,18,228,67,0.19,-4800,1493
NIFTY,09:30,55,CSL20,LIVEDTE,16,353,681,81,1.48,-2704,5653
NIFTY,09:30,55,CSL25,ALLDTE,81,18,228,67,0.19,-4800,1493
NIFTY,09:30,55,CSL25,LIVEDTE,16,353,681,81,1.48,-2704,5653
NIFTY,09:30,55,CSL30,ALLDTE,81,63,234,68,0.67,-4800,5068
NIFTY,09:30,55,CSL30,LIVEDTE,16,577,691,88,4.22,-666,9228
NIFTY,09:30,55,MOVE04,ALLDTE,81,59,218,65,0.76,-2236,4816
NIFTY,09:30,55,MOVE04,LIVEDTE,16,577,691,88,4.22,-666,9228
NIFTY,09:30,55,NOSTOP,ALLDTE,81,63,234,68,0.67,-4800,5068
NIFTY,09:30,55,NOSTOP,LIVEDTE,16,577,691,88,4.22,-666,9228
NIFTY,09:30,55,PERLEG30,ALLDTE,81,-85,133,63,-0.78,-5495,-6856
NIFTY,09:30,55,PERLEG30,LIVEDTE,16,-47,68,56,-0.2,-2324,-748
NIFTY,09:30,55,RUP2500,ALLDTE,81,88,234,68,1.1,-2752,7116
NIFTY,09:30,55,RUP2500,LIVEDTE,16,577,691,88,4.22,-666,9228
NIFTY,09:30,60,CSL15,ALLDTE,81,47,280,67,0.47,-4771,3813
NIFTY,09:30,60,CSL15,LIVEDTE,16,472,569,81,2.47,-1791,7559
NIFTY,09:30,60,CSL20,ALLDTE,81,35,280,67,0.34,-4810,2861
NIFTY,09:30,60,CSL20,LIVEDTE,16,415,569,81,1.76,-2704,6646
NIFTY,09:30,60,CSL25,ALLDTE,81,35,280,67,0.34,-4810,2861
NIFTY,09:30,60,CSL25,LIVEDTE,16,415,569,81,1.76,-2704,6646
NIFTY,09:30,60,CSL30,ALLDTE,81,81,283,68,0.82,-4810,6579
NIFTY,09:30,60,CSL30,LIVEDTE,16,648,670,88,5.17,-393,10364
NIFTY,09:30,60,MOVE04,ALLDTE,81,80,280,64,0.96,-2236,6470
NIFTY,09:30,60,MOVE04,LIVEDTE,16,648,670,88,5.17,-393,10364
NIFTY,09:30,60,NOSTOP,ALLDTE,81,81,283,68,0.82,-4810,6579
NIFTY,09:30,60,NOSTOP,LIVEDTE,16,648,670,88,5.17,-393,10364
NIFTY,09:30,60,PERLEG30,ALLDTE,81,-129,147,58,-1.03,-6535,-10439
NIFTY,09:30,60,PERLEG30,LIVEDTE,16,-198,-12,44,-0.69,-2798,-3173
NIFTY,09:30,60,RUP2500,ALLDTE,81,107,283,68,1.25,-2752,8637
NIFTY,09:30,60,RUP2500,LIVEDTE,16,648,670,88,5.17,-393,10364
NIFTY,09:30,65,CSL15,ALLDTE,81,91,345,73,0.87,-4771,7390
NIFTY,09:30,65,CSL15,LIVEDTE,16,572,714,88,2.79,-1791,9154
NIFTY,09:30,65,CSL20,ALLDTE,81,82,345,73,0.77,-4569,6649
NIFTY,09:30,65,CSL20,LIVEDTE,16,515,714,88,2.07,-2704,8241
NIFTY,09:30,65,CSL25,ALLDTE,81,82,345,73,0.77,-4569,6649
NIFTY,09:30,65,CSL25,LIVEDTE,16,515,714,88,2.07,-2704,8241
NIFTY,09:30,65,CSL30,ALLDTE,81,128,390,74,1.26,-4569,10406
NIFTY,09:30,65,CSL30,LIVEDTE,16,750,814,94,5.41,-877,11998
NIFTY,09:30,65,MOVE04,ALLDTE,81,122,338,68,1.43,-2236,9911
NIFTY,09:30,65,MOVE04,LIVEDTE,16,750,814,94,5.41,-877,11998
NIFTY,09:30,65,NOSTOP,ALLDTE,81,128,390,74,1.26,-4569,10406
NIFTY,09:30,65,NOSTOP,LIVEDTE,16,750,814,94,5.41,-877,11998
NIFTY,09:30,65,PERLEG30,ALLDTE,81,-166,85,62,-1.27,-6535,-13486
NIFTY,09:30,65,PERLEG30,LIVEDTE,16,-240,77,56,-0.8,-2798,-3844
NIFTY,09:30,65,RUP2500,ALLDTE,81,151,390,74,1.66,-2752,12223
NIFTY,09:30,65,RUP2500,LIVEDTE,16,750,814,94,5.41,-877,11998
NIFTY,10:00,20,CSL15,ALLDTE,82,-201,-128,33,-3.8,-2869,-16466
NIFTY,10:00,20,CSL15,LIVEDTE,15,-190,-65,27,-2.16,-1180,-2843
NIFTY,10:00,20,CSL20,ALLDTE,82,-201,-128,33,-3.8,-2869,-16466
NIFTY,10:00,20,CSL20,LIVEDTE,15,-190,-65,27,-2.16,-1180,-2843
NIFTY,10:00,20,CSL25,ALLDTE,82,-201,-128,33,-3.8,-2869,-16466
NIFTY,10:00,20,CSL25,LIVEDTE,15,-190,-65,27,-2.16,-1180,-2843
NIFTY,10:00,20,CSL30,ALLDTE,82,-201,-128,33,-3.8,-2869,-16466
NIFTY,10:00,20,CSL30,LIVEDTE,15,-190,-65,27,-2.16,-1180,-2843
NIFTY,10:00,20,MOVE04,ALLDTE,82,-201,-128,33,-3.8,-2869,-16466
NIFTY,10:00,20,MOVE04,LIVEDTE,15,-190,-65,27,-2.16,-1180,-2843
NIFTY,10:00,20,NOSTOP,ALLDTE,82,-201,-128,33,-3.8,-2869,-16466
NIFTY,10:00,20,NOSTOP,LIVEDTE,15,-190,-65,27,-2.16,-1180,-2843
NIFTY,10:00,20,PERLEG30,ALLDTE,82,-237,-154,29,-4.38,-3055,-19463
NIFTY,10:00,20,PERLEG30,LIVEDTE,15,-220,-65,27,-1.96,-1644,-3307
NIFTY,10:00,20,RUP2500,ALLDTE,82,-202,-128,33,-3.78,-2947,-16544
NIFTY,10:00,20,RUP2500,LIVEDTE,15,-190,-65,27,-2.16,-1180,-2843
NIFTY,10:00,25,CSL15,ALLDTE,82,-252,-132,35,-3.66,-3896,-20624
NIFTY,10:00,25,CSL15,LIVEDTE,15,-138,-110,33,-2.15,-604,-2065
NIFTY,10:00,25,CSL20,ALLDTE,82,-252,-132,35,-3.66,-3896,-20624
NIFTY,10:00,25,CSL20,LIVEDTE,15,-138,-110,33,-2.15,-604,-2065
NIFTY,10:00,25,CSL25,ALLDTE,82,-250,-132,35,-3.65,-3896,-20490
NIFTY,10:00,25,CSL25,LIVEDTE,15,-138,-110,33,-2.15,-604,-2065
NIFTY,10:00,25,CSL30,ALLDTE,82,-250,-132,35,-3.65,-3896,-20490
NIFTY,10:00,25,CSL30,LIVEDTE,15,-138,-110,33,-2.15,-604,-2065
NIFTY,10:00,25,MOVE04,ALLDTE,82,-251,-132,35,-3.65,-3896,-20551
NIFTY,10:00,25,MOVE04,LIVEDTE,15,-138,-110,33,-2.15,-604,-2065
NIFTY,10:00,25,NOSTOP,ALLDTE,82,-250,-132,35,-3.65,-3896,-20490
NIFTY,10:00,25,NOSTOP,LIVEDTE,15,-138,-110,33,-2.15,-604,-2065
NIFTY,10:00,25,PERLEG30,ALLDTE,82,-268,-132,35,-3.93,-3068,-21942
NIFTY,10:00,25,PERLEG30,LIVEDTE,15,-229,-110,33,-1.74,-1946,-3430
NIFTY,10:00,25,RUP2500,ALLDTE,82,-238,-132,35,-3.87,-2947,-19541
NIFTY,10:00,25,RUP2500,LIVEDTE,15,-138,-110,33,-2.15,-604,-2065
NIFTY,10:00,30,CSL15,ALLDTE,82,-245,-107,38,-3.23,-3952,-20061
NIFTY,10:00,30,CSL15,LIVEDTE,15,-115,-100,33,-1.28,-1010,-1730
NIFTY,10:00,30,CSL20,ALLDTE,82,-245,-107,38,-3.25,-3851,-20119
NIFTY,10:00,30,CSL20,LIVEDTE,15,-115,-100,33,-1.28,-1010,-1730
NIFTY,10:00,30,CSL25,ALLDTE,82,-236,-107,38,-3.19,-3851,-19319
NIFTY,10:00,30,CSL25,LIVEDTE,15,-115,-100,33,-1.28,-1010,-1730
NIFTY,10:00,30,CSL30,ALLDTE,82,-236,-107,38,-3.19,-3851,-19319
NIFTY,10:00,30,CSL30,LIVEDTE,15,-115,-100,33,-1.28,-1010,-1730
NIFTY,10:00,30,MOVE04,ALLDTE,82,-245,-107,38,-3.26,-3896,-20050
NIFTY,10:00,30,MOVE04,LIVEDTE,15,-115,-100,33,-1.28,-1010,-1730
NIFTY,10:00,30,NOSTOP,ALLDTE,82,-236,-107,38,-3.19,-3851,-19319
NIFTY,10:00,30,NOSTOP,LIVEDTE,15,-115,-100,33,-1.28,-1010,-1730
NIFTY,10:00,30,PERLEG30,ALLDTE,82,-250,-115,37,-3.42,-3068,-20491
NIFTY,10:00,30,PERLEG30,LIVEDTE,15,-148,-100,33,-1.3,-1495,-2215
NIFTY,10:00,30,RUP2500,ALLDTE,82,-225,-107,38,-3.31,-2947,-18415
NIFTY,10:00,30,RUP2500,LIVEDTE,15,-115,-100,33,-1.28,-1010,-1730
NIFTY,10:00,35,CSL15,ALLDTE,82,-222,-48,39,-2.9,-3952,-18219
NIFTY,10:00,35,CSL15,LIVEDTE,15,-88,-35,40,-0.75,-1228,-1316
NIFTY,10:00,35,CSL20,ALLDTE,82,-219,-48,39,-2.95,-3565,-17952
NIFTY,10:00,35,CSL20,LIVEDTE,15,-88,-35,40,-0.75,-1228,-1316
NIFTY,10:00,35,CSL25,ALLDTE,82,-206,-48,39,-2.81,-3565,-16869
NIFTY,10:00,35,CSL25,LIVEDTE,15,-88,-35,40,-0.75,-1228,-1316
NIFTY,10:00,35,CSL30,ALLDTE,82,-206,-48,39,-2.81,-3565,-16869
NIFTY,10:00,35,CSL30,LIVEDTE,15,-88,-35,40,-0.75,-1228,-1316
NIFTY,10:00,35,MOVE04,ALLDTE,82,-217,-48,39,-2.82,-3896,-17818
NIFTY,10:00,35,MOVE04,LIVEDTE,15,-88,-35,40,-0.75,-1228,-1316
NIFTY,10:00,35,NOSTOP,ALLDTE,82,-206,-48,39,-2.81,-3565,-16869
NIFTY,10:00,35,NOSTOP,LIVEDTE,15,-88,-35,40,-0.75,-1228,-1316
NIFTY,10:00,35,PERLEG30,ALLDTE,82,-241,-88,38,-3.17,-3068,-19783
NIFTY,10:00,35,PERLEG30,LIVEDTE,15,-111,-35,40,-0.84,-1573,-1661
NIFTY,10:00,35,RUP2500,ALLDTE,82,-198,-48,39,-2.86,-2947,-16251
NIFTY,10:00,35,RUP2500,LIVEDTE,15,-88,-35,40,-0.75,-1228,-1316
NIFTY,10:00,40,CSL15,ALLDTE,82,-198,-46,40,-2.7,-3952,-16237
NIFTY,10:00,40,CSL15,LIVEDTE,15,-35,-19,47,-0.54,-747,-524
NIFTY,10:00,40,CSL20,ALLDTE,82,-195,-46,40,-2.75,-3549,-15993
NIFTY,10:00,40,CSL20,LIVEDTE,15,-35,-19,47,-0.54,-747,-524
NIFTY,10:00,40,CSL25,ALLDTE,82,-197,-46,40,-2.67,-3549,-16132
NIFTY,10:00,40,CSL25,LIVEDTE,15,-35,-19,47,-0.54,-747,-524
NIFTY,10:00,40,CSL30,ALLDTE,82,-197,-46,40,-2.67,-3549,-16132
NIFTY,10:00,40,CSL30,LIVEDTE,15,-35,-19,47,-0.54,-747,-524
NIFTY,10:00,40,MOVE04,ALLDTE,82,-220,-46,40,-2.85,-3896,-18027
NIFTY,10:00,40,MOVE04,LIVEDTE,15,-35,-19,47,-0.54,-747,-524
NIFTY,10:00,40,NOSTOP,ALLDTE,82,-192,-46,40,-2.67,-3549,-15746
NIFTY,10:00,40,NOSTOP,LIVEDTE,15,-35,-19,47,-0.54,-747,-524
NIFTY,10:00,40,PERLEG30,ALLDTE,82,-247,-64,38,-3.08,-3068,-20263
NIFTY,10:00,40,PERLEG30,LIVEDTE,15,-111,-19,47,-0.86,-1888,-1665
NIFTY,10:00,40,RUP2500,ALLDTE,82,-185,-46,40,-2.72,-2947,-15144
NIFTY,10:00,40,RUP2500,LIVEDTE,15,-35,-19,47,-0.54,-747,-524
NIFTY,10:00,45,CSL15,ALLDTE,82,-147,-52,43,-1.94,-3952,-12071
NIFTY,10:00,45,CSL15,LIVEDTE,15,-24,-55,47,-0.4,-572,-361
NIFTY,10:00,45,CSL20,ALLDTE,82,-142,-52,43,-1.98,-3292,-11606
NIFTY,10:00,45,CSL20,LIVEDTE,15,-24,-55,47,-0.4,-572,-361
NIFTY,10:00,45,CSL25,ALLDTE,82,-142,-52,43,-1.92,-3292,-11670
NIFTY,10:00,45,CSL25,LIVEDTE,15,-24,-55,47,-0.4,-572,-361
NIFTY,10:00,45,CSL30,ALLDTE,82,-142,-52,43,-1.92,-3292,-11670
NIFTY,10:00,45,CSL30,LIVEDTE,15,-24,-55,47,-0.4,-572,-361
NIFTY,10:00,45,MOVE04,ALLDTE,82,-172,-62,43,-2.2,-3896,-14111
NIFTY,10:00,45,MOVE04,LIVEDTE,15,-24,-55,47,-0.4,-572,-361
NIFTY,10:00,45,NOSTOP,ALLDTE,82,-130,-52,43,-1.84,-3292,-10647
NIFTY,10:00,45,NOSTOP,LIVEDTE,15,-24,-55,47,-0.4,-572,-361
NIFTY,10:00,45,PERLEG30,ALLDTE,82,-267,-86,40,-3.06,-3068,-21903
NIFTY,10:00,45,PERLEG30,LIVEDTE,15,-120,13,53,-0.8,-2177,-1801
NIFTY,10:00,45,RUP2500,ALLDTE,82,-126,-52,43,-1.84,-2947,-10302
NIFTY,10:00,45,RUP2500,LIVEDTE,15,-24,-55,47,-0.4,-572,-361
NIFTY,10:00,50,CSL15,ALLDTE,82,-150,-22,45,-1.9,-3952,-12296
NIFTY,10:00,50,CSL15,LIVEDTE,15,25,13,60,0.45,-458,376
NIFTY,10:00,50,CSL20,ALLDTE,82,-135,-22,45,-1.84,-3263,-11038
NIFTY,10:00,50,CSL20,LIVEDTE,15,25,13,60,0.45,-458,376
NIFTY,10:00,50,CSL25,ALLDTE,82,-129,-20,46,-1.7,-3263,-10563
NIFTY,10:00,50,CSL25,LIVEDTE,15,25,13,60,0.45,-458,376
NIFTY,10:00,50,CSL30,ALLDTE,82,-129,-20,46,-1.7,-3263,-10563
NIFTY,10:00,50,CSL30,LIVEDTE,15,25,13,60,0.45,-458,376
NIFTY,10:00,50,MOVE04,ALLDTE,82,-179,-22,45,-2.19,-3896,-14717
NIFTY,10:00,50,MOVE04,LIVEDTE,15,-20,13,60,-0.27,-757,-307
NIFTY,10:00,50,NOSTOP,ALLDTE,82,-115,-20,46,-1.61,-3263,-9458
NIFTY,10:00,50,NOSTOP,LIVEDTE,15,25,13,60,0.45,-458,376
NIFTY,10:00,50,PERLEG30,ALLDTE,82,-314,-66,41,-3.06,-4248,-25749
NIFTY,10:00,50,PERLEG30,LIVEDTE,15,-130,13,60,-0.79,-2350,-1943
NIFTY,10:00,50,RUP2500,ALLDTE,82,-111,-20,46,-1.61,-2947,-9142
NIFTY,10:00,50,RUP2500,LIVEDTE,15,25,13,60,0.45,-458,376
NIFTY,10:00,55,CSL15,ALLDTE,82,-130,-38,46,-1.59,-3952,-10627
NIFTY,10:00,55,CSL15,LIVEDTE,15,25,85,60,0.36,-637,376
NIFTY,10:00,55,CSL20,ALLDTE,82,-118,-38,46,-1.52,-3425,-9696
NIFTY,10:00,55,CSL20,LIVEDTE,15,25,85,60,0.36,-637,376
NIFTY,10:00,55,CSL25,ALLDTE,82,-107,-24,48,-1.33,-3425,-8740
NIFTY,10:00,55,CSL25,LIVEDTE,15,25,85,60,0.36,-637,376
NIFTY,10:00,55,CSL30,ALLDTE,82,-107,-24,48,-1.33,-3425,-8740
NIFTY,10:00,55,CSL30,LIVEDTE,15,25,85,60,0.36,-637,376
NIFTY,10:00,55,MOVE04,ALLDTE,82,-155,-38,46,-1.8,-3896,-12729
NIFTY,10:00,55,MOVE04,LIVEDTE,15,-33,72,53,-0.39,-757,-502
NIFTY,10:00,55,NOSTOP,ALLDTE,82,-102,-24,48,-1.3,-3425,-8382
NIFTY,10:00,55,NOSTOP,LIVEDTE,15,25,85,60,0.36,-637,376
NIFTY,10:00,55,PERLEG30,ALLDTE,82,-298,-80,40,-2.98,-3578,-24401
NIFTY,10:00,55,PERLEG30,LIVEDTE,15,-147,72,53,-0.89,-2285,-2212
NIFTY,10:00,55,RUP2500,ALLDTE,82,-96,-24,48,-1.27,-2947,-7904
NIFTY,10:00,55,RUP2500,LIVEDTE,15,25,85,60,0.36,-637,376
NIFTY,10:00,60,CSL15,ALLDTE,82,-131,5,50,-1.57,-3952,-10719
NIFTY,10:00,60,CSL15,LIVEDTE,15,86,160,60,1.18,-529,1284
NIFTY,10:00,60,CSL20,ALLDTE,82,-132,5,50,-1.6,-3549,-10820
NIFTY,10:00,60,CSL20,LIVEDTE,15,86,160,60,1.18,-529,1284
NIFTY,10:00,60,CSL25,ALLDTE,82,-119,24,51,-1.4,-3549,-9756
NIFTY,10:00,60,CSL25,LIVEDTE,15,86,160,60,1.18,-529,1284
NIFTY,10:00,60,CSL30,ALLDTE,82,-119,24,51,-1.4,-3549,-9756
NIFTY,10:00,60,CSL30,LIVEDTE,15,86,160,60,1.18,-529,1284
NIFTY,10:00,60,MOVE04,ALLDTE,82,-155,-8,49,-1.8,-3896,-12732
NIFTY,10:00,60,MOVE04,LIVEDTE,15,6,42,53,0.07,-757,91
NIFTY,10:00,60,NOSTOP,ALLDTE,82,-96,24,51,-1.21,-3549,-7910
NIFTY,10:00,60,NOSTOP,LIVEDTE,15,86,160,60,1.18,-529,1284
NIFTY,10:00,60,PERLEG30,ALLDTE,82,-236,-63,45,-2.28,-4329,-19321
NIFTY,10:00,60,PERLEG30,LIVEDTE,15,-133,42,53,-0.8,-2083,-1989
NIFTY,10:00,60,RUP2500,ALLDTE,82,-89,24,51,-1.17,-2947,-7308
NIFTY,10:00,60,RUP2500,LIVEDTE,15,86,160,60,1.18,-529,1284
NIFTY,10:00,65,CSL15,ALLDTE,82,-106,4,50,-1.23,-3952,-8684
NIFTY,10:00,65,CSL15,LIVEDTE,15,85,134,53,1.0,-458,1278
NIFTY,10:00,65,CSL20,ALLDTE,82,-103,4,50,-1.23,-3311,-8413
NIFTY,10:00,65,CSL20,LIVEDTE,15,85,134,53,1.0,-458,1278
NIFTY,10:00,65,CSL25,ALLDTE,82,-89,13,51,-1.03,-3311,-7294
NIFTY,10:00,65,CSL25,LIVEDTE,15,85,134,53,1.0,-458,1278
NIFTY,10:00,65,CSL30,ALLDTE,82,-89,13,51,-1.03,-3311,-7294
NIFTY,10:00,65,CSL30,LIVEDTE,15,85,134,53,1.0,-458,1278
NIFTY,10:00,65,MOVE04,ALLDTE,82,-151,-11,49,-1.75,-3896,-12384
NIFTY,10:00,65,MOVE04,LIVEDTE,15,-19,-3,47,-0.22,-757,-282
NIFTY,10:00,65,NOSTOP,ALLDTE,82,-49,13,51,-0.63,-3311,-3989
NIFTY,10:00,65,NOSTOP,LIVEDTE,15,85,134,53,1.0,-458,1278
NIFTY,10:00,65,PERLEG30,ALLDTE,82,-308,-140,43,-2.89,-4066,-25290
NIFTY,10:00,65,PERLEG30,LIVEDTE,15,-254,-3,47,-1.15,-2632,-3808
NIFTY,10:00,65,RUP2500,ALLDTE,82,-44,13,51,-0.59,-2947,-3625
NIFTY,10:00,65,RUP2500,LIVEDTE,15,85,134,53,1.0,-458,1278
SENSEX,09:16,20,CSL15,ALLDTE,81,-282,-112,37,-3.52,-2695,-22819
SENSEX,09:16,20,CSL15,LIVEDTE,34,-445,-300,32,-3.28,-2354,-15131
SENSEX,09:16,20,CSL20,ALLDTE,81,-259,-112,37,-3.39,-2840,-20951
SENSEX,09:16,20,CSL20,LIVEDTE,34,-433,-300,32,-3.1,-2840,-14736
SENSEX,09:16,20,CSL25,ALLDTE,81,-244,-112,37,-3.37,-2436,-19764
SENSEX,09:16,20,CSL25,LIVEDTE,34,-398,-300,32,-3.09,-2436,-13549
SENSEX,09:16,20,CSL30,ALLDTE,81,-244,-112,37,-3.37,-2436,-19764
SENSEX,09:16,20,CSL30,LIVEDTE,34,-398,-300,32,-3.09,-2436,-13549
SENSEX,09:16,20,MOVE04,ALLDTE,81,-260,-112,37,-3.38,-2840,-21053
SENSEX,09:16,20,MOVE04,LIVEDTE,34,-397,-272,32,-2.89,-2840,-13496
SENSEX,09:16,20,NOSTOP,ALLDTE,81,-244,-112,37,-3.37,-2436,-19764
SENSEX,09:16,20,NOSTOP,LIVEDTE,34,-398,-300,32,-3.09,-2436,-13549
SENSEX,09:16,20,PERLEG30,ALLDTE,81,-262,-145,36,-3.49,-2490,-21247
SENSEX,09:16,20,PERLEG30,LIVEDTE,34,-348,-294,32,-2.84,-2436,-11847
SENSEX,09:16,20,RUP2500,ALLDTE,81,-250,-112,37,-3.34,-2840,-20256
SENSEX,09:16,20,RUP2500,LIVEDTE,34,-413,-300,32,-3.04,-2840,-14041
SENSEX,09:16,25,CSL15,ALLDTE,81,-258,-166,42,-2.99,-2695,-20934
SENSEX,09:16,25,CSL15,LIVEDTE,34,-410,-170,35,-2.75,-2354,-13933
SENSEX,09:16,25,CSL20,ALLDTE,81,-214,-153,43,-2.65,-2840,-17356
SENSEX,09:16,25,CSL20,LIVEDTE,34,-364,-160,38,-2.43,-2840,-12363
SENSEX,09:16,25,CSL25,ALLDTE,81,-192,-153,43,-2.51,-2442,-15557
SENSEX,09:16,25,CSL25,LIVEDTE,34,-311,-160,38,-2.27,-2442,-10564
SENSEX,09:16,25,CSL30,ALLDTE,81,-192,-153,43,-2.51,-2442,-15557
SENSEX,09:16,25,CSL30,LIVEDTE,34,-311,-160,38,-2.27,-2442,-10564
SENSEX,09:16,25,MOVE04,ALLDTE,81,-235,-153,42,-2.81,-2840,-19066
SENSEX,09:16,25,MOVE04,LIVEDTE,34,-387,-160,35,-2.54,-2840,-13164
SENSEX,09:16,25,NOSTOP,ALLDTE,81,-192,-153,43,-2.51,-2442,-15557
SENSEX,09:16,25,NOSTOP,LIVEDTE,34,-311,-160,38,-2.27,-2442,-10564
SENSEX,09:16,25,PERLEG30,ALLDTE,81,-290,-254,40,-3.23,-3476,-23458
SENSEX,09:16,25,PERLEG30,LIVEDTE,34,-355,-386,35,-2.51,-2442,-12082
SENSEX,09:16,25,RUP2500,ALLDTE,81,-199,-153,43,-2.52,-2840,-16092
SENSEX,09:16,25,RUP2500,LIVEDTE,34,-326,-160,38,-2.26,-2840,-11099
SENSEX,09:16,30,CSL15,ALLDTE,81,-176,-12,48,-1.9,-2695,-14279
SENSEX,09:16,30,CSL15,LIVEDTE,34,-325,-120,41,-2.06,-2354,-11045
SENSEX,09:16,30,CSL20,ALLDTE,81,-152,-12,48,-1.7,-2840,-12319
SENSEX,09:16,30,CSL20,LIVEDTE,34,-322,-120,41,-2.01,-2840,-10942
SENSEX,09:16,30,CSL25,ALLDTE,81,-136,-12,48,-1.57,-2798,-11040
SENSEX,09:16,30,CSL25,LIVEDTE,34,-284,-120,41,-1.85,-2798,-9663
SENSEX,09:16,30,CSL30,ALLDTE,81,-136,-12,48,-1.57,-2798,-11040
SENSEX,09:16,30,CSL30,LIVEDTE,34,-284,-120,41,-1.85,-2798,-9663
SENSEX,09:16,30,MOVE04,ALLDTE,81,-182,-43,47,-2.0,-2840,-14759
SENSEX,09:16,30,MOVE04,LIVEDTE,34,-329,-92,41,-1.97,-2840,-11170
SENSEX,09:16,30,NOSTOP,ALLDTE,81,-136,-12,48,-1.57,-2798,-11040
SENSEX,09:16,30,NOSTOP,LIVEDTE,34,-284,-120,41,-1.85,-2798,-9663
SENSEX,09:16,30,PERLEG30,ALLDTE,81,-178,-74,46,-2.07,-2486,-14427
SENSEX,09:16,30,PERLEG30,LIVEDTE,34,-180,-173,41,-1.42,-2486,-6112
SENSEX,09:16,30,RUP2500,ALLDTE,81,-143,-12,48,-1.6,-2840,-11543
SENSEX,09:16,30,RUP2500,LIVEDTE,34,-299,-120,41,-1.87,-2840,-10150
SENSEX,09:16,35,CSL15,ALLDTE,81,-186,-15,49,-1.95,-2695,-15080
SENSEX,09:16,35,CSL15,LIVEDTE,34,-334,-192,44,-2.1,-2354,-11341
SENSEX,09:16,35,CSL20,ALLDTE,81,-175,-15,49,-1.84,-2980,-14209
SENSEX,09:16,35,CSL20,LIVEDTE,34,-355,-192,44,-2.1,-2840,-12072
SENSEX,09:16,35,CSL25,ALLDTE,81,-144,-15,49,-1.61,-2980,-11633
SENSEX,09:16,35,CSL25,LIVEDTE,34,-279,-192,44,-1.86,-2798,-9496
SENSEX,09:16,35,CSL30,ALLDTE,81,-149,-15,49,-1.64,-3248,-12083
SENSEX,09:16,35,CSL30,LIVEDTE,34,-293,-192,44,-1.87,-3248,-9946
SENSEX,09:16,35,MOVE04,ALLDTE,81,-186,-42,49,-1.96,-3363,-15070
SENSEX,09:16,35,MOVE04,LIVEDTE,34,-348,-104,44,-1.99,-3363,-11819
SENSEX,09:16,35,NOSTOP,ALLDTE,81,-151,-15,49,-1.64,-3363,-12198
SENSEX,09:16,35,NOSTOP,LIVEDTE,34,-296,-192,44,-1.86,-3363,-10061
SENSEX,09:16,35,PERLEG30,ALLDTE,81,-162,8,52,-1.77,-2484,-13141
SENSEX,09:16,35,PERLEG30,LIVEDTE,34,-212,5,53,-1.38,-2484,-7205
SENSEX,09:16,35,RUP2500,ALLDTE,81,-154,-15,49,-1.67,-2840,-12442
SENSEX,09:16,35,RUP2500,LIVEDTE,34,-309,-192,44,-1.91,-2840,-10495
SENSEX,09:16,40,CSL15,ALLDTE,81,-161,-52,48,-1.59,-2695,-13067
SENSEX,09:16,40,CSL15,LIVEDTE,34,-333,-282,41,-2.0,-2354,-11319
SENSEX,09:16,40,CSL20,ALLDTE,81,-154,-52,48,-1.51,-2840,-12508
SENSEX,09:16,40,CSL20,LIVEDTE,34,-379,-282,41,-2.1,-2840,-12894
SENSEX,09:16,40,CSL25,ALLDTE,81,-143,-52,48,-1.41,-2798,-11557
SENSEX,09:16,40,CSL25,LIVEDTE,34,-351,-282,41,-1.97,-2798,-11943
SENSEX,09:16,40,CSL30,ALLDTE,81,-148,-52,48,-1.44,-3248,-12007
SENSEX,09:16,40,CSL30,LIVEDTE,34,-364,-282,41,-1.98,-3248,-12393
SENSEX,09:16,40,MOVE04,ALLDTE,81,-152,-61,46,-1.55,-2919,-12297
SENSEX,09:16,40,MOVE04,LIVEDTE,34,-335,-180,41,-1.89,-2919,-11388
SENSEX,09:16,40,NOSTOP,ALLDTE,81,-144,-52,48,-1.42,-2919,-11678
SENSEX,09:16,40,NOSTOP,LIVEDTE,34,-355,-282,41,-1.97,-2919,-12064
SENSEX,09:16,40,PERLEG30,ALLDTE,81,-37,26,52,-0.42,-2898,-3023
SENSEX,09:16,40,PERLEG30,LIVEDTE,34,15,128,59,0.11,-2898,512
SENSEX,09:16,40,RUP2500,ALLDTE,81,-150,-52,48,-1.45,-2840,-12119
SENSEX,09:16,40,RUP2500,LIVEDTE,34,-363,-282,41,-1.99,-2840,-12347
SENSEX,09:16,45,CSL15,ALLDTE,81,-103,172,56,-0.95,-2695,-8348
SENSEX,09:16,45,CSL15,LIVEDTE,34,-258,126,53,-1.38,-2354,-8766
SENSEX,09:16,45,CSL20,ALLDTE,81,-72,172,56,-0.69,-2840,-5828
SENSEX,09:16,45,CSL20,LIVEDTE,34,-272,126,53,-1.39,-2840,-9235
SENSEX,09:16,45,CSL25,ALLDTE,81,-61,172,56,-0.59,-2798,-4947
SENSEX,09:16,45,CSL25,LIVEDTE,34,-246,126,53,-1.28,-2798,-8354
SENSEX,09:16,45,CSL30,ALLDTE,81,-81,172,56,-0.74,-3944,-6566
SENSEX,09:16,45,CSL30,LIVEDTE,34,-293,126,53,-1.38,-3944,-9973
SENSEX,09:16,45,MOVE04,ALLDTE,81,-106,101,53,-1.0,-3122,-8580
SENSEX,09:16,45,MOVE04,LIVEDTE,34,-277,126,53,-1.39,-3122,-9408
SENSEX,09:16,45,NOSTOP,ALLDTE,81,-65,172,56,-0.62,-3122,-5236
SENSEX,09:16,45,NOSTOP,LIVEDTE,34,-254,126,53,-1.3,-3122,-8643
SENSEX,09:16,45,PERLEG30,ALLDTE,81,-89,49,53,-0.85,-3466,-7228
SENSEX,09:16,45,PERLEG30,LIVEDTE,34,-94,66,56,-0.53,-3466,-3211
SENSEX,09:16,45,RUP2500,ALLDTE,81,-80,172,56,-0.74,-2840,-6460
SENSEX,09:16,45,RUP2500,LIVEDTE,34,-268,126,53,-1.35,-2840,-9098
SENSEX,09:16,50,CSL15,ALLDTE,81,-12,163,54,-0.11,-2695,-989
SENSEX,09:16,50,CSL15,LIVEDTE,34,-182,89,50,-0.96,-2354,-6202
SENSEX,09:16,50,CSL20,ALLDTE,81,17,163,54,0.16,-2840,1385
SENSEX,09:16,50,CSL20,LIVEDTE,34,-220,89,50,-1.08,-2840,-7495
SENSEX,09:16,50,CSL25,ALLDTE,81,28,163,54,0.27,-2798,2281
SENSEX,09:16,50,CSL25,LIVEDTE,34,-194,89,50,-0.97,-2798,-6599
SENSEX,09:16,50,CSL30,ALLDTE,81,8,163,54,0.07,-3944,662
SENSEX,09:16,50,CSL30,LIVEDTE,34,-242,89,50,-1.1,-3944,-8218
SENSEX,09:16,50,MOVE04,ALLDTE,81,-40,24,51,-0.36,-3287,-3216
SENSEX,09:16,50,MOVE04,LIVEDTE,34,-234,-14,47,-1.14,-3287,-7967
SENSEX,09:16,50,NOSTOP,ALLDTE,81,11,163,54,0.1,-3712,855
SENSEX,09:16,50,NOSTOP,LIVEDTE,34,-236,89,50,-1.08,-3712,-8025
SENSEX,09:16,50,PERLEG30,ALLDTE,81,-81,16,51,-0.74,-3466,-6571
SENSEX,09:16,50,PERLEG30,LIVEDTE,34,-137,0,50,-0.75,-3466,-4642
SENSEX,09:16,50,RUP2500,ALLDTE,81,-1,163,54,-0.01,-2840,-69
SENSEX,09:16,50,RUP2500,LIVEDTE,34,-223,89,50,-1.07,-2840,-7570
SENSEX,09:16,55,CSL15,ALLDTE,81,-21,178,57,-0.19,-2695,-1695
SENSEX,09:16,55,CSL15,LIVEDTE,34,-169,66,53,-0.88,-2354,-5753
SENSEX,09:16,55,CSL20,ALLDTE,81,0,178,57,0.0,-3346,2
SENSEX,09:16,55,CSL20,LIVEDTE,34,-224,66,53,-1.05,-3346,-7613
SENSEX,09:16,55,CSL25,ALLDTE,81,6,178,57,0.06,-3442,493
SENSEX,09:16,55,CSL25,LIVEDTE,34,-209,66,53,-0.97,-3442,-7122
SENSEX,09:16,55,CSL30,ALLDTE,81,-14,178,57,-0.12,-3944,-1126
SENSEX,09:16,55,CSL30,LIVEDTE,34,-257,66,53,-1.1,-3944,-8741
SENSEX,09:16,55,MOVE04,ALLDTE,81,-53,177,52,-0.48,-3630,-4290
SENSEX,09:16,55,MOVE04,LIVEDTE,34,-222,28,50,-1.05,-3630,-7561
SENSEX,09:16,55,NOSTOP,ALLDTE,81,-18,178,57,-0.15,-3891,-1455
SENSEX,09:16,55,NOSTOP,LIVEDTE,34,-267,66,53,-1.12,-3891,-9070
SENSEX,09:16,55,PERLEG30,ALLDTE,81,-63,177,56,-0.59,-3466,-5138
SENSEX,09:16,55,PERLEG30,LIVEDTE,34,-83,176,62,-0.46,-3466,-2806
SENSEX,09:16,55,RUP2500,ALLDTE,81,-14,178,57,-0.12,-3346,-1105
SENSEX,09:16,55,RUP2500,LIVEDTE,34,-221,66,53,-1.01,-3346,-7502
SENSEX,09:16,60,CSL15,ALLDTE,81,32,239,60,0.29,-2695,2610
SENSEX,09:16,60,CSL15,LIVEDTE,34,-93,338,56,-0.47,-2354,-3165
SENSEX,09:16,60,CSL20,ALLDTE,81,49,239,60,0.45,-3346,4008
SENSEX,09:16,60,CSL20,LIVEDTE,34,-155,338,56,-0.7,-3346,-5262
SENSEX,09:16,60,CSL25,ALLDTE,81,29,239,60,0.25,-3517,2332
SENSEX,09:16,60,CSL25,LIVEDTE,34,-204,338,56,-0.86,-3517,-6938
SENSEX,09:16,60,CSL30,ALLDTE,81,7,239,60,0.05,-3944,546
SENSEX,09:16,60,CSL30,LIVEDTE,34,-257,338,56,-1.0,-3944,-8724
SENSEX,09:16,60,MOVE04,ALLDTE,81,-35,68,54,-0.31,-3557,-2847
SENSEX,09:16,60,MOVE04,LIVEDTE,34,-212,-14,50,-0.97,-3557,-7211
SENSEX,09:16,60,NOSTOP,ALLDTE,81,25,239,60,0.21,-3684,2004
SENSEX,09:16,60,NOSTOP,LIVEDTE,34,-214,338,56,-0.87,-3684,-7266
SENSEX,09:16,60,PERLEG30,ALLDTE,81,-55,68,54,-0.5,-3763,-4482
SENSEX,09:16,60,PERLEG30,LIVEDTE,34,-80,146,59,-0.41,-3763,-2707
SENSEX,09:16,60,RUP2500,ALLDTE,81,14,239,60,0.12,-3346,1137
SENSEX,09:16,60,RUP2500,LIVEDTE,34,-208,338,56,-0.87,-3346,-7059
SENSEX,09:16,65,CSL15,ALLDTE,81,-5,99,60,-0.04,-2695,-392
SENSEX,09:16,65,CSL15,LIVEDTE,34,-121,108,59,-0.58,-2354,-4128
SENSEX,09:16,65,CSL20,ALLDTE,81,13,120,62,0.11,-3346,1065
SENSEX,09:16,65,CSL20,LIVEDTE,34,-186,108,59,-0.8,-3346,-6312
SENSEX,09:16,65,CSL25,ALLDTE,81,6,120,62,0.05,-3517,494
SENSEX,09:16,65,CSL25,LIVEDTE,34,-202,108,59,-0.84,-3517,-6883
SENSEX,09:16,65,CSL30,ALLDTE,81,-34,120,62,-0.25,-5127,-2735
SENSEX,09:16,65,CSL30,LIVEDTE,34,-297,108,59,-1.06,-5127,-10112
SENSEX,09:16,65,MOVE04,ALLDTE,81,-35,99,57,-0.29,-3621,-2807
SENSEX,09:16,65,MOVE04,LIVEDTE,34,-220,52,53,-0.96,-3621,-7470
SENSEX,09:16,65,NOSTOP,ALLDTE,81,-44,120,62,-0.31,-5676,-3540
SENSEX,09:16,65,NOSTOP,LIVEDTE,34,-321,108,59,-1.1,-5676,-10917
SENSEX,09:16,65,PERLEG30,ALLDTE,81,-52,79,53,-0.44,-4515,-4185
SENSEX,09:16,65,PERLEG30,LIVEDTE,34,-94,203,56,-0.44,-4515,-3211
SENSEX,09:16,65,RUP2500,ALLDTE,81,-14,120,62,-0.11,-3346,-1157
SENSEX,09:16,65,RUP2500,LIVEDTE,34,-225,108,59,-0.91,-3346,-7650
SENSEX,10:30,20,CSL15,ALLDTE,82,-175,-106,28,-3.72,-2461,-14339
SENSEX,10:30,20,CSL15,LIVEDTE,17,28,-2,47,0.65,-184,479
SENSEX,10:30,20,CSL20,ALLDTE,82,-175,-106,28,-3.72,-2461,-14339
SENSEX,10:30,20,CSL20,LIVEDTE,17,28,-2,47,0.65,-184,479
SENSEX,10:30,20,CSL25,ALLDTE,82,-175,-106,28,-3.72,-2461,-14339
SENSEX,10:30,20,CSL25,LIVEDTE,17,28,-2,47,0.65,-184,479
SENSEX,10:30,20,CSL30,ALLDTE,82,-175,-106,28,-3.72,-2461,-14339
SENSEX,10:30,20,CSL30,LIVEDTE,17,28,-2,47,0.65,-184,479
SENSEX,10:30,20,MOVE04,ALLDTE,82,-147,-106,28,-4.13,-1606,-12028
SENSEX,10:30,20,MOVE04,LIVEDTE,17,28,-2,47,0.65,-184,479
SENSEX,10:30,20,NOSTOP,ALLDTE,82,-158,-106,28,-4.01,-1667,-12932
SENSEX,10:30,20,NOSTOP,LIVEDTE,17,28,-2,47,0.65,-184,479
SENSEX,10:30,20,PERLEG30,ALLDTE,82,-243,-124,26,-3.21,-5172,-19918
SENSEX,10:30,20,PERLEG30,LIVEDTE,17,28,-2,47,0.65,-184,479
SENSEX,10:30,20,RUP2500,ALLDTE,82,-158,-106,28,-4.01,-1667,-12932
SENSEX,10:30,20,RUP2500,LIVEDTE,17,28,-2,47,0.65,-184,479
SENSEX,10:30,25,CSL15,ALLDTE,82,-193,-128,29,-4.23,-2461,-15863
SENSEX,10:30,25,CSL15,LIVEDTE,17,16,34,53,0.35,-310,272
SENSEX,10:30,25,CSL20,ALLDTE,82,-180,-128,29,-4.2,-2461,-14723
SENSEX,10:30,25,CSL20,LIVEDTE,17,16,34,53,0.35,-310,272
SENSEX,10:30,25,CSL25,ALLDTE,82,-180,-128,29,-4.2,-2461,-14723
SENSEX,10:30,25,CSL25,LIVEDTE,17,16,34,53,0.35,-310,272
SENSEX,10:30,25,CSL30,ALLDTE,82,-180,-128,29,-4.2,-2461,-14723
SENSEX,10:30,25,CSL30,LIVEDTE,17,16,34,53,0.35,-310,272
SENSEX,10:30,25,MOVE04,ALLDTE,82,-154,-128,29,-4.88,-1263,-12600
SENSEX,10:30,25,MOVE04,LIVEDTE,17,16,34,53,0.35,-310,272
SENSEX,10:30,25,NOSTOP,ALLDTE,82,-159,-128,29,-4.79,-1263,-13059
SENSEX,10:30,25,NOSTOP,LIVEDTE,17,16,34,53,0.35,-310,272
SENSEX,10:30,25,PERLEG30,ALLDTE,82,-287,-140,27,-3.65,-5172,-23568
SENSEX,10:30,25,PERLEG30,LIVEDTE,17,16,34,53,0.35,-310,272
SENSEX,10:30,25,RUP2500,ALLDTE,82,-159,-128,29,-4.79,-1263,-13059
SENSEX,10:30,25,RUP2500,LIVEDTE,17,16,34,53,0.35,-310,272
SENSEX,10:30,30,CSL15,ALLDTE,82,-169,-86,33,-3.43,-2461,-13863
SENSEX,10:30,30,CSL15,LIVEDTE,17,-42,-54,47,-0.69,-541,-714
SENSEX,10:30,30,CSL20,ALLDTE,82,-166,-86,33,-3.44,-2461,-13631
SENSEX,10:30,30,CSL20,LIVEDTE,17,-42,-54,47,-0.69,-541,-714
SENSEX,10:30,30,CSL25,ALLDTE,82,-181,-86,33,-3.32,-2555,-14835
SENSEX,10:30,30,CSL25,LIVEDTE,17,-42,-54,47,-0.69,-541,-714
SENSEX,10:30,30,CSL30,ALLDTE,82,-181,-86,33,-3.32,-2555,-14835
SENSEX,10:30,30,CSL30,LIVEDTE,17,-42,-54,47,-0.69,-541,-714
SENSEX,10:30,30,MOVE04,ALLDTE,82,-164,-86,33,-3.42,-2555,-13457
SENSEX,10:30,30,MOVE04,LIVEDTE,17,-42,-54,47,-0.69,-541,-714
SENSEX,10:30,30,NOSTOP,ALLDTE,82,-162,-86,33,-3.4,-2555,-13323
SENSEX,10:30,30,NOSTOP,LIVEDTE,17,-42,-54,47,-0.69,-541,-714
SENSEX,10:30,30,PERLEG30,ALLDTE,82,-281,-130,32,-3.49,-5172,-23045
SENSEX,10:30,30,PERLEG30,LIVEDTE,17,-42,-54,47,-0.68,-541,-711
SENSEX,10:30,30,RUP2500,ALLDTE,82,-162,-86,33,-3.4,-2555,-13323
SENSEX,10:30,30,RUP2500,LIVEDTE,17,-42,-54,47,-0.69,-541,-714
SENSEX,10:30,35,CSL15,ALLDTE,82,-141,-60,41,-2.65,-2461,-11532
SENSEX,10:30,35,CSL15,LIVEDTE,17,-51,62,65,-0.46,-944,-863
SENSEX,10:30,35,CSL20,ALLDTE,82,-135,-60,41,-2.62,-2461,-11057
SENSEX,10:30,35,CSL20,LIVEDTE,17,-51,62,65,-0.46,-944,-863
SENSEX,10:30,35,CSL25,ALLDTE,82,-144,-60,41,-2.58,-2555,-11794
SENSEX,10:30,35,CSL25,LIVEDTE,17,-51,62,65,-0.46,-944,-863
SENSEX,10:30,35,CSL30,ALLDTE,82,-144,-60,41,-2.58,-2555,-11794
SENSEX,10:30,35,CSL30,LIVEDTE,17,-51,62,65,-0.46,-944,-863
SENSEX,10:30,35,MOVE04,ALLDTE,82,-113,-60,41,-2.69,-1382,-9248
SENSEX,10:30,35,MOVE04,LIVEDTE,17,-51,62,65,-0.46,-944,-863
SENSEX,10:30,35,NOSTOP,ALLDTE,82,-108,-60,41,-2.6,-1382,-8824
SENSEX,10:30,35,NOSTOP,LIVEDTE,17,-51,62,65,-0.46,-944,-863
SENSEX,10:30,35,PERLEG30,ALLDTE,82,-274,-77,38,-3.24,-5172,-22431
SENSEX,10:30,35,PERLEG30,LIVEDTE,17,-88,62,65,-0.8,-999,-1493
SENSEX,10:30,35,RUP2500,ALLDTE,82,-108,-60,41,-2.6,-1382,-8824
SENSEX,10:30,35,RUP2500,LIVEDTE,17,-51,62,65,-0.46,-944,-863
SENSEX,10:30,40,CSL15,ALLDTE,82,-111,-21,48,-2.11,-2461,-9066
SENSEX,10:30,40,CSL15,LIVEDTE,17,60,89,71,0.76,-581,1015
SENSEX,10:30,40,CSL20,ALLDTE,82,-106,-21,48,-2.07,-2461,-8685
SENSEX,10:30,40,CSL20,LIVEDTE,17,60,89,71,0.76,-581,1015
SENSEX,10:30,40,CSL25,ALLDTE,82,-116,-21,48,-2.08,-2555,-9493
SENSEX,10:30,40,CSL25,LIVEDTE,17,60,89,71,0.76,-581,1015
SENSEX,10:30,40,CSL30,ALLDTE,82,-116,-21,48,-2.08,-2555,-9493
SENSEX,10:30,40,CSL30,LIVEDTE,17,60,89,71,0.76,-581,1015
SENSEX,10:30,40,MOVE04,ALLDTE,82,-84,-21,48,-2.03,-1397,-6873
SENSEX,10:30,40,MOVE04,LIVEDTE,17,60,89,71,0.76,-581,1015
SENSEX,10:30,40,NOSTOP,ALLDTE,82,-78,-21,48,-1.93,-1397,-6422
SENSEX,10:30,40,NOSTOP,LIVEDTE,17,60,89,71,0.76,-581,1015
SENSEX,10:30,40,PERLEG30,ALLDTE,82,-294,-71,40,-3.12,-5172,-24140
SENSEX,10:30,40,PERLEG30,LIVEDTE,17,-148,76,59,-1.1,-1585,-2522
SENSEX,10:30,40,RUP2500,ALLDTE,82,-78,-21,48,-1.93,-1397,-6422
SENSEX,10:30,40,RUP2500,LIVEDTE,17,60,89,71,0.76,-581,1015
SENSEX,10:30,45,CSL15,ALLDTE,82,-100,-40,46,-1.89,-2461,-8164
SENSEX,10:30,45,CSL15,LIVEDTE,17,31,43,59,0.43,-493,525
SENSEX,10:30,45,CSL20,ALLDTE,82,-85,-40,46,-1.7,-2461,-6973
SENSEX,10:30,45,CSL20,LIVEDTE,17,31,43,59,0.43,-493,525
SENSEX,10:30,45,CSL25,ALLDTE,82,-99,-40,46,-1.77,-2555,-8149
SENSEX,10:30,45,CSL25,LIVEDTE,17,31,43,59,0.43,-493,525
SENSEX,10:30,45,CSL30,ALLDTE,82,-99,-40,46,-1.77,-2555,-8149
SENSEX,10:30,45,CSL30,LIVEDTE,17,31,43,59,0.43,-493,525
SENSEX,10:30,45,MOVE04,ALLDTE,82,-69,-60,45,-1.66,-1690,-5649
SENSEX,10:30,45,MOVE04,LIVEDTE,17,31,43,59,0.43,-493,525
SENSEX,10:30,45,NOSTOP,ALLDTE,82,-56,-40,46,-1.4,-1690,-4599
SENSEX,10:30,45,NOSTOP,LIVEDTE,17,31,43,59,0.43,-493,525
SENSEX,10:30,45,PERLEG30,ALLDTE,82,-263,-82,41,-2.97,-5172,-21546
SENSEX,10:30,45,PERLEG30,LIVEDTE,17,-145,43,59,-1.18,-1249,-2464
SENSEX,10:30,45,RUP2500,ALLDTE,82,-56,-40,46,-1.4,-1690,-4599
SENSEX,10:30,45,RUP2500,LIVEDTE,17,31,43,59,0.43,-493,525
SENSEX,10:30,50,CSL15,ALLDTE,82,-82,50,51,-1.42,-2461,-6715
SENSEX,10:30,50,CSL15,LIVEDTE,17,139,101,71,1.9,-382,2364
SENSEX,10:30,50,CSL20,ALLDTE,82,-68,55,52,-1.18,-2461,-5614
SENSEX,10:30,50,CSL20,LIVEDTE,17,139,101,71,1.9,-382,2364
SENSEX,10:30,50,CSL25,ALLDTE,82,-92,55,52,-1.38,-2555,-7514
SENSEX,10:30,50,CSL25,LIVEDTE,17,139,101,71,1.9,-382,2364
SENSEX,10:30,50,CSL30,ALLDTE,82,-92,55,52,-1.38,-2555,-7514
SENSEX,10:30,50,CSL30,LIVEDTE,17,139,101,71,1.9,-382,2364
SENSEX,10:30,50,MOVE04,ALLDTE,82,-63,50,51,-1.05,-3311,-5140
SENSEX,10:30,50,MOVE04,LIVEDTE,17,139,101,71,1.9,-382,2364
SENSEX,10:30,50,NOSTOP,ALLDTE,82,-46,55,52,-0.85,-2616,-3757
SENSEX,10:30,50,NOSTOP,LIVEDTE,17,139,101,71,1.9,-382,2364
SENSEX,10:30,50,PERLEG30,ALLDTE,82,-229,-54,45,-2.55,-5172,-18745
SENSEX,10:30,50,PERLEG30,LIVEDTE,17,-130,70,65,-0.86,-1621,-2216
SENSEX,10:30,50,RUP2500,ALLDTE,82,-54,55,52,-0.92,-3311,-4452
SENSEX,10:30,50,RUP2500,LIVEDTE,17,139,101,71,1.9,-382,2364
SENSEX,10:30,55,CSL15,ALLDTE,82,-103,38,55,-1.63,-2461,-8448
SENSEX,10:30,55,CSL15,LIVEDTE,17,141,99,76,1.52,-609,2391
SENSEX,10:30,55,CSL20,ALLDTE,82,-98,38,55,-1.54,-2461,-8015
SENSEX,10:30,55,CSL20,LIVEDTE,17,141,99,76,1.52,-609,2391
SENSEX,10:30,55,CSL25,ALLDTE,82,-121,38,55,-1.7,-2555,-9915
SENSEX,10:30,55,CSL25,LIVEDTE,17,141,99,76,1.52,-609,2391
SENSEX,10:30,55,CSL30,ALLDTE,82,-121,38,55,-1.7,-2555,-9915
SENSEX,10:30,55,CSL30,LIVEDTE,17,141,99,76,1.52,-609,2391
SENSEX,10:30,55,MOVE04,ALLDTE,82,-68,35,54,-1.15,-3311,-5561
SENSEX,10:30,55,MOVE04,LIVEDTE,17,141,99,76,1.52,-609,2391
SENSEX,10:30,55,NOSTOP,ALLDTE,82,-48,38,55,-0.96,-1923,-3960
SENSEX,10:30,55,NOSTOP,LIVEDTE,17,141,99,76,1.52,-609,2391
SENSEX,10:30,55,PERLEG30,ALLDTE,82,-247,-36,48,-2.63,-5172,-20230
SENSEX,10:30,55,PERLEG30,LIVEDTE,17,-134,99,65,-0.84,-1779,-2276
SENSEX,10:30,55,RUP2500,ALLDTE,82,-72,38,55,-1.17,-3311,-5935
SENSEX,10:30,55,RUP2500,LIVEDTE,17,141,99,76,1.52,-609,2391
SENSEX,10:30,60,CSL15,ALLDTE,82,-102,74,56,-1.49,-2461,-8371
SENSEX,10:30,60,CSL15,LIVEDTE,17,120,198,71,1.08,-890,2042
SENSEX,10:30,60,CSL20,ALLDTE,82,-104,74,56,-1.5,-2461,-8541
SENSEX,10:30,60,CSL20,LIVEDTE,17,120,198,71,1.08,-890,2042
SENSEX,10:30,60,CSL25,ALLDTE,82,-127,74,56,-1.66,-2555,-10441
SENSEX,10:30,60,CSL25,LIVEDTE,17,120,198,71,1.08,-890,2042
SENSEX,10:30,60,CSL30,ALLDTE,82,-127,74,56,-1.66,-2555,-10441
SENSEX,10:30,60,CSL30,LIVEDTE,17,120,198,71,1.08,-890,2042
SENSEX,10:30,60,MOVE04,ALLDTE,82,-82,74,56,-1.23,-3311,-6695
SENSEX,10:30,60,MOVE04,LIVEDTE,17,120,198,71,1.08,-890,2042
SENSEX,10:30,60,NOSTOP,ALLDTE,82,-57,74,56,-0.99,-1821,-4689
SENSEX,10:30,60,NOSTOP,LIVEDTE,17,120,198,71,1.08,-890,2042
SENSEX,10:30,60,PERLEG30,ALLDTE,82,-232,0,50,-2.44,-5172,-19065
SENSEX,10:30,60,PERLEG30,LIVEDTE,17,-107,175,59,-0.6,-2017,-1814
SENSEX,10:30,60,RUP2500,ALLDTE,82,-89,74,56,-1.28,-3311,-7286
SENSEX,10:30,60,RUP2500,LIVEDTE,17,120,198,71,1.08,-890,2042
SENSEX,10:30,65,CSL15,ALLDTE,82,-55,104,57,-0.76,-2464,-4499
SENSEX,10:30,65,CSL15,LIVEDTE,17,202,282,82,1.92,-758,3432
SENSEX,10:30,65,CSL20,ALLDTE,82,-66,104,57,-0.89,-2464,-5427
SENSEX,10:30,65,CSL20,LIVEDTE,17,202,282,82,1.92,-758,3432
SENSEX,10:30,65,CSL25,ALLDTE,82,-104,104,57,-1.2,-2905,-8496
SENSEX,10:30,65,CSL25,LIVEDTE,17,202,282,82,1.92,-758,3432
SENSEX,10:30,65,CSL30,ALLDTE,82,-104,104,57,-1.2,-2905,-8496
SENSEX,10:30,65,CSL30,LIVEDTE,17,202,282,82,1.92,-758,3432
SENSEX,10:30,65,MOVE04,ALLDTE,82,-46,98,56,-0.62,-3311,-3746
SENSEX,10:30,65,MOVE04,LIVEDTE,17,202,282,82,1.92,-758,3432
SENSEX,10:30,65,NOSTOP,ALLDTE,82,-18,104,57,-0.28,-2762,-1499
SENSEX,10:30,65,NOSTOP,LIVEDTE,17,202,282,82,1.92,-758,3432
SENSEX,10:30,65,PERLEG30,ALLDTE,82,-237,-16,49,-2.41,-5172,-19411
SENSEX,10:30,65,PERLEG30,LIVEDTE,17,-137,193,71,-0.65,-2648,-2326
SENSEX,10:30,65,RUP2500,ALLDTE,82,-55,104,57,-0.7,-3311,-4508
SENSEX,10:30,65,RUP2500,LIVEDTE,17,202,282,82,1.92,-758,3432
