label,max_age_m,min_bars,L,max_depth,rs_policy,rs_min,tight_max,pivot_mode,stop,trail,target,slots,size_pct,risk_pct,stop_mode,cost,gate,fill_close,n_signals,w1_cagr,w1_cagr_lo,w1_cagr_hi,w1_cagr_worst,w1_dd,w1_dd_worst,w1_calmar,w1_n,w1_tpy,w1_win,w1_mean,w1_netexp,w1_avg_win,w1_avg_loss,w1_hold,w1_inv,w1_streak,w2_cagr,w2_cagr_lo,w2_cagr_hi,w2_cagr_worst,w2_dd,w2_dd_worst,w2_calmar,w2_n,w2_tpy,w2_win,w2_mean,w2_netexp,w2_avg_win,w2_avg_loss,w2_hold,w2_inv,w2_streak,secs
g1a_a3_L15_d20_off,3,25,15,0.2,off,70.0,,close,0.08,50,,8,0.1875,,pct,0.0025,False,False,774,33.82,32.63,37.98,32.63,-21.29,-22.57,1.588,137,22.8,46.7,9.596,9.096,27.22,-5.77,48.0,62.8,7,23.9,22.71,24.91,22.71,-40.09,-40.09,0.596,246,11.9,49.8,12.918,12.418,32.21,-6.14,57.0,37.9,10,2.4
g1a_a3_L15_d20_relaxed,3,25,15,0.2,relaxed,70.0,,close,0.08,50,,8,0.1875,,pct,0.0025,False,False,774,33.82,32.63,37.98,32.63,-21.29,-22.57,1.588,137,22.8,46.7,9.596,9.096,27.22,-5.77,48.0,62.8,7,23.9,22.71,24.91,22.71,-40.09,-40.09,0.596,246,11.9,49.8,12.918,12.418,32.21,-6.14,57.0,37.9,10,2.3
g1a_a3_L15_d20_short70,3,25,15,0.2,short,70.0,,close,0.08,50,,8,0.1875,,pct,0.0025,False,False,2,8.82,8.82,8.82,8.82,-6.89,-6.89,1.281,1,0.2,100.0,168.651,168.151,168.65,0.0,287.0,3.7,0,6.04,6.04,6.04,6.04,-6.7,-6.7,0.901,2,0.1,50.0,79.616,79.116,168.65,-9.42,161.0,1.2,1,0.8
g1a_a3_L15_d20_short80,3,25,15,0.2,short,80.0,,close,0.08,50,,8,0.1875,,pct,0.0025,False,False,1,8.82,8.82,8.82,8.82,-6.89,-6.89,1.281,1,0.2,100.0,168.651,168.151,168.65,0.0,287.0,3.7,0,6.13,6.13,6.13,6.13,-6.91,-6.91,0.887,1,0.0,100.0,168.651,168.151,168.65,0.0,287.0,1.1,0,0.8
g1a_a3_L15_d30_off,3,25,15,0.3,off,70.0,,close,0.08,50,,8,0.1875,,pct,0.0025,False,False,927,32.99,24.75,38.9,24.75,-19.62,-25.03,1.681,141,23.6,48.0,8.968,8.468,24.72,-5.64,48.0,64.5,8,21.49,20.37,22.05,20.37,-40.09,-40.09,0.536,268,13.0,48.2,10.901,10.401,29.37,-6.41,54.0,39.3,10,1.9
g1a_a3_L15_d30_relaxed,3,25,15,0.3,relaxed,70.0,,close,0.08,50,,8,0.1875,,pct,0.0025,False,False,927,32.99,24.75,38.9,24.75,-19.62,-25.03,1.681,141,23.6,48.0,8.968,8.468,24.72,-5.64,48.0,64.5,8,21.49,20.37,22.05,20.37,-40.09,-40.09,0.536,268,13.0,48.2,10.901,10.401,29.37,-6.41,54.0,39.3,10,2.2
g1a_a3_L15_d30_short70,3,25,15,0.3,short,70.0,,close,0.08,50,,8,0.1875,,pct,0.0025,False,False,2,8.82,8.82,8.82,8.82,-6.89,-6.89,1.281,1,0.2,100.0,168.651,168.151,168.65,0.0,287.0,3.7,0,6.04,6.04,6.04,6.04,-6.7,-6.7,0.901,2,0.1,50.0,79.616,79.116,168.65,-9.42,161.0,1.2,1,0.9
g1a_a3_L15_d30_short80,3,25,15,0.3,short,80.0,,close,0.08,50,,8,0.1875,,pct,0.0025,False,False,1,8.82,8.82,8.82,8.82,-6.89,-6.89,1.281,1,0.2,100.0,168.651,168.151,168.65,0.0,287.0,3.7,0,6.13,6.13,6.13,6.13,-6.91,-6.91,0.887,1,0.0,100.0,168.651,168.151,168.65,0.0,287.0,1.1,0,0.9
g1a_a3_L15_d40_off,3,25,15,0.4,off,70.0,,close,0.08,50,,8,0.1875,,pct,0.0025,False,False,963,30.47,23.61,34.13,23.61,-22.11,-22.19,1.378,144,24.0,47.0,8.405,7.905,24.28,-5.76,47.0,64.4,8,20.33,18.91,21.14,18.91,-40.09,-40.09,0.507,276,13.4,47.3,10.145,9.645,28.77,-6.7,53.0,39.8,10,2.3
g1a_a3_L15_d40_relaxed,3,25,15,0.4,relaxed,70.0,,close,0.08,50,,8,0.1875,,pct,0.0025,False,False,963,30.47,23.61,34.13,23.61,-22.11,-22.19,1.378,144,24.0,47.0,8.405,7.905,24.28,-5.76,47.0,64.4,8,20.33,18.91,21.14,18.91,-40.09,-40.09,0.507,276,13.4,47.3,10.145,9.645,28.77,-6.7,53.0,39.8,10,2.7
g1a_a3_L15_d40_short70,3,25,15,0.4,short,70.0,,close,0.08,50,,8,0.1875,,pct,0.0025,False,False,2,8.82,8.82,8.82,8.82,-6.89,-6.89,1.281,1,0.2,100.0,168.651,168.151,168.65,0.0,287.0,3.7,0,6.04,6.04,6.04,6.04,-6.7,-6.7,0.901,2,0.1,50.0,79.616,79.116,168.65,-9.42,161.0,1.2,1,0.8
g1a_a3_L15_d40_short80,3,25,15,0.4,short,80.0,,close,0.08,50,,8,0.1875,,pct,0.0025,False,False,1,8.82,8.82,8.82,8.82,-6.89,-6.89,1.281,1,0.2,100.0,168.651,168.151,168.65,0.0,287.0,3.7,0,6.13,6.13,6.13,6.13,-6.91,-6.91,0.887,1,0.0,100.0,168.651,168.151,168.65,0.0,287.0,1.1,0,0.9
g1a_a3_L15_d60_off,3,25,15,0.6,off,70.0,,close,0.08,50,,8,0.1875,,pct,0.0025,False,False,971,31.14,25.06,34.13,25.06,-22.11,-22.2,1.408,144,24.0,47.0,8.516,8.016,24.6,-5.76,47.0,64.7,9,19.43,18.81,21.2,18.81,-40.09,-40.09,0.485,277,13.4,47.2,9.752,9.252,28.54,-6.7,53.0,39.9,10,2.2
g1a_a3_L15_d60_relaxed,3,25,15,0.6,relaxed,70.0,,close,0.08,50,,8,0.1875,,pct,0.0025,False,False,971,31.14,25.06,34.13,25.06,-22.11,-22.2,1.408,144,24.0,47.0,8.516,8.016,24.6,-5.76,47.0,64.7,9,19.43,18.81,21.2,18.81,-40.09,-40.09,0.485,277,13.4,47.2,9.752,9.252,28.54,-6.7,53.0,39.9,10,2.2
g1a_a3_L15_d60_short70,3,25,15,0.6,short,70.0,,close,0.08,50,,8,0.1875,,pct,0.0025,False,False,2,8.82,8.82,8.82,8.82,-6.89,-6.89,1.281,1,0.2,100.0,168.651,168.151,168.65,0.0,287.0,3.7,0,6.04,6.04,6.04,6.04,-6.7,-6.7,0.901,2,0.1,50.0,79.616,79.116,168.65,-9.42,161.0,1.2,1,0.9
g1a_a3_L15_d60_short80,3,25,15,0.6,short,80.0,,close,0.08,50,,8,0.1875,,pct,0.0025,False,False,1,8.82,8.82,8.82,8.82,-6.89,-6.89,1.281,1,0.2,100.0,168.651,168.151,168.65,0.0,287.0,3.7,0,6.13,6.13,6.13,6.13,-6.91,-6.91,0.887,1,0.0,100.0,168.651,168.151,168.65,0.0,287.0,1.1,0,0.8
g1a_a3_L25_d20_off,3,25,25,0.2,off,70.0,,close,0.08,50,,8,0.1875,,pct,0.0025,False,False,385,36.76,33.89,39.7,33.89,-18.57,-20.66,1.979,93,15.6,54.8,14.259,13.759,31.1,-6.39,64.0,57.1,8,23.13,22.39,24.81,22.39,-35.84,-35.84,0.645,166,8.1,56.5,16.769,16.269,34.81,-6.34,69.0,31.8,8,2.1
g1a_a3_L25_d20_relaxed,3,25,25,0.2,relaxed,70.0,,close,0.08,50,,8,0.1875,,pct,0.0025,False,False,385,36.76,33.89,39.7,33.89,-18.57,-20.66,1.979,93,15.6,54.8,14.259,13.759,31.1,-6.39,64.0,57.1,8,23.13,22.39,24.81,22.39,-35.84,-35.84,0.645,166,8.1,56.5,16.769,16.269,34.81,-6.34,69.0,31.8,8,2.1
g1a_a3_L25_d20_short70,3,25,25,0.2,short,70.0,,close,0.08,50,,8,0.1875,,pct,0.0025,False,False,2,8.82,8.82,8.82,8.82,-6.89,-6.89,1.281,1,0.2,100.0,168.651,168.151,168.65,0.0,287.0,3.7,0,6.04,6.04,6.04,6.04,-6.7,-6.7,0.901,2,0.1,50.0,79.616,79.116,168.65,-9.42,161.0,1.2,1,1.0
g1a_a3_L25_d20_short80,3,25,25,0.2,short,80.0,,close,0.08,50,,8,0.1875,,pct,0.0025,False,False,1,8.82,8.82,8.82,8.82,-6.89,-6.89,1.281,1,0.2,100.0,168.651,168.151,168.65,0.0,287.0,3.7,0,6.13,6.13,6.13,6.13,-6.91,-6.91,0.887,1,0.0,100.0,168.651,168.151,168.65,0.0,287.0,1.1,0,0.9
g1a_a3_L25_d30_off,3,25,25,0.3,off,70.0,,close,0.08,50,,8,0.1875,,pct,0.0025,False,False,612,44.82,40.37,47.89,40.37,-18.62,-21.88,2.407,104,17.3,52.7,14.645,14.145,33.13,-6.56,60.0,60.6,7,26.27,24.96,26.99,24.96,-35.84,-35.84,0.733,196,9.5,55.5,16.618,16.118,35.37,-6.54,65.0,35.4,7,1.9
g1a_a3_L25_d30_relaxed,3,25,25,0.3,relaxed,70.0,,close,0.08,50,,8,0.1875,,pct,0.0025,False,False,612,44.82,40.37,47.89,40.37,-18.62,-21.88,2.407,104,17.3,52.7,14.645,14.145,33.13,-6.56,60.0,60.6,7,26.27,24.96,26.99,24.96,-35.84,-35.84,0.733,196,9.5,55.5,16.618,16.118,35.37,-6.54,65.0,35.4,7,2.2
g1a_a3_L25_d30_short70,3,25,25,0.3,short,70.0,,close,0.08,50,,8,0.1875,,pct,0.0025,False,False,2,8.82,8.82,8.82,8.82,-6.89,-6.89,1.281,1,0.2,100.0,168.651,168.151,168.65,0.0,287.0,3.7,0,6.04,6.04,6.04,6.04,-6.7,-6.7,0.901,2,0.1,50.0,79.616,79.116,168.65,-9.42,161.0,1.2,1,0.8
g1a_a3_L25_d30_short80,3,25,25,0.3,short,80.0,,close,0.08,50,,8,0.1875,,pct,0.0025,False,False,1,8.82,8.82,8.82,8.82,-6.89,-6.89,1.281,1,0.2,100.0,168.651,168.151,168.65,0.0,287.0,3.7,0,6.13,6.13,6.13,6.13,-6.91,-6.91,0.887,1,0.0,100.0,168.651,168.151,168.65,0.0,287.0,1.1,0,0.8
g1a_a3_L25_d40_off,3,25,25,0.4,off,70.0,,close,0.08,50,,8,0.1875,,pct,0.0025,False,False,707,45.35,40.47,47.03,40.47,-22.88,-23.71,1.982,105,17.5,52.9,14.621,14.121,33.14,-6.23,60.0,61.1,7,25.74,25.07,25.84,25.07,-35.84,-35.84,0.718,209,10.1,51.7,15.708,15.208,36.48,-6.88,63.0,36.4,7,2.0
g1a_a3_L25_d40_relaxed,3,25,25,0.4,relaxed,70.0,,close,0.08,50,,8,0.1875,,pct,0.0025,False,False,707,45.35,40.47,47.03,40.47,-22.88,-23.71,1.982,105,17.5,52.9,14.621,14.121,33.14,-6.23,60.0,61.1,7,25.74,25.07,25.84,25.07,-35.84,-35.84,0.718,209,10.1,51.7,15.708,15.208,36.48,-6.88,63.0,36.4,7,2.3
g1a_a3_L25_d40_short70,3,25,25,0.4,short,70.0,,close,0.08,50,,8,0.1875,,pct,0.0025,False,False,2,8.82,8.82,8.82,8.82,-6.89,-6.89,1.281,1,0.2,100.0,168.651,168.151,168.65,0.0,287.0,3.7,0,6.04,6.04,6.04,6.04,-6.7,-6.7,0.901,2,0.1,50.0,79.616,79.116,168.65,-9.42,161.0,1.2,1,0.8
g1a_a3_L25_d40_short80,3,25,25,0.4,short,80.0,,close,0.08,50,,8,0.1875,,pct,0.0025,False,False,1,8.82,8.82,8.82,8.82,-6.89,-6.89,1.281,1,0.2,100.0,168.651,168.151,168.65,0.0,287.0,3.7,0,6.13,6.13,6.13,6.13,-6.91,-6.91,0.887,1,0.0,100.0,168.651,168.151,168.65,0.0,287.0,1.1,0,0.9
g1a_a3_L25_d60_off,3,25,25,0.6,off,70.0,,close,0.08,50,,8,0.1875,,pct,0.0025,False,False,742,43.69,40.74,45.92,40.74,-22.86,-24.15,1.911,107,17.8,51.9,13.921,13.421,32.69,-6.33,59.0,61.5,8,24.95,23.95,26.11,23.95,-35.84,-35.84,0.696,214,10.4,50.9,15.028,14.528,36.18,-7.1,62.0,36.7,8,2.0
g1a_a3_L25_d60_relaxed,3,25,25,0.6,relaxed,70.0,,close,0.08,50,,8,0.1875,,pct,0.0025,False,False,742,43.69,40.74,45.92,40.74,-22.86,-24.15,1.911,107,17.8,51.9,13.921,13.421,32.69,-6.33,59.0,61.5,8,24.95,23.95,26.11,23.95,-35.84,-35.84,0.696,214,10.4,50.9,15.028,14.528,36.18,-7.1,62.0,36.7,8,1.8
g1a_a3_L25_d60_short70,3,25,25,0.6,short,70.0,,close,0.08,50,,8,0.1875,,pct,0.0025,False,False,2,8.82,8.82,8.82,8.82,-6.89,-6.89,1.281,1,0.2,100.0,168.651,168.151,168.65,0.0,287.0,3.7,0,6.04,6.04,6.04,6.04,-6.7,-6.7,0.901,2,0.1,50.0,79.616,79.116,168.65,-9.42,161.0,1.2,1,0.9
g1a_a3_L25_d60_short80,3,25,25,0.6,short,80.0,,close,0.08,50,,8,0.1875,,pct,0.0025,False,False,1,8.82,8.82,8.82,8.82,-6.89,-6.89,1.281,1,0.2,100.0,168.651,168.151,168.65,0.0,287.0,3.7,0,6.13,6.13,6.13,6.13,-6.91,-6.91,0.887,1,0.0,100.0,168.651,168.151,168.65,0.0,287.0,1.1,0,1.1
g1a_a3_L40_d20_off,3,40,40,0.2,off,70.0,,close,0.08,50,,8,0.1875,,pct,0.0025,False,False,98,24.22,24.22,24.22,24.22,-19.11,-19.11,1.267,39,6.5,51.3,21.46,20.96,48.3,-6.79,64.0,25.1,8,15.3,15.3,15.3,15.3,-29.84,-29.84,0.513,75,3.6,56.0,21.456,20.956,43.32,-6.37,71.0,15.2,8,1.8
g1a_a3_L40_d20_relaxed,3,40,40,0.2,relaxed,70.0,,close,0.08,50,,8,0.1875,,pct,0.0025,False,False,98,24.22,24.22,24.22,24.22,-19.11,-19.11,1.267,39,6.5,51.3,21.46,20.96,48.3,-6.79,64.0,25.1,8,15.3,15.3,15.3,15.3,-29.84,-29.84,0.513,75,3.6,56.0,21.456,20.956,43.32,-6.37,71.0,15.2,8,1.3
g1a_a3_L40_d20_short70,3,40,40,0.2,short,70.0,,close,0.08,50,,8,0.1875,,pct,0.0025,False,False,0,5.06,5.06,5.06,5.06,0.0,0.0,nan,0,0.0,0.0,0.0,-0.5,0.0,0.0,0.0,0.0,0,5.04,5.04,5.04,5.04,0.0,0.0,nan,0,0.0,0.0,0.0,-0.5,0.0,0.0,0.0,0.0,0,0.8
g1a_a3_L40_d20_short80,3,40,40,0.2,short,80.0,,close,0.08,50,,8,0.1875,,pct,0.0025,False,False,0,5.06,5.06,5.06,5.06,0.0,0.0,nan,0,0.0,0.0,0.0,-0.5,0.0,0.0,0.0,0.0,0,5.04,5.04,5.04,5.04,0.0,0.0,nan,0,0.0,0.0,0.0,-0.5,0.0,0.0,0.0,0.0,0,0.8
g1a_a3_L40_d30_off,3,40,40,0.3,off,70.0,,close,0.08,50,,8,0.1875,,pct,0.0025,False,False,225,24.52,24.52,25.12,24.52,-26.57,-26.57,0.923,71,11.8,42.3,12.278,11.778,37.75,-6.36,56.0,39.0,10,16.85,16.77,16.93,16.77,-36.44,-36.44,0.462,130,6.3,50.4,14.556,14.056,35.22,-6.43,64.0,23.0,10,1.7
g1a_a3_L40_d30_relaxed,3,40,40,0.3,relaxed,70.0,,close,0.08,50,,8,0.1875,,pct,0.0025,False,False,225,24.52,24.52,25.12,24.52,-26.57,-26.57,0.923,71,11.8,42.3,12.278,11.778,37.75,-6.36,56.0,39.0,10,16.85,16.77,16.93,16.77,-36.44,-36.44,0.462,130,6.3,50.4,14.556,14.056,35.22,-6.43,64.0,23.0,10,1.6
g1a_a3_L40_d30_short70,3,40,40,0.3,short,70.0,,close,0.08,50,,8,0.1875,,pct,0.0025,False,False,2,8.82,8.82,8.82,8.82,-6.89,-6.89,1.281,1,0.2,100.0,168.651,168.151,168.65,0.0,287.0,3.7,0,6.04,6.04,6.04,6.04,-6.7,-6.7,0.901,2,0.1,50.0,79.616,79.116,168.65,-9.42,161.0,1.2,1,0.9
g1a_a3_L40_d30_short80,3,40,40,0.3,short,80.0,,close,0.08,50,,8,0.1875,,pct,0.0025,False,False,1,8.82,8.82,8.82,8.82,-6.89,-6.89,1.281,1,0.2,100.0,168.651,168.151,168.65,0.0,287.0,3.7,0,6.13,6.13,6.13,6.13,-6.91,-6.91,0.887,1,0.0,100.0,168.651,168.151,168.65,0.0,287.0,1.1,0,0.8
g1a_a3_L40_d40_off,3,40,40,0.4,off,70.0,,close,0.08,50,,8,0.1875,,pct,0.0025,False,False,301,41.65,38.0,41.65,38.0,-22.05,-22.05,1.889,75,12.5,52.0,19.399,18.899,43.7,-6.92,63.0,46.5,9,19.82,19.11,19.82,19.11,-36.44,-36.44,0.544,146,7.1,52.7,16.17,15.67,37.0,-7.07,65.0,26.4,9,2.1
g1a_a3_L40_d40_relaxed,3,40,40,0.4,relaxed,70.0,,close,0.08,50,,8,0.1875,,pct,0.0025,False,False,301,41.65,38.0,41.65,38.0,-22.05,-22.05,1.889,75,12.5,52.0,19.399,18.899,43.7,-6.92,63.0,46.5,9,19.82,19.11,19.82,19.11,-36.44,-36.44,0.544,146,7.1,52.7,16.17,15.67,37.0,-7.07,65.0,26.4,9,1.6
g1a_a3_L40_d40_short70,3,40,40,0.4,short,70.0,,close,0.08,50,,8,0.1875,,pct,0.0025,False,False,2,8.82,8.82,8.82,8.82,-6.89,-6.89,1.281,1,0.2,100.0,168.651,168.151,168.65,0.0,287.0,3.7,0,6.04,6.04,6.04,6.04,-6.7,-6.7,0.901,2,0.1,50.0,79.616,79.116,168.65,-9.42,161.0,1.2,1,0.8
g1a_a3_L40_d40_short80,3,40,40,0.4,short,80.0,,close,0.08,50,,8,0.1875,,pct,0.0025,False,False,1,8.82,8.82,8.82,8.82,-6.89,-6.89,1.281,1,0.2,100.0,168.651,168.151,168.65,0.0,287.0,3.7,0,6.13,6.13,6.13,6.13,-6.91,-6.91,0.887,1,0.0,100.0,168.651,168.151,168.65,0.0,287.0,1.1,0,0.8
g1a_a3_L40_d60_off,3,40,40,0.6,off,70.0,,close,0.08,50,,8,0.1875,,pct,0.0025,False,False,348,42.97,42.68,43.06,42.68,-25.05,-25.05,1.715,73,12.3,59.2,20.672,20.172,39.92,-7.23,70.0,49.6,7,21.18,21.13,21.18,21.13,-36.8,-36.8,0.576,149,7.2,56.4,17.075,16.575,36.1,-7.51,69.0,28.3,10,1.9
g1a_a3_L40_d60_relaxed,3,40,40,0.6,relaxed,70.0,,close,0.08,50,,8,0.1875,,pct,0.0025,False,False,348,42.97,42.68,43.06,42.68,-25.05,-25.05,1.715,73,12.3,59.2,20.672,20.172,39.92,-7.23,70.0,49.6,7,21.18,21.13,21.18,21.13,-36.8,-36.8,0.576,149,7.2,56.4,17.075,16.575,36.1,-7.51,69.0,28.3,10,1.8
g1a_a3_L40_d60_short70,3,40,40,0.6,short,70.0,,close,0.08,50,,8,0.1875,,pct,0.0025,False,False,2,8.82,8.82,8.82,8.82,-6.89,-6.89,1.281,1,0.2,100.0,168.651,168.151,168.65,0.0,287.0,3.7,0,6.04,6.04,6.04,6.04,-6.7,-6.7,0.901,2,0.1,50.0,79.616,79.116,168.65,-9.42,161.0,1.2,1,1.0
g1a_a3_L40_d60_short80,3,40,40,0.6,short,80.0,,close,0.08,50,,8,0.1875,,pct,0.0025,False,False,1,8.82,8.82,8.82,8.82,-6.89,-6.89,1.281,1,0.2,100.0,168.651,168.151,168.65,0.0,287.0,3.7,0,6.13,6.13,6.13,6.13,-6.91,-6.91,0.887,1,0.0,100.0,168.651,168.151,168.65,0.0,287.0,1.1,0,0.8
g1a_a3_L60_d20_off,3,60,60,0.2,off,70.0,,close,0.08,50,,8,0.1875,,pct,0.0025,False,False,8,6.56,6.56,6.56,6.56,-5.9,-5.9,1.112,6,1.0,33.3,9.92,9.42,41.95,-6.1,46.0,2.8,2,5.49,5.49,5.49,5.49,-5.9,-5.9,0.931,8,0.4,37.5,9.73,9.23,37.33,-6.83,50.0,1.2,2,1.2
g1a_a3_L60_d20_relaxed,3,60,60,0.2,relaxed,70.0,,close,0.08,50,,8,0.1875,,pct,0.0025,False,False,8,6.56,6.56,6.56,6.56,-5.9,-5.9,1.112,6,1.0,33.3,9.92,9.42,41.95,-6.1,46.0,2.8,2,5.49,5.49,5.49,5.49,-5.9,-5.9,0.931,8,0.4,37.5,9.73,9.23,37.33,-6.83,50.0,1.2,2,0.8
g1a_a3_L60_d20_short70,3,60,60,0.2,short,70.0,,close,0.08,50,,8,0.1875,,pct,0.0025,False,False,0,5.06,5.06,5.06,5.06,0.0,0.0,nan,0,0.0,0.0,0.0,-0.5,0.0,0.0,0.0,0.0,0,5.04,5.04,5.04,5.04,0.0,0.0,nan,0,0.0,0.0,0.0,-0.5,0.0,0.0,0.0,0.0,0,0.8
g1a_a3_L60_d20_short80,3,60,60,0.2,short,80.0,,close,0.08,50,,8,0.1875,,pct,0.0025,False,False,0,5.06,5.06,5.06,5.06,0.0,0.0,nan,0,0.0,0.0,0.0,-0.5,0.0,0.0,0.0,0.0,0,5.04,5.04,5.04,5.04,0.0,0.0,nan,0,0.0,0.0,0.0,-0.5,0.0,0.0,0.0,0.0,0,0.8
g1a_a3_L60_d30_off,3,60,60,0.3,off,70.0,,close,0.08,50,,8,0.1875,,pct,0.0025,False,False,21,14.07,14.07,14.07,14.07,-14.59,-14.59,0.964,10,1.7,50.0,40.489,39.989,87.1,-6.12,95.0,10.4,2,9.25,9.25,9.25,9.25,-20.0,-20.0,0.463,21,1.0,57.1,31.223,30.723,60.18,-7.39,91.0,5.9,3,0.9
g1a_a3_L60_d30_relaxed,3,60,60,0.3,relaxed,70.0,,close,0.08,50,,8,0.1875,,pct,0.0025,False,False,21,14.07,14.07,14.07,14.07,-14.59,-14.59,0.964,10,1.7,50.0,40.489,39.989,87.1,-6.12,95.0,10.4,2,9.25,9.25,9.25,9.25,-20.0,-20.0,0.463,21,1.0,57.1,31.223,30.723,60.18,-7.39,91.0,5.9,3,0.9
g1a_a3_L60_d30_short70,3,60,60,0.3,short,70.0,,close,0.08,50,,8,0.1875,,pct,0.0025,False,False,2,8.82,8.82,8.82,8.82,-6.89,-6.89,1.281,1,0.2,100.0,168.651,168.151,168.65,0.0,287.0,3.7,0,6.04,6.04,6.04,6.04,-6.7,-6.7,0.901,2,0.1,50.0,79.616,79.116,168.65,-9.42,161.0,1.2,1,0.9
g1a_a3_L60_d30_short80,3,60,60,0.3,short,80.0,,close,0.08,50,,8,0.1875,,pct,0.0025,False,False,1,8.82,8.82,8.82,8.82,-6.89,-6.89,1.281,1,0.2,100.0,168.651,168.151,168.65,0.0,287.0,3.7,0,6.13,6.13,6.13,6.13,-6.91,-6.91,0.887,1,0.0,100.0,168.651,168.151,168.65,0.0,287.0,1.1,0,0.8
g1a_a3_L60_d40_off,3,60,60,0.4,off,70.0,,close,0.08,50,,8,0.1875,,pct,0.0025,False,False,29,13.13,13.13,13.13,13.13,-14.21,-14.21,0.924,14,2.3,35.7,27.093,26.593,87.1,-6.24,77.0,11.5,3,9.21,9.21,9.21,9.21,-19.98,-19.98,0.461,29,1.4,48.3,22.705,22.205,53.94,-6.45,77.0,6.7,3,1.2
g1a_a3_L60_d40_relaxed,3,60,60,0.4,relaxed,70.0,,close,0.08,50,,8,0.1875,,pct,0.0025,False,False,29,13.13,13.13,13.13,13.13,-14.21,-14.21,0.924,14,2.3,35.7,27.093,26.593,87.1,-6.24,77.0,11.5,3,9.21,9.21,9.21,9.21,-19.98,-19.98,0.461,29,1.4,48.3,22.705,22.205,53.94,-6.45,77.0,6.7,3,1.1
g1a_a3_L60_d40_short70,3,60,60,0.4,short,70.0,,close,0.08,50,,8,0.1875,,pct,0.0025,False,False,2,8.82,8.82,8.82,8.82,-6.89,-6.89,1.281,1,0.2,100.0,168.651,168.151,168.65,0.0,287.0,3.7,0,6.04,6.04,6.04,6.04,-6.7,-6.7,0.901,2,0.1,50.0,79.616,79.116,168.65,-9.42,161.0,1.2,1,1.0
g1a_a3_L60_d40_short80,3,60,60,0.4,short,80.0,,close,0.08,50,,8,0.1875,,pct,0.0025,False,False,1,8.82,8.82,8.82,8.82,-6.89,-6.89,1.281,1,0.2,100.0,168.651,168.151,168.65,0.0,287.0,3.7,0,6.13,6.13,6.13,6.13,-6.91,-6.91,0.887,1,0.0,100.0,168.651,168.151,168.65,0.0,287.0,1.1,0,1.0
g1a_a3_L60_d60_off,3,60,60,0.6,off,70.0,,close,0.08,50,,8,0.1875,,pct,0.0025,False,False,33,14.01,14.01,14.01,14.01,-13.01,-13.01,1.077,15,2.5,46.7,27.443,26.943,66.47,-6.71,80.0,12.8,3,9.55,9.55,9.55,9.55,-19.98,-19.98,0.478,32,1.5,53.1,22.013,21.513,46.98,-6.29,76.0,7.3,3,1.0
g1a_a3_L60_d60_relaxed,3,60,60,0.6,relaxed,70.0,,close,0.08,50,,8,0.1875,,pct,0.0025,False,False,33,14.01,14.01,14.01,14.01,-13.01,-13.01,1.077,15,2.5,46.7,27.443,26.943,66.47,-6.71,80.0,12.8,3,9.55,9.55,9.55,9.55,-19.98,-19.98,0.478,32,1.5,53.1,22.013,21.513,46.98,-6.29,76.0,7.3,3,0.9
g1a_a3_L60_d60_short70,3,60,60,0.6,short,70.0,,close,0.08,50,,8,0.1875,,pct,0.0025,False,False,2,8.82,8.82,8.82,8.82,-6.89,-6.89,1.281,1,0.2,100.0,168.651,168.151,168.65,0.0,287.0,3.7,0,6.04,6.04,6.04,6.04,-6.7,-6.7,0.901,2,0.1,50.0,79.616,79.116,168.65,-9.42,161.0,1.2,1,0.7
g1a_a3_L60_d60_short80,3,60,60,0.6,short,80.0,,close,0.08,50,,8,0.1875,,pct,0.0025,False,False,1,8.82,8.82,8.82,8.82,-6.89,-6.89,1.281,1,0.2,100.0,168.651,168.151,168.65,0.0,287.0,3.7,0,6.13,6.13,6.13,6.13,-6.91,-6.91,0.887,1,0.0,100.0,168.651,168.151,168.65,0.0,287.0,1.1,0,0.8
g1a_a6_L15_d20_off,6,25,15,0.2,off,70.0,,close,0.08,50,,8,0.1875,,pct,0.0025,False,False,1830,41.98,37.89,50.3,37.89,-30.76,-33.46,1.365,185,30.8,47.4,9.045,8.545,25.95,-5.49,42.0,73.7,8,19.8,18.96,21.42,18.96,-33.59,-34.68,0.589,365,17.7,46.2,7.436,6.936,22.84,-5.88,49.0,48.0,12,2.6
g1a_a6_L15_d20_relaxed,6,25,15,0.2,relaxed,70.0,,close,0.08,50,,8,0.1875,,pct,0.0025,False,False,1830,41.98,37.89,50.3,37.89,-30.76,-33.46,1.365,185,30.8,47.4,9.045,8.545,25.95,-5.49,42.0,73.7,8,19.8,18.96,21.42,18.96,-33.59,-34.68,0.589,365,17.7,46.2,7.436,6.936,22.84,-5.88,49.0,48.0,12,2.4
g1a_a6_L15_d20_short70,6,25,15,0.2,short,70.0,,close,0.08,50,,8,0.1875,,pct,0.0025,False,False,447,21.26,19.29,24.3,19.29,-28.57,-29.9,0.744,115,19.2,42.9,8.44,7.94,28.58,-6.62,50.0,53.7,12,11.64,11.04,12.0,11.04,-30.78,-30.78,0.378,205,9.9,45.9,7.026,6.526,23.15,-6.7,54.0,29.6,12,1.9
g1a_a6_L15_d20_short80,6,25,15,0.2,short,80.0,,close,0.08,50,,8,0.1875,,pct,0.0025,False,False,340,19.49,19.1,20.81,19.1,-28.21,-29.44,0.691,93,15.5,43.2,9.284,8.784,30.16,-6.66,52.0,45.5,10,11.23,10.71,11.44,10.71,-31.39,-31.39,0.358,169,8.2,45.6,7.78,7.28,24.74,-6.45,56.0,25.8,10,1.6
g1a_a6_L15_d30_off,6,25,15,0.3,off,70.0,,close,0.08,50,,8,0.1875,,pct,0.0025,False,False,2164,44.4,37.67,48.16,37.67,-30.43,-34.25,1.459,176,29.4,44.9,9.666,9.166,28.08,-5.59,45.0,75.5,8,20.94,19.28,22.96,19.28,-33.59,-34.8,0.623,377,18.2,47.2,7.556,7.056,22.67,-6.09,49.0,50.2,12,2.5
g1a_a6_L15_d30_relaxed,6,25,15,0.3,relaxed,70.0,,close,0.08,50,,8,0.1875,,pct,0.0025,False,False,2164,44.4,37.67,48.16,37.67,-30.43,-34.25,1.459,176,29.4,44.9,9.666,9.166,28.08,-5.59,45.0,75.5,8,20.94,19.28,22.96,19.28,-33.59,-34.8,0.623,377,18.2,47.2,7.556,7.056,22.67,-6.09,49.0,50.2,12,2.5
g1a_a6_L15_d30_short70,6,25,15,0.3,short,70.0,,close,0.08,50,,8,0.1875,,pct,0.0025,False,False,572,20.8,18.94,22.09,18.94,-34.87,-36.27,0.597,122,20.4,41.2,8.048,7.548,29.26,-6.89,49.0,55.8,8,11.71,11.04,12.14,11.04,-40.64,-41.98,0.288,225,10.9,45.0,6.615,6.115,23.25,-6.97,52.0,31.6,8,1.8
g1a_a6_L15_d30_short80,6,25,15,0.3,short,80.0,,close,0.08,50,,8,0.1875,,pct,0.0025,False,False,444,21.16,19.64,22.71,19.64,-38.86,-39.14,0.545,101,16.9,44.3,9.327,8.827,30.71,-7.36,52.0,49.9,8,11.26,10.84,11.58,10.84,-43.3,-43.56,0.26,190,9.2,45.5,7.27,6.77,24.28,-7.1,55.0,28.1,8,1.8
g1a_a6_L15_d40_off,6,25,15,0.4,off,70.0,,close,0.08,50,,8,0.1875,,pct,0.0025,False,False,2239,46.36,42.49,51.64,42.49,-31.88,-34.97,1.454,176,29.3,46.5,9.915,9.415,27.52,-5.41,45.0,75.4,8,19.36,18.28,21.58,18.28,-33.59,-33.73,0.576,389,18.8,46.3,6.899,6.399,22.53,-6.36,48.0,50.7,12,2.5
g1a_a6_L15_d40_relaxed,6,25,15,0.4,relaxed,70.0,,close,0.08,50,,8,0.1875,,pct,0.0025,False,False,2239,46.36,42.49,51.64,42.49,-31.88,-34.97,1.454,176,29.3,46.5,9.915,9.415,27.52,-5.41,45.0,75.4,8,19.36,18.28,21.58,18.28,-33.59,-33.73,0.576,389,18.8,46.3,6.899,6.399,22.53,-6.36,48.0,50.7,12,2.6
g1a_a6_L15_d40_short70,6,25,15,0.4,short,70.0,,close,0.08,50,,8,0.1875,,pct,0.0025,False,False,605,22.62,20.71,25.07,20.71,-35.0,-36.46,0.646,123,20.5,42.7,8.429,7.929,28.84,-6.76,50.0,56.6,9,12.13,11.8,12.8,11.8,-40.4,-42.15,0.3,228,11.0,45.4,6.702,6.202,23.14,-6.86,52.0,32.1,9,1.9
g1a_a6_L15_d40_short80,6,25,15,0.4,short,80.0,,close,0.08,50,,8,0.1875,,pct,0.0025,False,False,475,24.66,22.47,26.25,22.47,-31.23,-31.23,0.79,99,16.5,46.7,10.502,10.002,31.14,-7.57,54.0,50.9,8,12.09,11.82,12.33,11.82,-31.84,-34.07,0.38,189,9.2,47.0,7.712,7.212,24.73,-7.22,56.0,28.7,8,1.7
g1a_a6_L15_d60_off,6,25,15,0.6,off,70.0,,close,0.08,50,,8,0.1875,,pct,0.0025,False,False,2255,45.1,43.13,51.64,43.13,-31.83,-34.81,1.417,176,29.4,46.4,9.73,9.23,27.54,-5.43,45.0,75.3,8,20.11,18.18,21.38,18.18,-32.87,-33.73,0.612,388,18.8,46.0,7.129,6.629,22.73,-6.34,48.0,50.6,12,2.5
g1a_a6_L15_d60_relaxed,6,25,15,0.6,relaxed,70.0,,close,0.08,50,,8,0.1875,,pct,0.0025,False,False,2255,45.1,43.13,51.64,43.13,-31.83,-34.81,1.417,176,29.4,46.4,9.73,9.23,27.54,-5.43,45.0,75.3,8,20.11,18.18,21.38,18.18,-32.87,-33.73,0.612,388,18.8,46.0,7.129,6.629,22.73,-6.34,48.0,50.6,12,2.6
g1a_a6_L15_d60_short70,6,25,15,0.6,short,70.0,,close,0.08,50,,8,0.1875,,pct,0.0025,False,False,613,22.58,20.71,25.07,20.71,-36.45,-36.46,0.62,123,20.5,42.9,8.456,7.956,28.68,-6.74,50.0,56.7,9,12.21,12.08,12.8,12.08,-35.01,-42.16,0.349,225,10.9,45.8,6.842,6.342,23.15,-6.88,53.0,32.3,9,2.1
g1a_a6_L15_d60_short80,6,25,15,0.6,short,80.0,,close,0.08,50,,8,0.1875,,pct,0.0025,False,False,482,25.07,22.87,26.66,22.87,-31.21,-31.22,0.803,99,16.5,47.7,10.614,10.114,30.54,-7.56,55.0,51.2,8,12.33,12.06,12.57,12.06,-31.83,-34.06,0.387,190,9.2,47.8,7.813,7.313,24.4,-7.22,56.0,28.9,8,1.7
g1a_a6_L25_d20_off,6,25,25,0.2,off,70.0,,close,0.08,50,,8,0.1875,,pct,0.0025,False,False,1023,33.25,28.75,41.23,28.75,-29.53,-30.95,1.126,147,24.6,43.0,9.009,8.509,29.0,-5.48,49.0,68.7,12,20.57,18.92,22.48,18.92,-33.19,-33.19,0.62,282,13.6,46.5,9.51,9.01,27.08,-5.61,57.0,43.5,12,2.3
g1a_a6_L25_d20_relaxed,6,25,25,0.2,relaxed,70.0,,close,0.08,50,,8,0.1875,,pct,0.0025,False,False,1023,33.25,28.75,41.23,28.75,-29.53,-30.95,1.126,147,24.6,43.0,9.009,8.509,29.0,-5.48,49.0,68.7,12,20.57,18.92,22.48,18.92,-33.19,-33.19,0.62,282,13.6,46.5,9.51,9.01,27.08,-5.61,57.0,43.5,12,2.2
g1a_a6_L25_d20_short70,6,25,25,0.2,short,70.0,,close,0.08,50,,8,0.1875,,pct,0.0025,False,False,246,9.83,9.71,10.88,9.71,-39.75,-39.76,0.247,93,15.6,34.4,5.298,4.798,29.39,-7.2,46.0,39.6,12,9.54,9.21,9.94,9.21,-47.09,-48.1,0.203,162,7.9,44.6,6.421,5.921,22.64,-6.7,56.0,23.9,12,1.5
g1a_a6_L25_d20_short80,6,25,25,0.2,short,80.0,,close,0.08,50,,8,0.1875,,pct,0.0025,False,False,186,11.33,11.01,11.33,11.01,-32.37,-32.37,0.35,69,11.5,40.6,7.152,6.652,28.94,-7.72,50.0,32.1,7,8.64,8.39,9.2,8.39,-41.01,-41.72,0.211,129,6.2,45.9,6.804,6.304,22.83,-6.88,57.0,19.5,11,1.3
g1a_a6_L25_d30_off,6,25,25,0.3,off,70.0,,close,0.08,50,,8,0.1875,,pct,0.0025,False,False,1541,37.41,34.03,45.81,34.03,-29.96,-36.37,1.249,143,23.9,46.4,9.356,8.856,28.01,-5.89,53.0,72.3,11,22.24,21.07,24.86,21.07,-33.61,-36.27,0.662,299,14.5,47.9,9.546,9.046,26.28,-5.94,58.0,46.9,12,2.1
g1a_a6_L25_d30_relaxed,6,25,25,0.3,relaxed,70.0,,close,0.08,50,,8,0.1875,,pct,0.0025,False,False,1541,37.41,34.03,45.81,34.03,-29.96,-36.37,1.249,143,23.9,46.4,9.356,8.856,28.01,-5.89,53.0,72.3,11,22.24,21.07,24.86,21.07,-33.61,-36.27,0.662,299,14.5,47.9,9.546,9.046,26.28,-5.94,58.0,46.9,12,2.3
g1a_a6_L25_d30_short70,6,25,25,0.3,short,70.0,,close,0.08,50,,8,0.1875,,pct,0.0025,False,False,428,13.86,12.92,15.14,12.92,-38.92,-40.01,0.356,111,18.5,38.9,5.996,5.496,27.13,-7.35,49.0,50.0,12,10.0,9.65,10.25,9.65,-40.26,-42.88,0.248,187,9.1,46.1,6.087,5.587,21.54,-7.01,56.0,28.1,11,1.7
g1a_a6_L25_d30_short80,6,25,25,0.3,short,80.0,,close,0.08,50,,8,0.1875,,pct,0.0025,False,False,333,13.87,12.26,14.3,12.26,-37.81,-37.82,0.367,90,15.0,41.1,7.225,6.725,28.63,-7.5,50.0,41.6,11,9.02,8.56,9.22,8.56,-39.91,-39.91,0.226,159,7.7,46.2,6.209,5.709,21.46,-7.16,56.0,24.1,11,1.5
g1a_a6_L25_d40_off,6,25,25,0.4,off,70.0,,close,0.08,50,,8,0.1875,,pct,0.0025,False,False,1730,40.95,36.84,45.06,36.84,-32.98,-34.14,1.242,144,24.0,45.7,10.276,9.776,29.08,-6.03,52.0,71.8,9,21.09,19.29,22.67,19.29,-33.6,-34.49,0.627,314,15.2,45.8,8.814,8.314,26.84,-6.5,56.0,47.7,11,2.4
g1a_a6_L25_d40_relaxed,6,25,25,0.4,relaxed,70.0,,close,0.08,50,,8,0.1875,,pct,0.0025,False,False,1730,40.95,36.84,45.06,36.84,-32.98,-34.14,1.242,144,24.0,45.7,10.276,9.776,29.08,-6.03,52.0,71.8,9,21.09,19.29,22.67,19.29,-33.6,-34.49,0.627,314,15.2,45.8,8.814,8.314,26.84,-6.5,56.0,47.7,11,2.6
g1a_a6_L25_d40_short70,6,25,25,0.4,short,70.0,,close,0.08,50,,8,0.1875,,pct,0.0025,False,False,506,18.57,16.62,20.64,16.62,-38.11,-40.96,0.487,112,18.7,39.7,7.593,7.093,30.63,-7.56,51.0,52.5,12,10.45,9.81,10.92,9.81,-44.31,-46.01,0.236,200,9.7,44.0,6.266,5.766,23.8,-7.6,55.0,29.6,12,1.7
g1a_a6_L25_d40_short80,6,25,25,0.4,short,80.0,,close,0.08,50,,8,0.1875,,pct,0.0025,False,False,406,20.62,19.98,23.49,19.98,-32.26,-32.26,0.639,89,14.9,46.9,9.579,9.079,29.04,-7.98,54.0,45.4,8,10.58,10.36,10.68,10.36,-38.94,-39.59,0.272,171,8.3,46.2,7.15,6.65,24.33,-7.43,56.0,25.8,16,1.6
g1a_a6_L25_d60_off,6,25,25,0.6,off,70.0,,close,0.08,50,,8,0.1875,,pct,0.0025,False,False,1796,42.25,37.64,49.69,37.64,-33.35,-33.68,1.267,143,23.9,47.7,10.321,9.821,29.32,-6.03,52.0,72.1,11,21.05,19.55,22.0,19.55,-33.97,-34.69,0.62,317,15.3,46.0,8.651,8.151,26.36,-6.41,56.0,47.8,11,2.3
g1a_a6_L25_d60_relaxed,6,25,25,0.6,relaxed,70.0,,close,0.08,50,,8,0.1875,,pct,0.0025,False,False,1796,42.25,37.64,49.69,37.64,-33.35,-33.68,1.267,143,23.9,47.7,10.321,9.821,29.32,-6.03,52.0,72.1,11,21.05,19.55,22.0,19.55,-33.97,-34.69,0.62,317,15.3,46.0,8.651,8.151,26.36,-6.41,56.0,47.8,11,2.6
g1a_a6_L25_d60_short70,6,25,25,0.6,short,70.0,,close,0.08,50,,8,0.1875,,pct,0.0025,False,False,535,18.68,17.03,20.07,17.03,-38.85,-40.97,0.481,113,18.8,38.3,7.61,7.11,32.15,-7.61,51.0,53.4,13,10.87,10.58,11.2,10.58,-44.66,-45.5,0.243,203,9.8,44.1,6.498,5.998,24.3,-7.61,56.0,30.4,12,1.9
g1a_a6_L25_d60_short80,6,25,25,0.6,short,80.0,,close,0.08,50,,8,0.1875,,pct,0.0025,False,False,434,23.01,22.35,25.29,22.35,-32.26,-32.26,0.713,91,15.3,48.9,10.307,9.807,28.91,-8.06,56.0,48.1,8,10.79,10.37,11.3,10.37,-38.94,-39.6,0.277,175,8.5,46.7,7.139,6.639,23.14,-7.52,57.0,27.0,16,1.5
g1a_a6_L40_d20_off,6,40,40,0.2,off,70.0,,close,0.08,50,,8,0.1875,,pct,0.0025,False,False,417,24.46,22.74,25.69,22.74,-26.52,-27.13,0.922,113,18.8,44.1,8.764,8.264,27.81,-6.24,53.0,56.3,8,13.98,13.34,14.59,13.34,-30.61,-30.61,0.457,199,9.6,45.7,8.272,7.772,25.06,-5.69,59.0,31.2,11,1.8
g1a_a6_L40_d20_relaxed,6,40,40,0.2,relaxed,70.0,,close,0.08,50,,8,0.1875,,pct,0.0025,False,False,417,24.46,22.74,25.69,22.74,-26.52,-27.13,0.922,113,18.8,44.1,8.764,8.264,27.81,-6.24,53.0,56.3,8,13.98,13.34,14.59,13.34,-30.61,-30.61,0.457,199,9.6,45.7,8.272,7.772,25.06,-5.69,59.0,31.2,11,1.9
g1a_a6_L40_d20_short70,6,40,40,0.2,short,70.0,,close,0.08,50,,8,0.1875,,pct,0.0025,False,False,107,11.6,11.6,11.6,11.6,-31.75,-31.75,0.365,46,7.7,43.5,8.405,7.905,28.37,-6.96,59.0,25.5,8,9.34,8.99,9.48,8.99,-36.22,-36.54,0.258,86,4.2,54.0,9.128,8.628,22.17,-6.1,68.0,15.8,14,1.3
g1a_a6_L40_d20_short80,6,40,40,0.2,short,80.0,,close,0.08,50,,8,0.1875,,pct,0.0025,False,False,73,9.1,9.1,9.1,9.1,-22.54,-22.54,0.404,26,4.3,42.3,9.136,8.636,31.33,-7.14,60.0,15.2,7,7.68,7.34,7.82,7.34,-27.62,-27.95,0.278,58,2.8,50.8,8.503,8.003,22.52,-5.73,67.0,10.9,13,1.0
g1a_a6_L40_d30_off,6,40,40,0.3,off,70.0,,close,0.08,50,,8,0.1875,,pct,0.0025,False,False,860,31.39,27.37,33.08,27.37,-31.15,-31.34,1.008,133,22.2,43.0,9.59,9.09,30.25,-6.98,53.0,66.7,13,18.84,18.15,19.63,18.15,-33.5,-33.5,0.562,259,12.5,46.4,9.227,8.727,27.43,-6.63,58.0,40.3,13,2.0
g1a_a6_L40_d30_relaxed,6,40,40,0.3,relaxed,70.0,,close,0.08,50,,8,0.1875,,pct,0.0025,False,False,860,31.39,27.37,33.08,27.37,-31.15,-31.34,1.008,133,22.2,43.0,9.59,9.09,30.25,-6.98,53.0,66.7,13,18.84,18.15,19.63,18.15,-33.5,-33.5,0.562,259,12.5,46.4,9.227,8.727,27.43,-6.63,58.0,40.3,13,2.0
g1a_a6_L40_d30_short70,6,40,40,0.3,short,70.0,,close,0.08,50,,8,0.1875,,pct,0.0025,False,False,288,15.82,15.76,15.82,15.76,-43.05,-43.05,0.367,86,14.3,34.9,8.345,7.845,38.34,-7.72,56.0,43.8,17,10.98,10.71,11.24,10.71,-47.68,-47.68,0.23,153,7.4,45.1,8.082,7.582,26.97,-7.44,62.0,25.4,18,1.5
g1a_a6_L40_d30_short80,6,40,40,0.3,short,80.0,,close,0.08,50,,8,0.1875,,pct,0.0025,False,False,209,12.58,12.58,12.58,12.58,-42.15,-42.15,0.299,66,11.0,34.8,8.684,8.184,40.13,-8.13,55.0,33.3,16,9.02,8.98,9.55,8.98,-46.8,-46.8,0.193,128,6.2,44.5,7.44,6.94,26.0,-7.46,62.0,21.2,22,1.4
g1a_a6_L40_d40_off,6,40,40,0.4,off,70.0,,close,0.08,50,,8,0.1875,,pct,0.0025,False,False,1074,37.32,31.69,42.61,31.69,-37.56,-37.73,0.994,136,22.7,43.0,11.079,10.579,34.8,-7.13,53.0,68.3,12,20.73,18.54,21.89,18.54,-37.7,-40.65,0.55,272,13.2,47.2,10.05,9.55,29.52,-6.83,58.0,42.7,12,2.1
g1a_a6_L40_d40_relaxed,6,40,40,0.4,relaxed,70.0,,close,0.08,50,,8,0.1875,,pct,0.0025,False,False,1074,37.32,31.69,42.61,31.69,-37.56,-37.73,0.994,136,22.7,43.0,11.079,10.579,34.8,-7.13,53.0,68.3,12,20.73,18.54,21.89,18.54,-37.7,-40.65,0.55,272,13.2,47.2,10.05,9.55,29.52,-6.83,58.0,42.7,12,2.2
g1a_a6_L40_d40_short70,6,40,40,0.4,short,70.0,,close,0.08,50,,8,0.1875,,pct,0.0025,False,False,400,19.84,17.82,20.74,17.82,-40.63,-40.86,0.488,98,16.3,39.5,8.964,8.464,34.55,-7.85,54.0,48.9,18,12.64,12.03,13.16,12.03,-42.84,-43.82,0.295,172,8.3,46.9,8.582,8.082,26.66,-7.49,61.0,28.0,19,1.6
g1a_a6_L40_d40_short80,6,40,40,0.4,short,80.0,,close,0.08,50,,8,0.1875,,pct,0.0025,False,False,313,19.84,19.11,20.57,19.11,-41.55,-42.3,0.478,79,13.3,43.8,10.722,10.222,35.22,-8.3,55.0,41.2,17,11.77,11.48,12.42,11.48,-45.17,-45.17,0.26,149,7.2,47.8,8.957,8.457,26.98,-7.47,61.0,24.6,17,1.5
g1a_a6_L40_d60_off,6,40,40,0.6,off,70.0,,close,0.08,50,,8,0.1875,,pct,0.0025,False,False,1202,38.07,34.4,44.53,34.4,-39.59,-39.97,0.962,127,21.3,45.5,12.093,11.593,34.96,-7.0,57.0,68.7,12,20.43,18.46,22.02,18.46,-40.56,-45.21,0.504,270,13.1,46.4,9.768,9.268,28.57,-6.96,59.0,43.0,11,2.1
g1a_a6_L40_d60_relaxed,6,40,40,0.6,relaxed,70.0,,close,0.08,50,,8,0.1875,,pct,0.0025,False,False,1202,38.07,34.4,44.53,34.4,-39.59,-39.97,0.962,127,21.3,45.5,12.093,11.593,34.96,-7.0,57.0,68.7,12,20.43,18.46,22.02,18.46,-40.56,-45.21,0.504,270,13.1,46.4,9.768,9.268,28.57,-6.96,59.0,43.0,11,2.4
g1a_a6_L40_d60_short70,6,40,40,0.6,short,70.0,,close,0.08,50,,8,0.1875,,pct,0.0025,False,False,472,24.82,23.09,25.91,23.09,-35.1,-35.1,0.707,98,16.3,46.2,10.528,10.028,32.28,-8.14,58.0,52.4,10,12.94,12.39,13.46,12.39,-36.68,-38.08,0.353,179,8.7,47.9,8.493,7.993,26.54,-7.9,61.0,29.3,11,1.9
g1a_a6_L40_d60_short80,6,40,40,0.6,short,80.0,,close,0.08,50,,8,0.1875,,pct,0.0025,False,False,382,25.72,24.99,26.9,24.99,-32.4,-32.41,0.794,84,14.0,51.2,12.477,11.977,32.36,-8.54,60.0,47.1,6,12.62,12.15,12.89,12.15,-38.09,-38.12,0.331,165,8.0,49.4,8.881,8.381,26.02,-7.83,60.0,26.7,7,1.9
g1a_a6_L60_d20_off,6,60,60,0.2,off,70.0,,close,0.08,50,,8,0.1875,,pct,0.0025,False,False,122,24.22,24.22,24.22,24.22,-21.5,-21.5,1.126,60,10.0,45.0,15.778,15.278,41.56,-5.31,57.0,33.7,7,11.67,11.67,11.67,11.67,-21.5,-21.5,0.543,98,4.7,49.0,12.61,12.11,31.0,-5.05,61.0,16.6,8,1.2
g1a_a6_L60_d20_relaxed,6,60,60,0.2,relaxed,70.0,,close,0.08,50,,8,0.1875,,pct,0.0025,False,False,122,24.22,24.22,24.22,24.22,-21.5,-21.5,1.126,60,10.0,45.0,15.778,15.278,41.56,-5.31,57.0,33.7,7,11.67,11.67,11.67,11.67,-21.5,-21.5,0.543,98,4.7,49.0,12.61,12.11,31.0,-5.05,61.0,16.6,8,1.3
g1a_a6_L60_d20_short70,6,60,60,0.2,short,70.0,,close,0.08,50,,8,0.1875,,pct,0.0025,False,False,30,5.99,5.99,5.99,5.99,-4.05,-4.05,1.477,9,1.5,44.4,6.25,5.75,20.89,-5.46,64.0,5.5,3,5.65,5.65,5.65,5.65,-8.52,-8.52,0.664,25,1.2,56.0,5.313,4.813,13.09,-4.59,66.0,4.3,6,0.9
g1a_a6_L60_d20_short80,6,60,60,0.2,short,80.0,,close,0.08,50,,8,0.1875,,pct,0.0025,False,False,24,5.52,5.52,5.52,5.52,-4.05,-4.05,1.361,6,1.0,33.3,5.271,4.771,27.31,-5.75,63.0,3.5,3,5.38,5.38,5.38,5.38,-8.52,-8.52,0.631,20,1.0,50.0,4.325,3.825,13.26,-4.61,66.0,3.4,5,0.9
g1a_a6_L60_d30_off,6,60,60,0.3,off,70.0,,close,0.08,50,,8,0.1875,,pct,0.0025,False,False,356,35.32,33.89,35.64,33.89,-28.7,-30.56,1.231,94,15.7,54.3,14.757,14.257,32.78,-7.14,65.0,57.1,9,15.28,15.0,15.84,15.0,-37.96,-37.96,0.403,173,8.4,52.3,10.582,10.082,26.37,-6.61,64.0,29.9,9,1.6
g1a_a6_L60_d30_relaxed,6,60,60,0.3,relaxed,70.0,,close,0.08,50,,8,0.1875,,pct,0.0025,False,False,356,35.32,33.89,35.64,33.89,-28.7,-30.56,1.231,94,15.7,54.3,14.757,14.257,32.78,-7.14,65.0,57.1,9,15.28,15.0,15.84,15.0,-37.96,-37.96,0.403,173,8.4,52.3,10.582,10.082,26.37,-6.61,64.0,29.9,9,1.6
g1a_a6_L60_d30_short70,6,60,60,0.3,short,70.0,,close,0.08,50,,8,0.1875,,pct,0.0025,False,False,130,21.44,21.44,21.44,21.44,-23.39,-23.39,0.917,52,8.7,51.9,15.272,14.772,36.98,-8.17,73.0,35.0,5,10.66,10.66,10.66,10.66,-26.28,-26.28,0.406,96,4.6,54.2,10.78,10.28,26.0,-7.21,72.0,18.6,7,1.3
g1a_a6_L60_d30_short80,6,60,60,0.3,short,80.0,,close,0.08,50,,8,0.1875,,pct,0.0025,False,False,90,20.04,20.04,20.04,20.04,-19.1,-19.1,1.05,36,6.0,52.8,19.081,18.581,42.82,-7.45,77.0,26.4,5,9.83,9.83,9.83,9.83,-26.29,-26.29,0.374,68,3.3,52.9,12.547,12.047,29.65,-6.69,76.0,14.0,6,1.2
g1a_a6_L60_d40_off,6,60,60,0.4,off,70.0,,close,0.08,50,,8,0.1875,,pct,0.0025,False,False,549,26.3,19.71,28.58,19.71,-34.97,-36.21,0.752,117,19.5,44.5,9.894,9.394,31.61,-7.2,56.0,60.9,10,13.89,12.43,14.42,12.43,-38.85,-40.14,0.358,210,10.2,47.5,8.25,7.75,25.16,-6.77,59.0,33.5,8,1.9
g1a_a6_L60_d40_relaxed,6,60,60,0.4,relaxed,70.0,,close,0.08,50,,8,0.1875,,pct,0.0025,False,False,549,26.3,19.71,28.58,19.71,-34.97,-36.21,0.752,117,19.5,44.5,9.894,9.394,31.61,-7.2,56.0,60.9,10,13.89,12.43,14.42,12.43,-38.85,-40.14,0.358,210,10.2,47.5,8.25,7.75,25.16,-6.77,59.0,33.5,8,1.7
g1a_a6_L60_d40_short70,6,60,60,0.4,short,70.0,,close,0.08,50,,8,0.1875,,pct,0.0025,False,False,277,16.92,16.6,17.23,16.6,-31.14,-31.14,0.543,83,13.8,41.6,8.76,8.26,31.74,-7.59,57.0,43.4,13,10.17,9.98,10.48,9.98,-36.38,-36.38,0.28,151,7.3,46.9,7.356,6.856,24.11,-7.26,62.0,24.7,18,1.6
g1a_a6_L60_d40_short80,6,60,60,0.4,short,80.0,,close,0.08,50,,8,0.1875,,pct,0.0025,False,False,209,16.45,16.45,16.77,16.45,-30.29,-30.29,0.543,65,10.8,43.1,10.678,10.178,34.95,-7.69,58.0,34.5,15,9.57,9.52,9.61,9.52,-35.56,-35.56,0.269,127,6.1,45.3,7.959,7.459,26.04,-7.0,61.0,20.8,20,1.4
g1a_a6_L60_d60_off,6,60,60,0.6,off,70.0,,close,0.08,50,,8,0.1875,,pct,0.0025,False,False,699,27.59,21.47,31.97,21.47,-36.08,-38.33,0.765,120,20.0,45.0,10.019,9.519,31.59,-7.57,56.0,62.1,10,12.25,11.75,14.52,11.75,-45.94,-46.32,0.267,235,11.4,45.1,6.428,5.928,24.08,-7.41,55.0,35.1,10,1.9
g1a_a6_L60_d60_relaxed,6,60,60,0.6,relaxed,70.0,,close,0.08,50,,8,0.1875,,pct,0.0025,False,False,699,27.59,21.47,31.97,21.47,-36.08,-38.33,0.765,120,20.0,45.0,10.019,9.519,31.59,-7.57,56.0,62.1,10,12.25,11.75,14.52,11.75,-45.94,-46.32,0.267,235,11.4,45.1,6.428,5.928,24.08,-7.41,55.0,35.1,10,1.9
g1a_a6_L60_d60_short70,6,60,60,0.6,short,70.0,,close,0.08,50,,8,0.1875,,pct,0.0025,False,False,407,22.05,20.75,22.91,20.75,-33.95,-33.95,0.65,95,15.8,47.4,9.9,9.4,30.29,-8.39,57.0,50.1,9,11.52,11.29,12.02,11.29,-40.77,-40.78,0.283,173,8.4,48.6,7.782,7.282,24.47,-7.9,60.0,27.8,9,1.6
g1a_a6_L60_d60_short80,6,60,60,0.6,short,80.0,,close,0.08,50,,8,0.1875,,pct,0.0025,False,False,336,23.15,22.49,24.26,22.49,-32.89,-32.89,0.704,83,13.8,49.4,11.543,11.043,31.85,-8.47,59.0,45.9,11,11.27,11.05,11.61,11.05,-37.68,-37.68,0.299,155,7.5,47.3,8.316,7.816,26.23,-7.71,60.0,25.3,11,1.5
g1a_a12_L15_d20_off,12,25,15,0.2,off,70.0,,close,0.08,50,,8,0.1875,,pct,0.0025,False,False,3861,37.25,33.11,51.36,33.11,-26.01,-37.39,1.432,214,35.8,42.8,6.607,6.107,21.29,-4.5,39.0,78.7,13,22.4,21.65,24.0,21.65,-31.24,-39.81,0.717,472,22.9,45.4,6.66,6.16,21.48,-5.49,45.0,57.4,16,2.8
g1a_a12_L15_d20_relaxed,12,25,15,0.2,relaxed,70.0,,close,0.08,50,,8,0.1875,,pct,0.0025,False,False,3861,37.25,33.11,51.36,33.11,-26.01,-37.39,1.432,214,35.8,42.8,6.607,6.107,21.29,-4.5,39.0,78.7,13,22.4,21.65,24.0,21.65,-31.24,-39.81,0.717,472,22.9,45.4,6.66,6.16,21.48,-5.49,45.0,57.4,16,2.8
g1a_a12_L15_d20_short70,12,25,15,0.2,short,70.0,,close,0.08,50,,8,0.1875,,pct,0.0025,False,False,1237,24.78,24.12,25.88,24.12,-32.04,-32.13,0.773,151,25.3,35.3,7.204,6.704,31.57,-5.88,47.0,67.2,11,18.17,17.27,18.83,17.27,-32.69,-32.69,0.556,304,14.7,43.5,7.928,7.428,26.07,-5.98,53.0,43.5,15,2.2
g1a_a12_L15_d20_short80,12,25,15,0.2,short,80.0,,close,0.08,50,,8,0.1875,,pct,0.0025,False,False,856,26.46,25.18,29.18,25.18,-28.14,-28.18,0.94,125,20.8,38.6,8.832,8.332,32.78,-6.14,53.0,62.2,9,17.36,16.81,17.88,16.81,-33.09,-34.18,0.525,252,12.2,44.3,8.803,8.303,28.08,-6.33,55.0,37.8,10,1.9
g1a_a12_L15_d30_off,12,25,15,0.3,off,70.0,,close,0.08,50,,8,0.1875,,pct,0.0025,False,False,4450,30.46,21.75,33.19,21.75,-33.1,-38.92,0.92,219,36.6,39.4,5.617,5.117,21.48,-4.91,38.0,79.3,17,20.91,19.9,24.87,19.9,-33.81,-37.32,0.618,503,24.3,45.1,6.079,5.579,20.68,-5.81,44.0,59.5,17,2.5
g1a_a12_L15_d30_relaxed,12,25,15,0.3,relaxed,70.0,,close,0.08,50,,8,0.1875,,pct,0.0025,False,False,4450,30.46,21.75,33.19,21.75,-33.1,-38.92,0.92,219,36.6,39.4,5.617,5.117,21.48,-4.91,38.0,79.3,17,20.91,19.9,24.87,19.9,-33.81,-37.32,0.618,503,24.3,45.1,6.079,5.579,20.68,-5.81,44.0,59.5,17,2.8
g1a_a12_L15_d30_short70,12,25,15,0.3,short,70.0,,close,0.08,50,,8,0.1875,,pct,0.0025,False,False,1525,23.81,17.49,25.88,17.49,-40.42,-47.18,0.589,162,27.0,33.0,6.732,6.232,31.33,-5.99,46.0,69.7,19,17.1,15.5,19.16,15.5,-37.11,-55.98,0.461,333,16.1,43.2,7.015,6.515,24.93,-6.3,51.0,46.0,18,2.1
g1a_a12_L15_d30_short80,12,25,15,0.3,short,80.0,,close,0.08,50,,8,0.1875,,pct,0.0025,False,False,1093,24.46,18.79,27.77,18.79,-35.12,-46.06,0.696,140,23.3,35.8,7.639,7.139,33.29,-6.59,49.0,64.7,11,17.9,15.44,18.49,15.44,-36.8,-47.74,0.486,286,13.8,42.4,8.294,7.794,28.07,-6.64,53.0,40.7,10,2.0
g1a_a12_L15_d40_off,12,25,15,0.4,off,70.0,,close,0.08,50,,8,0.1875,,pct,0.0025,False,False,4572,31.5,23.3,40.05,23.3,-35.52,-40.01,0.887,228,38.1,41.2,5.807,5.307,22.03,-4.94,37.0,79.3,17,19.13,17.63,21.36,17.63,-40.41,-41.0,0.473,517,25.0,43.4,5.393,4.893,20.11,-5.91,43.0,59.9,17,2.9
g1a_a12_L15_d40_relaxed,12,25,15,0.4,relaxed,70.0,,close,0.08,50,,8,0.1875,,pct,0.0025,False,False,4572,31.5,23.3,40.05,23.3,-35.52,-40.01,0.887,228,38.1,41.2,5.807,5.307,22.03,-4.94,37.0,79.3,17,19.13,17.63,21.36,17.63,-40.41,-41.0,0.473,517,25.0,43.4,5.393,4.893,20.11,-5.91,43.0,59.9,17,3.0
g1a_a12_L15_d40_short70,12,25,15,0.4,short,70.0,,close,0.08,50,,8,0.1875,,pct,0.0025,False,False,1588,22.39,20.22,24.79,20.22,-41.52,-44.71,0.539,169,28.2,33.5,6.181,5.681,30.32,-5.95,44.0,69.6,20,16.92,15.96,17.64,15.96,-38.05,-45.54,0.445,340,16.5,43.2,6.85,6.35,24.27,-6.32,51.0,46.4,18,2.3
g1a_a12_L15_d40_short80,12,25,15,0.4,short,80.0,,close,0.08,50,,8,0.1875,,pct,0.0025,False,False,1152,23.15,18.71,26.89,18.71,-39.55,-44.77,0.585,145,24.3,36.2,7.102,6.602,31.09,-6.63,47.0,63.9,11,16.46,15.28,17.53,15.28,-38.01,-45.81,0.433,302,14.6,41.8,7.397,6.897,27.27,-6.8,51.0,41.2,11,2.0
g1a_a12_L15_d60_off,12,25,15,0.6,off,70.0,,close,0.08,50,,8,0.1875,,pct,0.0025,False,False,4593,32.16,27.42,35.38,27.42,-35.16,-40.01,0.915,226,37.7,41.6,5.798,5.298,21.37,-4.94,37.0,79.2,18,20.42,18.28,21.72,18.28,-40.4,-41.03,0.505,514,24.9,44.1,5.729,5.229,20.28,-5.9,43.0,60.0,17,3.0
g1a_a12_L15_d60_relaxed,12,25,15,0.6,relaxed,70.0,,close,0.08,50,,8,0.1875,,pct,0.0025,False,False,4593,32.16,27.42,35.38,27.42,-35.16,-40.01,0.915,226,37.7,41.6,5.798,5.298,21.37,-4.94,37.0,79.2,18,20.42,18.28,21.72,18.28,-40.4,-41.03,0.505,514,24.9,44.1,5.729,5.229,20.28,-5.9,43.0,60.0,17,3.5
g1a_a12_L15_d60_short70,12,25,15,0.6,short,70.0,,close,0.08,50,,8,0.1875,,pct,0.0025,False,False,1600,22.59,19.85,24.91,19.85,-40.68,-50.78,0.555,168,28.1,33.9,6.365,5.865,30.56,-5.96,44.0,69.3,19,16.94,15.52,18.31,15.52,-40.01,-50.26,0.423,344,16.7,43.0,6.802,6.302,24.37,-6.29,51.0,46.5,18,2.3
g1a_a12_L15_d60_short80,12,25,15,0.6,short,80.0,,close,0.08,50,,8,0.1875,,pct,0.0025,False,False,1163,23.43,18.71,25.18,18.71,-39.72,-44.77,0.59,144,24.1,36.2,7.108,6.608,31.19,-6.61,47.0,64.0,17,16.89,15.4,17.64,15.4,-38.21,-44.48,0.442,303,14.7,42.1,7.492,6.992,27.39,-6.82,51.0,41.3,11,1.9
g1a_a12_L25_d20_off,12,25,25,0.2,off,70.0,,close,0.08,50,,8,0.1875,,pct,0.0025,False,False,2271,29.29,26.67,35.57,26.67,-36.78,-38.87,0.796,178,29.8,35.7,6.899,6.399,30.06,-5.62,45.0,76.2,13,21.58,19.64,22.89,19.64,-33.89,-38.11,0.637,353,17.1,43.7,8.21,7.71,26.02,-5.72,54.0,51.5,13,2.6
g1a_a12_L25_d20_relaxed,12,25,25,0.2,relaxed,70.0,,close,0.08,50,,8,0.1875,,pct,0.0025,False,False,2271,29.29,26.67,35.57,26.67,-36.78,-38.87,0.796,178,29.8,35.7,6.899,6.399,30.06,-5.62,45.0,76.2,13,21.58,19.64,22.89,19.64,-33.89,-38.11,0.637,353,17.1,43.7,8.21,7.71,26.02,-5.72,54.0,51.5,13,2.3
g1a_a12_L25_d20_short70,12,25,25,0.2,short,70.0,,close,0.08,50,,8,0.1875,,pct,0.0025,False,False,729,13.9,12.96,14.74,12.96,-32.26,-38.31,0.431,137,22.9,36.9,4.342,3.842,22.08,-6.08,46.0,58.9,13,13.03,11.94,13.59,11.94,-31.02,-38.23,0.42,250,12.1,45.3,6.332,5.832,20.63,-5.75,56.0,37.0,15,1.8
g1a_a12_L25_d20_short80,12,25,25,0.2,short,80.0,,close,0.08,50,,8,0.1875,,pct,0.0025,False,False,476,17.88,15.5,19.53,15.5,-27.86,-27.96,0.642,106,17.8,41.8,6.306,5.806,24.85,-6.93,51.0,52.0,10,12.53,11.7,13.69,11.7,-33.62,-34.23,0.373,191,9.3,46.5,7.375,6.875,23.43,-6.4,59.0,30.6,10,1.6
g1a_a12_L25_d30_off,12,25,25,0.3,off,70.0,,close,0.08,50,,8,0.1875,,pct,0.0025,False,False,3256,27.96,20.06,32.39,20.06,-33.74,-37.67,0.829,175,29.2,36.8,6.402,5.902,27.71,-5.81,47.0,78.0,16,21.35,18.7,21.76,18.7,-36.35,-41.96,0.587,394,19.1,43.8,7.475,6.975,24.1,-5.87,53.0,55.9,15,2.6
g1a_a12_L25_d30_relaxed,12,25,25,0.3,relaxed,70.0,,close,0.08,50,,8,0.1875,,pct,0.0025,False,False,3256,27.96,20.06,32.39,20.06,-33.74,-37.67,0.829,175,29.2,36.8,6.402,5.902,27.71,-5.81,47.0,78.0,16,21.35,18.7,21.76,18.7,-36.35,-41.96,0.587,394,19.1,43.8,7.475,6.975,24.1,-5.87,53.0,55.9,15,2.6
g1a_a12_L25_d30_short70,12,25,25,0.3,short,70.0,,close,0.08,50,,8,0.1875,,pct,0.0025,False,False,1198,18.96,16.57,21.84,16.57,-36.15,-38.2,0.525,141,23.5,35.8,6.037,5.537,28.4,-6.75,50.0,66.0,18,14.61,12.83,15.71,12.83,-37.1,-42.58,0.394,285,13.8,45.2,6.706,6.206,22.96,-6.44,56.0,42.5,18,1.8
g1a_a12_L25_d30_short80,12,25,25,0.3,short,80.0,,close,0.08,50,,8,0.1875,,pct,0.0025,False,False,845,22.16,21.47,24.26,21.47,-29.65,-30.36,0.747,127,21.2,41.0,7.213,6.713,28.12,-7.23,50.0,60.0,11,15.68,14.0,16.48,14.0,-34.13,-38.18,0.459,237,11.5,47.0,8.251,7.751,25.06,-6.82,57.0,36.5,11,1.8
g1a_a12_L25_d40_off,12,25,25,0.4,off,70.0,,close,0.08,50,,8,0.1875,,pct,0.0025,False,False,3584,28.94,24.01,34.87,24.01,-33.45,-34.22,0.865,180,30.0,37.8,6.473,5.973,26.91,-6.05,47.0,78.1,16,19.09,16.97,22.67,16.97,-39.79,-42.82,0.48,404,19.5,43.3,6.623,6.123,23.79,-6.35,52.0,56.8,15,2.6
g1a_a12_L25_d40_relaxed,12,25,25,0.4,relaxed,70.0,,close,0.08,50,,8,0.1875,,pct,0.0025,False,False,3584,28.94,24.01,34.87,24.01,-33.45,-34.22,0.865,180,30.0,37.8,6.473,5.973,26.91,-6.05,47.0,78.1,16,19.09,16.97,22.67,16.97,-39.79,-42.82,0.48,404,19.5,43.3,6.623,6.123,23.79,-6.35,52.0,56.8,15,2.6
g1a_a12_L25_d40_short70,12,25,25,0.4,short,70.0,,close,0.08,50,,8,0.1875,,pct,0.0025,False,False,1376,24.06,23.11,25.85,23.11,-35.88,-40.05,0.671,141,23.6,37.1,7.57,7.07,31.84,-6.67,52.0,67.4,14,15.1,14.52,17.13,14.52,-35.91,-44.7,0.42,300,14.5,44.2,6.826,6.326,24.02,-6.7,56.0,44.5,14,2.0
g1a_a12_L25_d40_short80,12,25,25,0.4,short,80.0,,close,0.08,50,,8,0.1875,,pct,0.0025,False,False,1007,23.89,20.98,25.03,20.98,-35.01,-36.84,0.682,123,20.5,39.2,8.472,7.972,31.67,-7.09,54.0,61.4,14,15.29,14.45,16.5,14.45,-34.51,-42.53,0.443,255,12.4,44.8,7.92,7.42,26.56,-7.19,57.0,39.3,12,1.7
g1a_a12_L25_d60_off,12,25,25,0.6,off,70.0,,close,0.08,50,,8,0.1875,,pct,0.0025,False,False,3671,30.45,25.97,35.36,25.97,-34.69,-36.12,0.878,179,29.9,37.9,6.746,6.246,26.71,-5.89,46.0,78.0,15,18.05,17.03,21.86,17.03,-40.57,-46.13,0.445,409,19.8,42.5,6.165,5.665,23.08,-6.52,52.0,57.1,15,2.4
g1a_a12_L25_d60_relaxed,12,25,25,0.6,relaxed,70.0,,close,0.08,50,,8,0.1875,,pct,0.0025,False,False,3671,30.45,25.97,35.36,25.97,-34.69,-36.12,0.878,179,29.9,37.9,6.746,6.246,26.71,-5.89,46.0,78.0,15,18.05,17.03,21.86,17.03,-40.57,-46.13,0.445,409,19.8,42.5,6.165,5.665,23.08,-6.52,52.0,57.1,15,2.4
g1a_a12_L25_d60_short70,12,25,25,0.6,short,70.0,,close,0.08,50,,8,0.1875,,pct,0.0025,False,False,1425,27.04,24.74,28.75,24.74,-35.32,-40.04,0.765,138,23.0,38.4,8.477,7.977,32.82,-6.75,53.0,68.0,13,15.69,13.78,16.88,13.78,-43.11,-50.25,0.364,299,14.5,45.3,7.22,6.72,24.32,-6.89,56.0,45.0,14,2.3
g1a_a12_L25_d60_short80,12,25,25,0.6,short,80.0,,close,0.08,50,,8,0.1875,,pct,0.0025,False,False,1052,25.45,22.67,30.16,22.67,-31.09,-36.39,0.819,123,20.5,40.1,8.71,8.21,32.27,-7.33,55.0,63.4,13,15.07,14.28,16.13,14.28,-40.08,-43.24,0.376,258,12.5,45.1,7.785,7.285,26.23,-7.34,57.0,40.0,14,1.8
g1a_a12_L40_d20_off,12,40,40,0.2,off,70.0,,close,0.08,50,,8,0.1875,,pct,0.0025,False,False,1043,27.22,25.61,30.9,25.61,-30.86,-32.69,0.882,138,23.0,37.4,8.381,7.881,31.94,-5.63,52.0,68.0,10,17.73,16.82,18.5,16.82,-33.31,-33.31,0.532,252,12.2,45.3,8.881,8.381,26.12,-5.5,61.0,41.0,10,1.8
g1a_a12_L40_d20_relaxed,12,40,40,0.2,relaxed,70.0,,close,0.08,50,,8,0.1875,,pct,0.0025,False,False,1043,27.22,25.61,30.9,25.61,-30.86,-32.69,0.882,138,23.0,37.4,8.381,7.881,31.94,-5.63,52.0,68.0,10,17.73,16.82,18.5,16.82,-33.31,-33.31,0.532,252,12.2,45.3,8.881,8.381,26.12,-5.5,61.0,41.0,10,2.0
g1a_a12_L40_d20_short70,12,40,40,0.2,short,70.0,,close,0.08,50,,8,0.1875,,pct,0.0025,False,False,322,13.06,11.99,14.15,11.99,-20.78,-20.81,0.629,97,16.2,36.1,5.173,4.673,25.24,-6.15,50.0,45.8,11,12.48,12.14,13.31,12.14,-32.03,-32.04,0.39,161,7.8,46.2,8.452,7.952,25.45,-5.51,64.0,27.3,19,1.5
g1a_a12_L40_d20_short80,12,40,40,0.2,short,80.0,,close,0.08,50,,8,0.1875,,pct,0.0025,False,False,189,10.46,10.32,10.61,10.32,-17.45,-17.87,0.6,65,10.8,42.3,5.308,4.808,21.8,-6.78,51.0,30.8,7,11.54,10.81,11.95,10.81,-30.5,-30.5,0.378,116,5.6,48.3,9.94,9.44,27.12,-5.74,66.0,20.5,12,1.3
g1a_a12_L40_d30_off,12,40,40,0.3,off,70.0,,close,0.08,50,,8,0.1875,,pct,0.0025,False,False,2046,25.18,21.66,29.13,21.66,-28.2,-30.97,0.893,150,25.1,39.3,6.694,6.194,28.01,-6.72,52.0,74.1,14,19.78,18.66,21.08,18.66,-29.59,-35.64,0.668,307,14.9,46.4,8.287,7.787,25.79,-6.57,59.0,49.2,12,2.3
g1a_a12_L40_d30_relaxed,12,40,40,0.3,relaxed,70.0,,close,0.08,50,,8,0.1875,,pct,0.0025,False,False,2046,25.18,21.66,29.13,21.66,-28.2,-30.97,0.893,150,25.1,39.3,6.694,6.194,28.01,-6.72,52.0,74.1,14,19.78,18.66,21.08,18.66,-29.59,-35.64,0.668,307,14.9,46.4,8.287,7.787,25.79,-6.57,59.0,49.2,12,2.3
g1a_a12_L40_d30_short70,12,40,40,0.3,short,70.0,,close,0.08,50,,8,0.1875,,pct,0.0025,False,False,836,16.04,12.93,19.67,12.93,-27.39,-32.65,0.585,124,20.7,37.3,5.325,4.825,25.04,-6.68,53.0,60.9,11,15.24,14.47,17.13,14.47,-32.44,-34.12,0.47,231,11.2,47.8,8.013,7.513,23.77,-6.43,62.0,38.4,11,1.8
g1a_a12_L40_d30_short80,12,40,40,0.3,short,80.0,,close,0.08,50,,8,0.1875,,pct,0.0025,False,False,549,12.79,11.15,14.19,11.15,-38.56,-42.1,0.332,115,19.3,34.1,4.681,4.181,28.26,-7.47,49.0,53.2,13,14.04,12.79,14.27,12.79,-37.17,-38.67,0.378,197,9.5,45.6,8.233,7.733,26.14,-7.03,61.0,32.7,11,1.7
g1a_a12_L40_d40_off,12,40,40,0.4,off,70.0,,close,0.08,50,,8,0.1875,,pct,0.0025,False,False,2497,27.38,24.0,36.86,24.0,-35.04,-42.18,0.781,152,25.4,40.5,7.218,6.718,28.4,-6.72,53.0,75.8,21,19.73,18.27,21.24,18.27,-38.86,-39.82,0.508,333,16.1,43.7,7.855,7.355,26.51,-6.75,57.0,51.4,19,2.5
g1a_a12_L40_d40_relaxed,12,40,40,0.4,relaxed,70.0,,close,0.08,50,,8,0.1875,,pct,0.0025,False,False,2497,27.38,24.0,36.86,24.0,-35.04,-42.18,0.781,152,25.4,40.5,7.218,6.718,28.4,-6.72,53.0,75.8,21,19.73,18.27,21.24,18.27,-38.86,-39.82,0.508,333,16.1,43.7,7.855,7.355,26.51,-6.75,57.0,51.4,19,3.2
g1a_a12_L40_d40_short70,12,40,40,0.4,short,70.0,,close,0.08,50,,8,0.1875,,pct,0.0025,False,False,1129,24.81,20.38,31.71,20.38,-28.87,-37.7,0.859,125,20.9,41.3,8.382,7.882,30.81,-6.79,56.0,65.5,11,16.64,15.58,18.41,15.58,-33.6,-39.49,0.495,251,12.2,46.9,8.58,8.08,26.06,-6.78,62.0,41.3,12,2.3
g1a_a12_L40_d40_short80,12,40,40,0.4,short,80.0,,close,0.08,50,,8,0.1875,,pct,0.0025,False,False,809,26.43,23.07,28.71,23.07,-32.49,-36.09,0.814,115,19.3,41.9,9.504,9.004,32.78,-7.49,54.0,59.0,13,16.69,15.04,17.55,15.04,-33.53,-34.65,0.498,228,11.0,47.3,9.271,8.771,27.32,-7.21,60.0,36.8,14,1.9
g1a_a12_L40_d60_off,12,40,40,0.6,off,70.0,,close,0.08,50,,8,0.1875,,pct,0.0025,False,False,2707,28.29,24.75,36.79,24.75,-38.16,-45.9,0.741,159,26.6,39.4,6.995,6.495,28.85,-6.87,50.0,75.5,21,18.21,17.15,20.38,17.15,-42.88,-44.8,0.425,344,16.6,42.8,7.079,6.579,26.03,-6.96,56.0,51.7,21,2.6
g1a_a12_L40_d60_relaxed,12,40,40,0.6,relaxed,70.0,,close,0.08,50,,8,0.1875,,pct,0.0025,False,False,2707,28.29,24.75,36.79,24.75,-38.16,-45.9,0.741,159,26.6,39.4,6.995,6.495,28.85,-6.87,50.0,75.5,21,18.21,17.15,20.38,17.15,-42.88,-44.8,0.425,344,16.6,42.8,7.079,6.579,26.03,-6.96,56.0,51.7,21,2.8
g1a_a12_L40_d60_short70,12,40,40,0.6,short,70.0,,close,0.08,50,,8,0.1875,,pct,0.0025,False,False,1277,28.96,26.14,32.96,26.14,-30.07,-38.66,0.963,126,21.0,43.7,9.36,8.86,30.45,-6.92,58.0,67.6,12,16.76,14.98,18.03,14.98,-36.91,-42.07,0.454,262,12.7,47.4,8.548,8.048,26.31,-7.24,61.0,42.6,12,2.0
g1a_a12_L40_d60_short80,12,40,40,0.6,short,80.0,,close,0.08,50,,8,0.1875,,pct,0.0025,False,False,950,29.13,25.42,34.22,25.42,-33.15,-38.27,0.879,119,19.9,44.2,10.003,9.503,32.1,-7.46,57.0,63.5,13,16.87,16.48,18.91,16.48,-38.14,-39.18,0.442,239,11.6,46.8,9.162,8.662,28.31,-7.64,60.0,38.8,14,2.0
g1a_a12_L60_d20_off,12,60,60,0.2,off,70.0,,close,0.08,50,,8,0.1875,,pct,0.0025,False,False,380,25.77,21.65,26.53,21.65,-39.55,-39.55,0.652,104,17.3,42.4,10.532,10.032,31.71,-5.08,54.0,52.8,13,15.82,15.06,16.42,15.06,-39.56,-39.57,0.4,169,8.2,50.6,11.025,10.525,27.1,-5.13,65.0,29.8,13,1.7
g1a_a12_L60_d20_relaxed,12,60,60,0.2,relaxed,70.0,,close,0.08,50,,8,0.1875,,pct,0.0025,False,False,380,25.77,21.65,26.53,21.65,-39.55,-39.55,0.652,104,17.3,42.4,10.532,10.032,31.71,-5.08,54.0,52.8,13,15.82,15.06,16.42,15.06,-39.56,-39.57,0.4,169,8.2,50.6,11.025,10.525,27.1,-5.13,65.0,29.8,13,1.6
g1a_a12_L60_d20_short70,12,60,60,0.2,short,70.0,,close,0.08,50,,8,0.1875,,pct,0.0025,False,False,95,5.6,5.6,5.6,5.6,-13.65,-13.65,0.41,46,7.7,32.6,2.255,1.755,17.65,-5.19,40.0,17.0,8,6.24,6.24,6.24,6.24,-19.78,-19.78,0.315,77,3.7,40.3,3.953,3.453,17.46,-5.15,50.0,10.3,13,1.1
g1a_a12_L60_d20_short80,12,60,60,0.2,short,80.0,,close,0.08,50,,8,0.1875,,pct,0.0025,False,False,48,6.71,6.71,6.71,6.71,-9.68,-9.68,0.693,23,3.8,39.1,4.467,3.967,19.43,-5.15,49.0,10.4,5,6.06,6.06,6.06,6.06,-14.49,-14.49,0.418,43,2.1,44.2,5.196,4.696,18.29,-5.17,58.0,6.7,9,0.9
g1a_a12_L60_d30_off,12,60,60,0.3,off,70.0,,close,0.08,50,,8,0.1875,,pct,0.0025,False,False,1083,18.38,16.58,22.61,16.58,-31.51,-32.52,0.583,139,23.3,39.9,5.726,5.226,24.65,-6.69,51.0,66.6,10,13.29,12.35,13.93,12.35,-30.96,-32.33,0.429,243,11.8,44.6,6.882,6.382,23.59,-6.33,60.0,38.9,12,2.0
g1a_a12_L60_d30_relaxed,12,60,60,0.3,relaxed,70.0,,close,0.08,50,,8,0.1875,,pct,0.0025,False,False,1083,18.38,16.58,22.61,16.58,-31.51,-32.52,0.583,139,23.3,39.9,5.726,5.226,24.65,-6.69,51.0,66.6,10,13.29,12.35,13.93,12.35,-30.96,-32.33,0.429,243,11.8,44.6,6.882,6.382,23.59,-6.33,60.0,38.9,12,1.9
g1a_a12_L60_d30_short70,12,60,60,0.3,short,70.0,,close,0.08,50,,8,0.1875,,pct,0.0025,False,False,443,15.26,14.17,17.66,14.17,-29.02,-29.36,0.526,102,17.1,41.5,5.607,5.107,23.54,-7.11,52.0,49.8,11,10.85,10.03,11.68,10.03,-28.8,-29.21,0.377,180,8.7,44.2,6.51,6.01,22.83,-6.45,61.0,29.5,11,1.5
g1a_a12_L60_d30_short80,12,60,60,0.3,short,80.0,,close,0.08,50,,8,0.1875,,pct,0.0025,False,False,254,9.27,8.76,11.58,8.76,-27.28,-27.87,0.34,78,13.0,35.9,4.144,3.644,25.84,-7.55,49.0,35.1,11,9.08,8.32,9.59,8.32,-32.37,-32.37,0.28,131,6.3,40.3,6.577,6.077,26.87,-6.93,62.0,21.6,11,1.3
g1a_a12_L60_d40_off,12,60,60,0.4,off,70.0,,close,0.08,50,,8,0.1875,,pct,0.0025,False,False,1582,21.63,20.12,27.65,20.12,-31.07,-31.71,0.696,142,23.7,46.8,6.207,5.707,21.69,-6.91,55.0,71.7,11,16.76,15.48,17.93,15.48,-36.18,-38.83,0.463,276,13.4,49.2,7.934,7.434,23.07,-6.74,61.0,44.8,11,2.2
g1a_a12_L60_d40_relaxed,12,60,60,0.4,relaxed,70.0,,close,0.08,50,,8,0.1875,,pct,0.0025,False,False,1582,21.63,20.12,27.65,20.12,-31.07,-31.71,0.696,142,23.7,46.8,6.207,5.707,21.69,-6.91,55.0,71.7,11,16.76,15.48,17.93,15.48,-36.18,-38.83,0.463,276,13.4,49.2,7.934,7.434,23.07,-6.74,61.0,44.8,11,2.2
g1a_a12_L60_d40_short70,12,60,60,0.4,short,70.0,,close,0.08,50,,8,0.1875,,pct,0.0025,False,False,832,17.08,13.87,18.45,13.87,-27.46,-32.68,0.622,126,21.1,43.5,5.52,5.02,20.88,-6.77,52.0,60.4,9,13.6,12.8,14.56,12.8,-37.05,-38.19,0.367,234,11.3,48.9,7.094,6.594,21.26,-6.64,60.0,37.5,9,1.8
g1a_a12_L60_d40_short80,12,60,60,0.4,short,80.0,,close,0.08,50,,8,0.1875,,pct,0.0025,False,False,559,14.02,13.41,14.62,13.41,-31.28,-31.64,0.448,113,18.8,43.2,4.875,4.375,21.14,-7.43,49.0,50.4,12,11.74,10.48,12.38,10.48,-38.12,-39.9,0.308,202,9.8,46.3,6.595,6.095,22.51,-7.15,58.0,31.4,12,1.6
g1a_a12_L60_d60_off,12,60,60,0.6,off,70.0,,close,0.08,50,,8,0.1875,,pct,0.0025,False,False,1908,28.78,22.17,31.9,22.17,-28.8,-31.2,0.999,143,23.8,45.8,7.878,7.378,25.61,-7.01,54.0,72.2,10,15.35,12.89,17.8,12.89,-38.02,-46.42,0.404,292,14.1,46.1,6.942,6.442,23.96,-7.3,58.0,45.4,11,2.4
g1a_a12_L60_d60_relaxed,12,60,60,0.6,relaxed,70.0,,close,0.08,50,,8,0.1875,,pct,0.0025,False,False,1908,28.78,22.17,31.9,22.17,-28.8,-31.2,0.999,143,23.8,45.8,7.878,7.378,25.61,-7.01,54.0,72.2,10,15.35,12.89,17.8,12.89,-38.02,-46.42,0.404,292,14.1,46.1,6.942,6.442,23.96,-7.3,58.0,45.4,11,2.2
g1a_a12_L60_d60_short70,12,60,60,0.6,short,70.0,,close,0.08,50,,8,0.1875,,pct,0.0025,False,False,1125,24.82,23.86,26.55,23.86,-32.43,-35.04,0.765,126,21.0,42.5,8.552,8.052,29.61,-6.96,57.0,66.1,10,16.69,14.52,18.16,14.52,-37.82,-43.07,0.441,247,12.0,50.2,8.84,8.34,24.99,-7.33,62.0,40.8,10,2.2
g1a_a12_L60_d60_short80,12,60,60,0.6,short,80.0,,close,0.08,50,,8,0.1875,,pct,0.0025,False,False,842,26.39,24.19,30.52,24.19,-32.53,-35.67,0.811,114,19.0,44.3,9.739,9.239,31.41,-7.35,59.0,62.2,14,15.9,14.78,16.59,14.78,-38.14,-40.19,0.417,222,10.7,47.3,9.199,8.699,27.6,-7.44,62.0,36.9,16,1.9
g1a_a24_L15_d20_off,24,25,15,0.2,off,70.0,,close,0.08,50,,8,0.1875,,pct,0.0025,False,False,7188,34.01,22.96,48.42,22.96,-28.8,-32.03,1.181,229,38.3,44.5,5.94,5.44,19.64,-4.67,39.0,84.1,11,24.71,22.1,27.98,22.1,-33.41,-37.08,0.74,568,27.5,47.1,6.062,5.562,18.7,-5.19,45.0,69.0,12,3.5
g1a_a24_L15_d20_relaxed,24,25,15,0.2,relaxed,70.0,,close,0.08,50,,8,0.1875,,pct,0.0025,False,False,5194,33.32,25.41,39.8,25.41,-32.41,-35.58,1.028,232,38.7,40.0,5.721,5.221,21.82,-4.85,38.0,82.7,22,26.8,25.6,29.46,25.6,-36.35,-39.28,0.737,521,25.2,45.5,7.11,6.61,22.42,-5.52,47.0,66.6,23,3.0
g1a_a24_L15_d20_short70,24,25,15,0.2,short,70.0,,close,0.08,50,,8,0.1875,,pct,0.0025,False,False,2397,25.72,21.16,30.61,21.16,-33.54,-37.52,0.767,175,29.3,39.2,5.821,5.321,24.15,-5.75,48.0,78.2,14,22.01,20.61,23.1,20.61,-33.08,-38.51,0.665,391,18.9,48.5,7.291,6.791,21.59,-6.06,55.0,58.6,14,2.6
g1a_a24_L15_d20_short80,24,25,15,0.2,short,80.0,,close,0.08,50,,8,0.1875,,pct,0.0025,False,False,1663,38.14,35.4,42.24,35.4,-26.6,-29.36,1.434,154,25.7,42.3,9.436,8.936,30.35,-5.92,51.0,73.9,10,21.87,20.23,23.07,20.23,-30.4,-34.94,0.72,344,16.6,48.5,8.196,7.696,23.87,-6.35,55.0,51.5,12,2.1
g1a_a24_L15_d30_off,24,25,15,0.3,off,70.0,,close,0.08,50,,8,0.1875,,pct,0.0025,False,False,8140,26.9,20.53,38.87,20.53,-34.72,-42.94,0.775,247,41.3,41.9,4.572,4.072,17.83,-4.77,36.0,83.8,11,23.97,22.2,28.63,22.2,-37.25,-41.97,0.643,606,29.3,45.7,5.642,5.142,19.43,-5.48,44.0,71.2,13,3.1
g1a_a24_L15_d30_relaxed,24,25,15,0.3,relaxed,70.0,,close,0.08,50,,8,0.1875,,pct,0.0025,False,False,6010,33.29,24.14,48.0,24.14,-36.04,-46.28,0.924,239,39.8,42.6,5.797,5.297,20.77,-4.96,37.0,83.4,12,24.19,21.76,27.28,21.76,-41.63,-51.24,0.581,563,27.2,44.6,6.231,5.731,21.56,-6.01,45.0,68.7,13,3.5
g1a_a24_L15_d30_short70,24,25,15,0.3,short,70.0,,close,0.08,50,,8,0.1875,,pct,0.0025,False,False,2917,23.65,17.04,29.52,17.04,-35.62,-41.93,0.664,190,31.7,39.5,5.247,4.747,22.74,-6.07,46.0,80.3,17,16.62,14.79,19.4,14.79,-37.64,-47.91,0.442,441,21.4,44.9,5.304,4.804,20.36,-6.6,52.0,60.9,17,2.7
g1a_a24_L15_d30_short80,24,25,15,0.3,short,80.0,,close,0.08,50,,8,0.1875,,pct,0.0025,False,False,2088,30.53,25.66,33.6,25.66,-32.12,-38.1,0.951,164,27.4,43.1,7.46,6.96,25.94,-6.51,50.0,77.9,11,17.58,16.06,20.7,16.06,-33.28,-38.7,0.528,377,18.2,46.8,6.28,5.78,21.68,-6.98,55.0,55.6,13,2.3
g1a_a24_L15_d40_off,24,25,15,0.4,off,70.0,,close,0.08,50,,8,0.1875,,pct,0.0025,False,False,8333,31.75,22.79,38.92,22.79,-34.52,-44.87,0.92,247,41.3,43.6,5.139,4.639,18.29,-4.71,36.0,83.4,11,23.77,21.5,29.41,21.5,-36.68,-42.01,0.648,615,29.8,44.6,5.545,5.045,19.65,-5.65,43.0,71.6,13,3.2
g1a_a24_L15_d40_relaxed,24,25,15,0.4,relaxed,70.0,,close,0.08,50,,8,0.1875,,pct,0.0025,False,False,6173,29.53,21.31,41.54,21.31,-37.39,-44.34,0.79,239,39.8,42.5,5.204,4.704,18.91,-5.07,37.0,83.2,14,22.49,21.2,26.14,21.2,-41.62,-48.3,0.54,571,27.6,44.4,5.863,5.363,21.1,-5.98,45.0,68.8,15,2.9
g1a_a24_L15_d40_short70,24,25,15,0.4,short,70.0,,close,0.08,50,,8,0.1875,,pct,0.0025,False,False,3021,22.27,17.18,30.22,17.18,-37.88,-43.18,0.588,194,32.4,39.7,4.827,4.327,21.41,-5.89,45.0,80.8,18,15.55,13.74,18.82,13.74,-44.58,-50.36,0.349,455,22.0,44.2,4.854,4.354,19.6,-6.79,51.0,61.7,19,2.6
g1a_a24_L15_d40_short80,24,25,15,0.4,short,80.0,,close,0.08,50,,8,0.1875,,pct,0.0025,False,False,2183,27.75,21.76,32.1,21.76,-32.08,-37.44,0.865,168,28.0,43.3,6.568,6.068,23.52,-6.52,49.0,77.1,12,17.59,16.04,18.31,16.04,-34.23,-39.3,0.514,392,19.0,46.4,5.963,5.463,21.07,-7.12,53.0,56.1,15,2.3
g1a_a24_L15_d60_off,24,25,15,0.6,off,70.0,,close,0.08,50,,8,0.1875,,pct,0.0025,False,False,8363,31.55,21.7,41.26,21.7,-34.52,-42.5,0.914,247,41.3,44.1,5.259,4.759,18.73,-4.87,36.0,83.4,11,24.04,20.5,28.04,20.5,-37.96,-42.01,0.633,610,29.5,45.0,5.633,5.133,19.56,-5.73,44.0,71.5,13,3.0
g1a_a24_L15_d60_relaxed,24,25,15,0.6,relaxed,70.0,,close,0.08,50,,8,0.1875,,pct,0.0025,False,False,6198,30.72,21.93,33.15,21.93,-36.78,-44.07,0.835,240,40.0,42.2,5.287,4.787,18.89,-5.06,36.0,82.9,12,22.54,20.31,28.29,20.31,-42.43,-46.89,0.531,571,27.6,44.7,5.781,5.281,20.69,-6.11,45.0,68.9,13,3.1
g1a_a24_L15_d60_short70,24,25,15,0.6,short,70.0,,close,0.08,50,,8,0.1875,,pct,0.0025,False,False,3037,20.51,17.82,27.18,17.82,-38.23,-43.91,0.537,195,32.6,39.9,4.647,4.147,21.29,-5.92,45.0,80.5,18,15.15,13.69,18.47,13.69,-43.99,-45.54,0.344,462,22.4,43.9,4.737,4.237,19.56,-6.72,50.0,61.7,17,2.5
g1a_a24_L15_d60_short80,24,25,15,0.6,short,80.0,,close,0.08,50,,8,0.1875,,pct,0.0025,False,False,2197,28.31,23.65,31.2,23.65,-30.64,-35.32,0.924,165,27.6,44.1,6.764,6.264,23.32,-6.45,50.0,77.3,12,17.45,17.04,19.53,17.04,-34.23,-39.3,0.51,392,19.0,46.2,5.948,5.448,21.44,-7.18,53.0,56.2,15,2.2
g1a_a24_L25_d20_off,24,25,25,0.2,off,70.0,,close,0.08,50,,8,0.1875,,pct,0.0025,False,False,4365,23.24,19.87,27.79,19.87,-38.48,-43.69,0.604,184,30.7,39.5,5.234,4.734,21.43,-5.27,47.0,81.4,11,22.74,20.9,24.73,20.9,-41.28,-43.96,0.551,426,20.6,47.0,7.194,6.694,21.48,-5.54,55.0,63.2,14,2.7
g1a_a24_L25_d20_relaxed,24,25,25,0.2,relaxed,70.0,,close,0.08,50,,8,0.1875,,pct,0.0025,False,False,3116,25.15,20.0,30.43,20.0,-36.57,-45.34,0.688,178,29.8,41.1,6.131,5.631,22.88,-5.79,48.0,80.5,14,22.84,21.5,24.59,21.5,-39.01,-41.83,0.585,391,18.9,47.8,7.728,7.228,22.59,-5.88,57.0,59.4,18,2.3
g1a_a24_L25_d20_short70,24,25,25,0.2,short,70.0,,close,0.08,50,,8,0.1875,,pct,0.0025,False,False,1424,21.11,18.22,25.59,18.22,-26.49,-28.5,0.797,156,26.1,41.5,5.328,4.828,21.45,-6.2,49.0,71.3,13,16.83,15.79,18.86,15.79,-28.62,-39.45,0.588,321,15.5,52.3,6.498,5.998,17.46,-5.81,59.0,50.0,13,2.0
g1a_a24_L25_d20_short80,24,25,25,0.2,short,80.0,,close,0.08,50,,8,0.1875,,pct,0.0025,False,False,957,27.71,25.05,29.64,25.05,-26.46,-26.95,1.047,127,21.2,46.1,8.456,7.956,27.14,-6.93,53.0,63.6,11,16.47,15.29,17.67,15.29,-27.56,-38.59,0.598,261,12.6,52.4,7.724,7.224,20.13,-6.19,61.0,42.5,11,1.8
g1a_a24_L25_d30_off,24,25,25,0.3,off,70.0,,close,0.08,50,,8,0.1875,,pct,0.0025,False,False,6032,24.59,19.75,36.65,19.75,-39.35,-44.78,0.625,185,30.9,39.4,5.664,5.164,23.58,-5.8,48.0,83.1,13,22.64,20.51,25.41,20.51,-40.14,-45.22,0.564,464,22.5,46.4,6.733,6.233,21.5,-6.04,55.0,67.5,12,3.0
g1a_a24_L25_d30_relaxed,24,25,25,0.3,relaxed,70.0,,close,0.08,50,,8,0.1875,,pct,0.0025,False,False,4504,24.13,18.23,38.35,18.23,-40.61,-45.0,0.594,190,31.8,38.6,5.355,4.855,23.23,-6.03,46.0,81.7,15,21.47,19.16,24.09,19.16,-40.68,-49.15,0.528,441,21.3,45.4,6.737,6.237,22.66,-6.23,54.0,64.3,15,2.6
g1a_a24_L25_d30_short70,24,25,25,0.3,short,70.0,,close,0.08,50,,8,0.1875,,pct,0.0025,False,False,2340,22.64,16.81,27.72,16.81,-31.97,-35.88,0.708,159,26.6,40.3,5.893,5.393,23.81,-6.68,53.0,78.1,15,15.81,13.91,17.3,13.91,-31.26,-34.05,0.506,372,18.0,48.7,5.611,5.111,18.73,-6.85,57.0,56.8,13,2.5
g1a_a24_L25_d30_short80,24,25,25,0.3,short,80.0,,close,0.08,50,,8,0.1875,,pct,0.0025,False,False,1667,27.01,22.88,28.78,22.88,-24.14,-25.42,1.119,141,23.5,41.0,7.788,7.288,28.1,-6.68,55.0,72.7,9,15.36,13.55,16.56,13.55,-25.14,-32.65,0.611,320,15.5,47.2,6.181,5.681,20.57,-6.8,58.0,49.9,9,2.1
g1a_a24_L25_d40_off,24,25,25,0.4,off,70.0,,close,0.08,50,,8,0.1875,,pct,0.0025,False,False,6535,27.34,17.29,38.09,17.29,-41.58,-50.2,0.657,195,32.6,38.8,5.742,5.242,24.82,-5.89,45.0,83.2,14,22.95,20.96,25.04,20.96,-43.28,-47.95,0.53,485,23.5,45.1,6.686,6.186,22.55,-6.48,53.0,68.8,14,2.9
g1a_a24_L25_d40_relaxed,24,25,25,0.4,relaxed,70.0,,close,0.08,50,,8,0.1875,,pct,0.0025,False,False,4944,28.44,20.55,36.68,20.55,-37.43,-48.21,0.76,187,31.2,41.6,6.082,5.582,24.18,-6.02,47.0,82.6,14,21.38,20.79,26.03,20.79,-42.94,-45.92,0.498,451,21.8,45.2,6.676,6.176,23.17,-6.73,55.0,65.7,14,2.9
g1a_a24_L25_d40_short70,24,25,25,0.4,short,70.0,,close,0.08,50,,8,0.1875,,pct,0.0025,False,False,2638,26.73,14.63,33.78,14.63,-33.14,-44.1,0.807,160,26.7,43.0,6.666,6.166,24.02,-6.7,54.0,79.3,18,15.77,14.93,17.27,14.93,-40.89,-43.64,0.386,394,19.1,48.0,5.394,4.894,19.06,-7.13,57.0,59.4,15,2.3
g1a_a24_L25_d40_short80,24,25,25,0.4,short,80.0,,close,0.08,50,,8,0.1875,,pct,0.0025,False,False,1932,32.79,28.24,34.6,28.24,-29.31,-32.9,1.119,147,24.5,45.6,8.296,7.796,26.42,-7.01,55.0,76.4,10,17.06,16.45,18.46,16.45,-31.65,-40.49,0.539,354,17.1,48.1,6.278,5.778,21.16,-7.28,57.0,54.1,11,2.2
g1a_a24_L25_d60_off,24,25,25,0.6,off,70.0,,close,0.08,50,,8,0.1875,,pct,0.0025,False,False,6663,30.77,15.53,39.07,15.53,-40.82,-46.69,0.754,186,31.1,39.0,6.602,6.102,25.86,-5.8,47.0,82.8,14,23.12,21.28,26.22,21.28,-39.64,-46.89,0.583,486,23.5,43.8,6.739,6.239,23.79,-6.51,53.0,68.9,14,4.5
g1a_a24_L25_d60_relaxed,24,25,25,0.6,relaxed,70.0,,close,0.08,50,,8,0.1875,,pct,0.0025,False,False,5061,36.41,28.53,39.52,28.53,-35.12,-40.88,1.037,181,30.3,41.9,7.63,7.13,26.38,-6.16,48.0,82.3,13,21.41,19.76,24.58,19.76,-44.57,-49.5,0.48,459,22.2,45.3,6.532,6.032,22.67,-6.79,54.0,65.6,14,4.0
g1a_a24_L25_d60_short70,24,25,25,0.6,short,70.0,,close,0.08,50,,8,0.1875,,pct,0.0025,False,False,2714,26.7,23.05,30.79,23.05,-33.64,-38.8,0.794,161,26.8,43.9,6.651,6.151,23.71,-6.62,53.0,79.0,15,16.81,14.64,18.48,14.64,-38.73,-40.83,0.434,396,19.2,47.8,5.734,5.234,20.06,-7.21,57.0,59.8,15,3.2
g1a_a24_L25_d60_short80,24,25,25,0.6,short,80.0,,close,0.08,50,,8,0.1875,,pct,0.0025,False,False,2000,33.4,27.39,37.12,27.39,-29.31,-33.11,1.139,147,24.6,45.8,8.391,7.891,26.49,-6.95,55.0,76.6,11,16.79,15.33,18.48,15.33,-32.95,-45.1,0.51,356,17.2,47.7,6.153,5.653,21.42,-7.41,57.0,54.7,11,2.4
g1a_a24_L40_d20_off,24,40,40,0.2,off,70.0,,close,0.08,50,,8,0.1875,,pct,0.0025,False,False,2123,35.29,27.8,37.48,27.8,-26.45,-27.53,1.334,139,23.2,43.2,9.569,9.069,28.31,-5.62,58.0,76.8,7,17.68,16.8,18.85,16.8,-27.07,-30.23,0.653,305,14.8,46.7,7.33,6.83,21.67,-5.27,62.0,50.3,11,2.6
g1a_a24_L40_d20_relaxed,24,40,40,0.2,relaxed,70.0,,close,0.08,50,,8,0.1875,,pct,0.0025,False,False,1471,27.13,24.71,31.57,24.71,-27.24,-33.58,0.996,145,24.2,40.8,7.045,6.545,26.48,-5.52,53.0,72.8,8,16.57,15.17,18.08,15.17,-32.09,-39.15,0.516,290,14.1,45.6,6.91,6.41,21.46,-5.46,58.0,45.5,12,2.2
g1a_a24_L40_d20_short70,24,40,40,0.2,short,70.0,,close,0.08,50,,8,0.1875,,pct,0.0025,False,False,666,13.77,10.03,18.59,10.03,-30.8,-30.8,0.447,123,20.5,39.0,4.104,3.604,20.59,-6.34,55.0,62.6,15,10.97,9.84,12.57,9.84,-30.81,-32.56,0.356,217,10.5,48.7,5.202,4.702,16.75,-6.01,61.0,35.4,19,1.9
g1a_a24_L40_d20_short80,24,40,40,0.2,short,80.0,,close,0.08,50,,8,0.1875,,pct,0.0025,False,False,413,17.76,13.97,21.68,13.97,-22.72,-25.23,0.782,93,15.6,41.8,6.554,6.054,25.54,-6.81,56.0,49.6,11,12.22,10.89,13.82,10.89,-33.13,-38.81,0.369,167,8.1,50.7,7.416,6.916,20.37,-6.06,63.0,28.7,12,1.5
g1a_a24_L40_d30_off,24,40,40,0.3,off,70.0,,close,0.08,50,,8,0.1875,,pct,0.0025,False,False,3947,24.46,19.96,34.79,19.96,-35.24,-44.73,0.694,155,25.9,40.0,6.421,5.921,26.37,-6.8,55.0,81.0,11,21.8,18.46,23.2,18.46,-37.59,-42.34,0.58,371,18.0,45.9,7.601,7.101,24.1,-6.39,60.0,59.6,13,2.8
g1a_a24_L40_d30_relaxed,24,40,40,0.3,relaxed,70.0,,close,0.08,50,,8,0.1875,,pct,0.0025,False,False,2954,28.13,19.29,32.61,19.29,-42.93,-46.97,0.655,154,25.8,39.5,7.209,6.709,27.49,-6.73,55.0,79.8,16,20.41,19.23,21.74,19.23,-39.24,-48.15,0.52,355,17.2,44.6,7.517,7.017,24.93,-6.48,59.0,56.2,16,2.5
g1a_a24_L40_d30_short70,24,40,40,0.3,short,70.0,,close,0.08,50,,8,0.1875,,pct,0.0025,False,False,1684,16.29,11.41,19.87,11.41,-30.06,-39.05,0.542,145,24.2,38.2,4.652,4.152,23.05,-6.9,55.0,74.1,11,15.72,15.36,16.8,15.36,-30.85,-33.76,0.51,301,14.6,47.0,6.59,6.09,21.71,-6.62,61.0,49.8,11,2.2
g1a_a24_L40_d30_short80,24,40,40,0.3,short,80.0,,close,0.08,50,,8,0.1875,,pct,0.0025,False,False,1136,18.5,15.12,23.27,15.12,-26.79,-32.09,0.691,126,21.0,40.5,6.104,5.604,25.81,-7.28,58.0,67.6,9,15.41,12.59,17.69,12.59,-34.46,-37.96,0.447,264,12.8,46.5,7.14,6.64,23.07,-6.93,61.0,43.6,9,1.9
g1a_a24_L40_d40_off,24,40,40,0.4,off,70.0,,close,0.08,50,,8,0.1875,,pct,0.0025,False,False,4712,22.99,13.7,27.68,13.7,-35.71,-40.58,0.644,160,26.8,41.3,5.968,5.468,24.32,-6.81,55.0,81.4,11,19.52,17.84,21.44,17.84,-48.27,-49.94,0.404,401,19.4,44.2,6.655,6.155,23.19,-6.63,57.0,61.7,23,2.9
g1a_a24_L40_d40_relaxed,24,40,40,0.4,relaxed,70.0,,close,0.08,50,,8,0.1875,,pct,0.0025,False,False,3621,27.81,18.61,33.88,18.61,-41.73,-45.7,0.666,158,26.3,40.6,7.119,6.619,26.99,-6.6,54.0,79.7,14,20.17,18.8,22.46,18.8,-46.08,-51.53,0.438,380,18.4,44.4,7.139,6.639,24.61,-6.9,57.0,58.0,17,2.7
g1a_a24_L40_d40_short70,24,40,40,0.4,short,70.0,,close,0.08,50,,8,0.1875,,pct,0.0025,False,False,2214,23.17,18.48,29.9,18.48,-30.41,-40.11,0.762,148,24.7,42.8,6.287,5.787,24.5,-6.97,57.0,77.1,13,15.75,13.18,17.21,13.18,-33.17,-34.97,0.475,338,16.4,45.9,6.082,5.582,21.76,-7.26,59.0,53.2,12,2.4
g1a_a24_L40_d40_short80,24,40,40,0.4,short,80.0,,close,0.08,50,,8,0.1875,,pct,0.0025,False,False,1594,24.47,22.19,26.89,22.19,-25.78,-27.43,0.949,135,22.6,41.8,7.162,6.662,27.48,-7.36,57.0,71.4,10,16.94,14.61,17.44,14.61,-30.74,-35.27,0.551,304,14.7,47.0,7.003,6.503,23.41,-7.38,59.0,48.1,10,2.1
g1a_a24_L40_d60_off,24,40,40,0.6,off,70.0,,close,0.08,50,,8,0.1875,,pct,0.0025,False,False,5043,29.91,28.39,32.88,28.39,-35.1,-43.1,0.852,164,27.3,43.6,7.249,6.749,25.48,-7.05,54.0,82.2,11,20.07,18.51,21.72,18.51,-50.27,-52.71,0.399,413,20.0,43.6,6.595,6.095,24.43,-7.03,56.0,62.2,24,2.7
g1a_a24_L40_d60_relaxed,24,40,40,0.6,relaxed,70.0,,close,0.08,50,,8,0.1875,,pct,0.0025,False,False,3918,32.37,22.81,40.65,22.81,-43.63,-50.07,0.742,162,27.1,41.4,7.813,7.313,28.42,-6.88,53.0,80.7,13,19.98,18.44,20.99,18.44,-47.62,-51.06,0.42,399,19.3,44.0,6.852,6.352,24.56,-7.14,56.0,59.2,20,2.8
g1a_a24_L40_d60_short70,24,40,40,0.6,short,70.0,,close,0.08,50,,8,0.1875,,pct,0.0025,False,False,2452,25.3,19.37,29.56,19.37,-33.1,-38.28,0.764,153,25.5,42.1,6.758,6.258,25.86,-7.21,55.0,78.1,14,16.38,11.52,18.17,11.52,-38.7,-40.7,0.423,350,17.0,45.9,6.165,5.665,22.46,-7.49,59.0,55.3,14,2.6
g1a_a24_L40_d60_short80,24,40,40,0.6,short,80.0,,close,0.08,50,,8,0.1875,,pct,0.0025,False,False,1817,30.72,21.64,39.76,21.64,-29.58,-37.97,1.038,139,23.2,45.8,8.361,7.861,27.41,-7.51,59.0,76.2,10,16.83,15.03,19.78,15.03,-31.41,-38.18,0.536,329,15.9,46.5,6.665,6.165,22.51,-7.65,58.0,51.3,10,2.4
g1a_a24_L60_d20_off,24,60,60,0.2,off,70.0,,close,0.08,50,,8,0.1875,,pct,0.0025,False,False,850,30.11,25.66,35.9,25.66,-40.95,-45.21,0.735,113,18.8,49.1,10.191,9.691,27.36,-6.03,64.0,67.3,7,15.85,15.1,17.43,15.1,-43.86,-48.39,0.361,207,10.0,51.6,8.98,8.48,22.67,-5.46,67.0,37.8,7,1.8
g1a_a24_L60_d20_relaxed,24,60,60,0.2,relaxed,70.0,,close,0.08,50,,8,0.1875,,pct,0.0025,False,False,538,37.25,36.32,38.93,36.32,-45.81,-46.07,0.813,100,16.7,51.0,13.175,12.675,31.05,-5.56,66.0,63.5,7,16.93,16.51,17.28,16.51,-46.08,-46.09,0.367,184,8.9,55.4,10.599,10.099,23.49,-5.37,69.0,34.6,7,1.8
g1a_a24_L60_d20_short70,24,60,60,0.2,short,70.0,,close,0.08,50,,8,0.1875,,pct,0.0025,False,False,206,15.77,15.77,15.77,15.77,-16.71,-16.71,0.944,61,10.2,44.3,8.035,7.535,25.87,-6.13,56.0,31.6,7,10.17,10.17,10.17,10.17,-37.63,-37.63,0.27,113,5.5,50.4,7.964,7.464,21.13,-5.44,63.0,18.9,7,1.2
g1a_a24_L60_d20_short80,24,60,60,0.2,short,80.0,,close,0.08,50,,8,0.1875,,pct,0.0025,False,False,121,14.44,14.05,14.44,14.05,-14.47,-14.47,0.998,35,5.8,51.4,11.047,10.547,27.82,-6.71,58.0,18.6,5,8.76,8.7,8.81,8.7,-37.82,-37.82,0.232,72,3.5,55.6,8.929,8.429,20.81,-5.93,67.0,12.6,5,1.0
g1a_a24_L60_d30_off,24,60,60,0.3,off,70.0,,close,0.08,50,,8,0.1875,,pct,0.0025,False,False,2315,21.43,14.41,28.8,14.41,-45.76,-50.49,0.468,143,23.8,42.2,6.532,6.032,23.35,-6.73,58.0,77.6,12,16.19,14.6,19.17,14.6,-43.79,-46.26,0.37,308,14.9,49.4,6.688,6.188,19.96,-6.35,62.0,50.9,12,2.2
g1a_a24_L60_d30_relaxed,24,60,60,0.3,relaxed,70.0,,close,0.08,50,,8,0.1875,,pct,0.0025,False,False,1636,28.22,23.26,33.68,23.26,-35.1,-40.05,0.804,140,23.3,46.4,7.786,7.286,24.54,-6.78,58.0,75.8,11,16.8,15.53,17.79,15.53,-35.04,-44.77,0.479,284,13.7,49.5,7.333,6.833,21.55,-6.55,60.0,46.5,11,2.6
g1a_a24_L60_d30_short70,24,60,60,0.3,short,70.0,,close,0.08,50,,8,0.1875,,pct,0.0025,False,False,945,18.6,14.26,20.75,14.26,-37.58,-37.61,0.495,124,20.8,41.8,6.023,5.523,22.94,-6.31,59.0,67.6,11,12.85,12.0,13.6,12.0,-37.58,-37.61,0.342,238,11.5,47.7,6.31,5.81,20.35,-6.41,63.0,40.6,11,2.1
g1a_a24_L60_d30_short80,24,60,60,0.3,short,80.0,,close,0.08,50,,8,0.1875,,pct,0.0025,False,False,568,13.11,9.06,15.81,9.06,-43.1,-43.37,0.304,105,17.6,41.0,4.985,4.485,22.99,-7.38,58.0,57.4,15,9.82,9.61,10.67,9.61,-42.82,-43.38,0.229,193,9.4,45.4,5.241,4.741,20.16,-7.1,62.0,32.3,16,1.7
g1a_a24_L60_d40_off,24,60,60,0.4,off,70.0,,close,0.08,50,,8,0.1875,,pct,0.0025,False,False,3263,25.7,17.55,32.7,17.55,-32.98,-37.9,0.779,148,24.7,44.8,6.839,6.339,22.74,-6.9,57.0,78.4,10,15.38,12.5,17.17,12.5,-34.25,-41.87,0.449,349,16.9,47.5,5.707,5.207,19.51,-6.85,59.0,55.2,12,2.6
g1a_a24_L60_d40_relaxed,24,60,60,0.4,relaxed,70.0,,close,0.08,50,,8,0.1875,,pct,0.0025,False,False,2445,29.87,25.6,31.07,25.6,-34.4,-40.09,0.868,143,23.9,47.1,7.888,7.388,24.25,-6.95,58.0,77.0,9,16.79,14.96,17.37,14.96,-38.01,-41.03,0.442,328,15.9,48.5,6.486,5.986,20.68,-6.89,60.0,52.6,9,2.6
g1a_a24_L60_d40_short70,24,60,60,0.4,short,70.0,,close,0.08,50,,8,0.1875,,pct,0.0025,False,False,1712,20.06,14.23,21.8,14.23,-31.97,-37.87,0.627,140,23.4,42.3,5.748,5.248,22.81,-7.0,56.0,73.7,17,12.76,9.75,14.01,9.75,-35.47,-41.95,0.36,302,14.6,45.4,5.194,4.694,19.64,-6.98,59.0,47.9,15,2.2
g1a_a24_L60_d40_short80,24,60,60,0.4,short,80.0,,close,0.08,50,,8,0.1875,,pct,0.0025,False,False,1181,18.86,12.52,22.52,12.52,-24.05,-25.21,0.784,121,20.3,45.6,6.179,5.679,22.02,-7.15,58.0,65.4,11,10.59,9.6,11.66,9.6,-27.97,-39.26,0.379,264,12.8,45.2,4.641,4.141,18.99,-7.21,59.0,42.0,11,2.2
g1a_a24_L60_d60_off,24,60,60,0.6,off,70.0,,close,0.08,50,,8,0.1875,,pct,0.0025,False,False,3816,29.86,26.43,34.42,26.43,-37.13,-42.62,0.804,151,25.2,46.1,7.453,6.953,25.03,-6.92,56.0,79.8,10,17.03,14.71,21.29,14.71,-40.73,-42.76,0.418,360,17.4,47.2,6.15,5.65,21.29,-7.27,59.0,57.3,14,2.7
g1a_a24_L60_d60_relaxed,24,60,60,0.6,relaxed,70.0,,close,0.08,50,,8,0.1875,,pct,0.0025,False,False,2954,29.9,25.43,33.54,25.43,-35.89,-45.06,0.833,151,25.2,44.4,7.473,6.973,25.85,-7.31,54.0,77.9,9,16.4,14.39,18.37,14.39,-39.84,-42.34,0.412,350,17.0,46.7,6.02,5.52,21.38,-7.34,57.0,53.9,10,2.6
g1a_a24_L60_d60_short70,24,60,60,0.6,short,70.0,,close,0.08,50,,8,0.1875,,pct,0.0025,False,False,2188,25.17,17.9,29.59,17.9,-35.2,-40.54,0.715,146,24.4,45.0,6.626,6.126,23.39,-7.07,56.0,76.5,14,18.09,15.33,19.39,15.33,-35.71,-45.73,0.506,317,15.4,48.3,7.355,6.855,22.7,-7.59,61.0,52.2,15,2.5
g1a_a24_L60_d60_short80,24,60,60,0.6,short,80.0,,close,0.08,50,,8,0.1875,,pct,0.0025,False,False,1636,25.51,21.73,31.14,21.73,-34.96,-38.72,0.73,132,22.0,46.2,7.398,6.898,23.91,-7.25,59.0,72.2,9,16.01,13.76,17.2,13.76,-34.71,-42.88,0.461,299,14.5,48.6,6.699,6.199,21.74,-7.68,60.0,48.3,10,2.2
