date,baseline,vwap,htf,rsi50,cpr,bb,confluence,fast_pair
2024-03-18,-10.71,-1028.48,-2217.75,-1574.12,0.00,0.00,-1633.48,-132.56
2024-03-19,-2984.35,-2984.35,-3711.66,-1168.85,-5217.52,-219.11,-1168.85,-10185.66
2024-03-20,-8890.24,-8890.24,-1097.96,-7256.66,-6027.85,-8890.24,0.00,-7105.43
2024-03-21,-4529.18,-4529.18,-2322.69,-2322.69,-4529.18,-4529.18,-2322.69,-4343.03
2024-03-22,-2298.64,-2298.64,3866.81,-2298.64,-2298.64,-2298.64,3866.81,7169.07
2024-03-26,147.39,147.39,-147.33,294.72,147.39,294.72,0.00,-4573.35
2024-03-27,3173.37,3173.37,-1274.93,-834.59,1894.43,5646.15,-1274.93,2335.94
2024-03-28,9325.23,11480.55,14553.30,14037.96,9325.23,9325.23,11995.89,4645.64
2024-04-01,2708.92,2708.92,-478.80,992.47,1760.77,3140.35,-478.80,3656.48
2024-04-02,-8195.93,-8156.40,724.15,-8195.93,-8156.40,-8156.40,787.36,-10175.16
2024-04-03,-7403.04,-7403.04,2258.79,-4355.54,-7596.56,-7403.04,2258.79,-2027.14
2024-04-04,-12439.75,-12439.75,-11247.40,-14342.51,-12708.50,-12439.75,-11247.40,5712.37
2024-04-05,-3345.66,-3089.88,-3848.12,-3848.12,-154.15,-4621.59,-3848.12,-2778.90
2024-04-09,2561.39,2561.39,4802.45,6967.13,-1356.64,2561.39,4802.45,-4331.32
2024-04-10,1393.00,1393.00,1168.83,1926.26,2633.29,1393.00,1168.83,-4997.03
2024-04-12,-8241.68,-8241.68,-1349.73,-4979.89,-8241.68,-8241.68,-649.46,2340.35
2024-04-15,-6448.84,-6448.84,-6448.84,-2773.10,-3578.09,-2773.10,-5784.18,-4151.29
2024-04-18,-3142.87,-3142.87,5338.13,-342.31,-3142.87,-3142.87,5338.13,-2700.82
2024-04-19,1267.57,1267.57,2132.23,-1295.43,4869.27,1267.57,2132.23,11441.40
2024-04-22,1936.63,1936.63,-1201.49,-1201.49,2378.97,1177.49,-1201.49,-2532.79
2024-04-23,-3217.89,-3217.89,-1983.18,-1983.18,-1983.18,-1983.18,-1983.18,-7816.43
2024-04-25,-4037.30,-4037.30,530.59,891.60,-5431.59,-5431.59,530.59,-4413.32
2024-04-26,583.84,583.84,-1813.15,967.61,-1510.80,583.84,-1813.15,2028.57
2024-04-29,-10404.40,-10404.40,-8968.32,-10628.40,-10404.40,-10404.40,-8968.32,3612.62
2024-04-30,-9109.65,-9109.65,-3294.48,-9109.65,-9109.65,-9109.65,-3294.48,-14140.70
2024-05-03,6520.82,6520.82,7189.73,10169.22,4148.07,6520.82,7189.73,6155.49
2024-05-06,-8035.01,-7441.57,-5786.23,-6098.14,-8035.01,-9389.13,-5786.23,-4837.36
2024-05-07,-1732.40,-1732.40,-647.83,-1732.40,-1732.40,-1732.40,-647.83,-634.95
2024-05-08,1129.25,1129.25,490.67,545.40,-2003.09,1129.25,490.67,-4531.28
2024-05-09,-3418.59,-4049.34,-1134.53,-4049.34,1744.76,-3418.59,-1134.53,8818.81
2024-05-13,4822.05,4822.05,2637.95,-73.98,3000.53,2013.09,2637.95,13102.38
2024-05-14,-2224.63,-2224.63,-2224.63,-2224.63,-1285.72,-2224.63,-2224.63,-1623.21
2024-05-15,-1227.26,-1227.26,-4335.69,-425.18,-1227.26,-1227.26,-4335.69,-5533.58
2024-05-16,-1219.78,-1219.78,-2280.13,-4251.94,-1219.78,-1219.78,-2280.13,2048.88
2024-05-17,-1012.01,-1012.01,-175.14,-837.65,-941.00,-1012.01,-175.14,-10191.51
2024-05-21,1320.96,1320.96,1173.41,1173.41,925.42,1320.96,1173.41,4287.10
2024-05-22,-11041.13,-11041.13,-7367.57,-7367.57,-7922.88,-11041.13,-7367.57,-6361.50
2024-05-23,5038.11,5038.11,3014.66,5038.11,3733.65,3733.65,3014.66,-2543.04
2024-05-24,-4731.74,-4731.74,-3993.43,-4731.74,-4731.74,-4731.74,-3993.43,-16052.77
2024-05-27,644.54,644.54,-3.52,644.54,644.54,644.54,-1465.97,-1926.06
2024-05-28,-5483.40,-5483.40,-5680.82,-5049.47,-5326.13,-5483.40,-4896.32,-6773.32
2024-05-29,620.39,-2674.03,39.37,620.39,-2112.78,620.39,-3255.05,-9733.59
2024-05-30,-10365.17,-10365.17,-10365.17,-10365.17,-10365.17,-10365.17,-10365.17,-10943.58
2024-05-31,-7719.76,-10761.30,-6613.09,-6587.10,-5090.28,-7719.76,-6613.09,2182.06
2024-06-04,56.45,56.45,-3496.81,56.45,56.45,56.45,-3496.81,2689.24
2024-06-05,18494.52,18494.52,722.36,7990.30,10289.59,18494.52,722.36,22121.96
2024-06-06,-1339.16,-1339.16,-1530.55,-4791.37,1585.62,-1339.16,-1530.55,-3445.47
2024-06-07,-3883.49,-3883.49,-2152.57,-3883.49,-4546.87,-3883.49,-2152.57,-2958.81
2024-06-10,-8650.59,-8650.59,-3757.32,-8270.45,-8650.59,-8650.59,-3757.32,-9815.93
2024-06-12,-1512.36,-1512.36,5463.67,2779.17,-1512.36,-1512.36,5463.67,2237.61
2024-06-13,-9059.45,-8942.02,-3445.16,-8573.11,-7295.43,-9059.45,-784.08,-5870.49
2024-06-14,-92.50,-92.50,4634.69,4634.69,-92.50,-92.50,4634.69,-2277.82
2024-06-18,448.92,747.17,-448.94,1557.34,1259.08,747.17,-448.94,-229.40
2024-06-20,-3041.43,-3041.43,-3552.97,-3041.43,-2478.07,-3041.43,-3552.97,-1384.95
2024-06-21,-6084.84,-6084.84,-4601.56,-6756.02,-6756.02,-6084.84,-4601.56,-6586.01
2024-06-24,-11800.02,-8122.62,-807.52,-4787.70,-10696.67,-11800.02,-807.52,-8691.83
2024-06-25,-1609.47,-1609.47,-1052.34,-1160.97,1209.26,-932.34,-1052.34,5317.83
2024-06-26,-1778.48,-1778.48,-2941.82,-1247.68,-1607.64,-1778.48,-2396.06,-4770.08
2024-06-28,-1096.27,-1096.27,-2231.37,-1096.27,-1096.27,-1096.27,-2231.37,-6130.76
2024-07-01,-665.26,-665.26,0.00,-665.26,-665.26,-665.26,0.00,-5655.20
2024-07-02,-1564.97,-1602.61,-4179.77,-1726.22,2517.63,-1564.97,-4179.77,-8017.87
2024-07-03,-3507.47,-3507.47,-5207.19,-2443.86,-3507.47,-3507.47,-5207.19,-3209.17
2024-07-04,-3006.65,-3006.65,-2755.14,-5003.96,-956.88,-3006.65,-2755.14,-2919.01
2024-07-08,-1059.92,-3077.68,2931.72,2931.72,-1117.67,-1059.92,913.96,-4584.20
2024-07-09,-3065.38,-3976.82,-2742.13,-2657.62,-3065.38,-3000.68,-2742.13,-8482.05
2024-07-10,3327.19,3327.19,1090.84,3327.19,3327.19,3327.19,1090.84,8414.61
2024-07-11,-6740.05,-6533.74,-6740.05,-6740.05,-7007.89,-6740.05,-6533.74,-9536.53
2024-07-12,-4839.55,-4839.55,-2400.19,-4839.55,-4839.55,-4839.55,-2400.19,-5162.01
2024-07-15,2818.42,2818.42,3607.99,2818.42,2818.42,2818.42,3607.99,-1648.69
2024-07-16,-4875.24,-4875.24,-3684.10,-4875.24,-3222.10,-4822.30,-2927.99,-5911.55
2024-07-18,-2086.21,-2086.21,-3636.19,-2086.21,-1463.59,-2086.21,-3636.19,-2635.67
2024-07-19,-5631.83,-5631.83,-5631.83,-5631.83,-4221.16,-4221.16,-5631.83,340.24
2024-07-22,-7789.28,-7789.28,-4452.05,-8435.86,-7241.73,-7789.28,-4452.05,-12790.92
2024-07-23,1636.20,-3152.14,1853.84,-3152.14,3497.23,3497.23,1853.84,-8327.86
2024-07-24,-7319.13,-7319.13,-4949.31,-4704.95,-8129.17,-7319.13,-4949.31,-1607.50
2024-07-25,-5937.56,-5937.56,-4987.91,-6484.47,-5937.56,-5937.56,-4987.91,-7538.52
2024-07-26,5386.17,5386.17,639.85,2988.08,5386.17,5386.17,639.85,2312.52
2024-07-30,-10258.67,-7661.37,-6053.72,-8651.02,-10258.67,-10258.67,-6053.72,-8394.67
2024-07-31,-3699.66,-3233.37,-4289.29,-5668.63,-3699.66,-3699.66,-4289.29,-2769.12
2024-08-01,-2261.09,-2261.09,-570.94,-4665.40,-2219.54,-2261.09,0.00,3322.11
2024-08-02,-74.13,-74.13,-74.13,-74.13,-74.13,-74.13,-74.13,-2841.00
2024-08-05,-2515.77,-2515.77,-2515.77,-2515.77,-2515.77,-2515.77,-2515.77,-4981.18
2024-08-07,-10250.00,-10759.97,-7958.64,-9666.60,-10250.00,-10250.00,-7958.64,-6539.07
2024-08-08,-10178.05,-10178.05,-7746.02,-7746.02,-7746.02,-10178.05,-7746.02,-5912.24
2024-08-09,-4081.21,-4909.91,-4780.24,-2698.38,-4548.60,-3956.62,-5130.09,-10406.73
2024-08-12,-12540.20,-12540.20,-11634.56,-12540.20,-11634.56,-12540.20,-11634.56,-12058.00
2024-08-13,-3113.13,-3113.13,-4234.26,-5365.61,-7639.80,-3113.13,-4234.26,-5436.68
2024-08-16,1883.02,1883.02,2414.77,1883.02,1988.28,1883.02,2414.77,-834.04
2024-08-19,-4095.63,-4095.63,-3606.16,-4095.63,-4095.63,-4095.63,-3537.58,-1292.37
2024-08-20,-19.39,-19.39,2999.39,2999.39,-19.39,-19.39,970.26,-9834.80
2024-08-21,-4487.64,-4487.64,-904.98,-2540.56,-3015.99,-4487.64,-904.98,1023.40
2024-08-23,-3047.89,-3047.89,0.00,-3009.07,-2623.86,-3047.89,0.00,-792.59
2024-08-26,-1867.06,-1867.06,-1867.06,-1867.06,-2017.43,-1867.06,-1867.06,443.48
2024-08-27,-3286.29,-3286.29,-3589.20,-3241.13,-3286.29,-3682.19,-3589.20,-4731.16
2024-08-28,2650.89,2650.89,3523.25,2637.88,3950.27,2007.60,3523.25,-1503.76
2024-08-29,-2324.62,-2324.62,-1082.50,-27.01,-878.19,82.81,-1082.50,-7990.50
2024-09-02,-11815.17,-12990.59,-9473.93,-11815.17,-11537.41,-11815.17,-10641.86,-9170.85
2024-09-03,-8431.61,-8431.61,-7048.34,-9264.41,-7436.26,-8431.61,-6094.29,-280.32
2024-09-04,-3960.76,-3960.76,1132.78,-792.82,-4042.09,-3960.76,211.27,-3718.56
2024-09-05,-2056.04,-2056.04,1372.60,765.37,-3428.64,-2056.04,1372.60,-1822.39
2024-09-06,-13667.11,-13667.11,-11874.58,-13361.25,-13667.11,-13743.12,-11874.58,6445.73
2024-09-09,-11110.81,-11110.81,-2093.55,-9076.15,-10313.88,-10313.88,-2093.55,-9049.31
2024-09-10,413.43,413.43,2714.81,1492.98,413.43,413.43,600.49,1048.48
2024-09-11,1431.14,1431.14,3810.05,1431.14,1431.14,1431.14,3810.05,-17121.70
2024-09-12,6675.76,6189.09,6827.63,10676.53,6675.76,5140.61,6340.96,-3546.48
2024-09-13,-613.96,-613.96,-613.96,-613.96,-613.96,-613.96,-613.96,-1333.44
2024-09-16,-5105.68,-5105.68,-3909.64,-3568.47,-3227.60,-3365.56,-3909.64,-3923.40
2024-09-17,-5223.28,-3538.52,-1962.30,-1962.30,-5213.16,-4912.29,-1962.30,-3812.77
2024-09-18,-4938.60,-4938.60,-5740.70,-7486.94,-5912.06,-1912.13,-5740.70,-2073.36
2024-09-19,518.33,518.33,-1388.38,437.59,1907.51,518.33,-201.86,4565.31
2024-09-20,-2034.06,-2034.06,3273.03,683.06,-654.54,-2034.06,3273.03,-2948.72
2024-09-24,2543.70,2543.70,0.00,2543.70,0.00,2543.70,0.00,1976.48
2024-09-25,-5560.24,-5560.24,-5963.50,-6329.47,-5560.24,-5560.24,-5963.50,-5426.55
2024-09-26,-451.38,-451.38,1652.84,-592.70,-2456.35,-1745.80,1652.84,6728.19
2024-09-27,-2537.88,-2537.88,-2204.00,-2537.88,-2204.00,-2537.88,-2204.00,5762.36
2024-09-30,5725.04,5725.04,3325.33,4941.35,5725.04,5725.04,3325.33,-11651.30
2024-10-03,3383.06,3383.06,2401.77,2401.77,3383.06,3383.06,2401.77,992.41
2024-10-04,-12398.38,-12398.38,-7184.93,-11240.12,-12398.38,-12398.38,-7184.93,-14813.19
2024-10-07,5354.60,8095.80,8095.80,8095.80,5354.60,5354.60,8095.80,5156.75
2024-10-08,139.40,139.40,0.00,-91.49,-2065.45,139.40,0.00,-6744.27
2024-10-10,2543.39,117.50,3000.95,3000.95,2012.56,2012.56,575.07,4682.62
2024-10-11,1842.99,1842.99,1980.13,223.77,1842.99,1842.99,1980.13,-6580.94
2024-10-14,787.37,787.37,1324.03,1324.03,450.53,787.37,1324.03,-1953.58
2024-10-15,-6887.78,-6887.78,-4614.92,-9446.32,-6887.78,-6887.78,-4578.38,-2406.65
2024-10-16,-3858.09,-3858.09,-4646.27,-3858.09,-4168.97,-3858.09,-2693.62,-11415.91
2024-10-18,4425.34,4425.34,4493.15,4552.07,4552.07,4425.34,4493.15,10533.32
2024-10-21,2285.37,2285.37,1308.64,1136.72,-1333.91,-2532.44,1308.64,-2563.14
2024-10-22,-4458.04,-4458.04,-2621.30,-4458.04,-4458.04,-4458.04,-2621.30,-761.48
2024-10-23,539.03,539.03,-2651.75,539.03,2629.06,539.03,-2651.75,-8081.17
2024-10-24,-4373.94,-4373.94,-2083.97,-4995.11,-3281.80,-4373.94,-2083.97,-7369.72
2024-10-28,-1618.15,369.98,-3464.58,-856.13,-2716.98,-1618.15,-624.21,988.99
2024-10-29,-1985.83,-1985.83,3969.03,3891.02,2917.50,-1985.83,3969.03,34.38
2024-10-30,576.40,4338.29,-5206.68,-2280.08,576.40,576.40,-3695.87,1234.79
2024-10-31,-2119.57,-2119.57,-6770.54,-3767.32,-2119.57,-2119.57,-6770.54,-8039.71
2024-11-04,2863.57,7300.19,511.93,1669.23,2863.57,2863.57,4895.96,1450.90
2024-11-05,-3809.12,-3809.12,-227.65,-2494.38,-3809.12,-3809.12,-227.65,-4418.52
2024-11-06,-116.46,-116.46,0.00,-575.03,-575.03,-116.46,0.00,2094.61
2024-11-07,-1083.98,-1083.98,-5528.69,-3013.11,-1083.98,-1083.98,-4299.16,-3262.84
2024-11-08,-1916.74,-1916.74,2400.52,2400.52,2460.96,-1916.74,2400.52,-5623.20
2024-11-11,-5178.52,-5178.52,-7260.28,-5545.12,-5178.52,-5178.52,-7260.28,-3459.37
2024-11-12,1229.22,1229.22,-31.15,1229.22,-3789.76,1229.22,-31.15,-2587.34
2024-11-13,2334.86,2334.86,2334.86,2334.86,2334.86,2334.86,2334.86,651.67
2024-11-14,-6576.78,-6576.78,-738.24,-1307.94,-3804.72,-6576.78,-738.24,-3692.15
2024-11-19,-8955.67,-8955.67,-2645.24,-4849.07,-6525.23,-8955.67,-2645.24,-8615.03
2024-11-21,-6.37,-6.37,3298.74,516.71,-6.37,-6.37,3298.74,-6903.30
2024-11-22,9508.66,9508.66,5026.30,9202.43,9508.66,9508.66,5026.30,-3884.60
2024-11-25,-3573.20,-3573.20,-5332.17,-3573.20,4583.47,-3573.20,-5332.17,-8413.21
2024-11-27,-6143.17,-3465.73,-1950.80,-1950.80,-8991.39,-4477.27,-1950.80,-8042.56
2024-11-28,563.59,563.59,692.13,1919.25,-727.70,563.59,692.13,2316.55
2024-11-29,2978.43,2978.43,8611.07,5302.75,2978.43,3725.63,8611.07,3053.20
2024-12-02,-2424.27,-2424.27,-2424.27,-2424.27,-2424.27,-2424.27,-1647.06,-5768.32
2024-12-03,-7382.66,-3942.17,-3942.17,-3942.17,-7382.66,-7382.66,-3942.17,-4510.24
2024-12-05,-7623.54,-7623.54,-1919.25,-5691.92,-7623.54,-7623.54,-1919.25,-1629.90
2024-12-06,-1147.49,-1147.49,-1167.62,-1167.62,-1147.49,-1147.49,-506.88,-6762.31
2024-12-09,-7266.17,-7266.17,-1546.26,-1660.91,-7266.17,-7266.17,-1546.26,-3818.19
2024-12-10,-3751.71,-3921.83,-1912.63,-4243.59,-2133.87,-1590.87,-1349.66,-6501.67
2024-12-11,-1293.53,-1293.53,-2922.10,-1750.46,-1293.53,-1293.53,-2922.10,-2988.20
2024-12-13,513.55,513.55,3312.58,513.55,-2158.23,-824.83,3312.58,10329.08
2024-12-16,-5725.72,-5725.72,-4058.08,-4864.43,-4433.50,-5294.79,-4058.08,-1232.59
2024-12-17,-3413.55,-3413.55,-546.80,-3413.55,-3413.55,-3501.77,156.89,3596.78
2024-12-18,-1309.34,-1309.34,921.32,921.32,-1309.34,921.32,921.32,-5103.13
2024-12-19,-1529.12,-1529.12,885.77,-578.46,-2153.31,-1529.12,858.52,-4096.87
2024-12-23,-2167.17,-2167.17,-4490.81,-2167.17,-2167.17,-2167.17,-4490.81,-5312.42
2024-12-24,-3637.25,-3637.25,4494.64,-1124.39,-4075.13,-3637.25,4494.64,-21628.47
2024-12-26,5787.95,5787.95,2596.17,6372.01,5787.95,5787.95,2596.17,-10364.96
2024-12-27,2366.56,2366.56,4634.85,2366.56,2366.56,2366.56,4634.85,-5809.76
2024-12-30,-281.40,-281.40,-3805.62,-3500.50,-1624.03,-1624.03,-3805.62,557.99
2024-12-31,-6686.60,-6151.00,-4422.94,-6822.03,-4112.83,-8696.42,-1877.52,-6461.81
2025-01-01,-11953.36,-11953.36,-11438.26,-10827.50,-11029.60,-11953.36,-11438.26,-8815.35
2025-01-02,1450.82,1450.82,-537.44,-537.44,1450.82,1450.82,-537.44,5093.86
2025-01-03,4284.12,4284.12,3399.82,4284.12,4284.12,4284.12,3399.82,-3929.72
2025-01-06,1690.55,1690.55,-2473.64,-3447.26,1690.55,1690.55,-2473.64,-4206.27
2025-01-07,-7235.67,-10334.59,-2627.98,-5374.56,-7235.67,-10514.95,-5907.26,-5686.81
2025-01-08,1598.27,1598.27,-2060.10,1598.27,723.19,1598.27,-2060.10,2350.25
2025-01-09,-9509.11,-9509.11,-5811.48,-9509.11,-6978.11,-9509.11,-5811.48,-10191.81
2025-01-10,-5808.23,-5808.23,-4064.01,-4313.75,-4313.75,-5808.23,-4064.01,-9056.01
2025-01-14,-2229.01,-2229.01,-2360.40,-5239.59,-2229.01,-2229.01,-2360.40,-8323.96
2025-01-15,-16071.18,-16071.18,-9220.15,-13219.46,-11544.35,-16071.18,-9220.15,-12755.87
2025-01-16,189.46,189.46,189.46,189.46,189.46,189.46,189.46,4158.38
2025-01-17,-4180.86,-4562.30,-2568.53,-4562.30,-4180.86,-4562.30,-2568.53,-10504.24
2025-01-20,-3417.51,-3493.05,-3178.18,-3178.18,-1672.44,-3417.51,-4522.56,-69.37
2025-01-22,-832.30,-738.80,0.00,-738.80,-100.55,-832.30,0.00,-210.42
2025-01-23,-593.24,-593.24,0.82,1245.63,746.47,-593.24,-19.46,5890.53
2025-01-24,-19424.86,-19424.86,-19424.86,-19424.86,-19424.86,-19424.86,-19424.86,-22323.89
2025-01-27,-4145.23,-4145.23,-3386.18,-4145.23,-4145.23,-4145.23,-3386.18,-7658.29
2025-01-28,-12224.39,-12224.39,4870.01,-7260.94,-10111.12,-12224.39,4870.01,-13670.33
2025-01-30,-8984.35,-8984.35,-2931.17,-10266.00,-4389.32,-8984.35,-2931.17,2127.70
2025-01-31,-2981.70,-2981.70,-4622.10,-2981.70,-2084.90,-2981.70,-4622.10,-5824.00
2025-02-01,-11959.00,-14450.23,-6028.20,-8141.04,-11959.00,-11959.00,-6028.20,-7352.40
2025-02-03,4499.12,5913.97,768.06,2787.27,5913.97,4499.12,768.06,1479.06
2025-02-04,3691.68,3691.68,270.91,2718.06,4578.12,4578.12,0.00,1588.68
2025-02-05,-5796.03,-5796.03,-1716.24,-4233.07,-6102.56,-5796.03,-1266.48,-7726.72
2025-02-07,-6621.33,-5977.45,-3148.75,-5977.45,-7032.55,-6621.33,-3148.75,-3654.11
2025-02-10,-7857.43,-2619.07,-7170.18,-7170.18,-7857.43,-7857.43,-1931.83,267.82
2025-02-11,1890.76,3037.05,-3210.00,1890.76,1890.76,1890.76,-2063.70,2669.49
2025-02-12,-21530.23,-21530.23,-10956.72,-14599.90,-11751.17,-17942.38,-10533.92,-4566.42
2025-02-13,2723.04,2723.04,3191.06,3191.06,-2469.67,2723.04,3191.06,1886.48
2025-02-17,3562.58,3562.58,3116.71,3562.58,3562.58,3562.58,3116.71,6088.14
2025-02-18,-5471.14,-5471.14,-4189.74,-5435.10,-3634.87,-5471.14,-4189.74,-11711.88
2025-02-19,-3978.01,-3978.01,-3623.42,-3978.01,-3978.01,-3978.01,-3623.42,-5212.40
2025-02-20,-842.63,-2657.34,-1969.31,-2657.34,-2657.34,-842.63,-1969.31,-3873.43
2025-02-21,-5399.55,-5399.55,-6995.94,-5795.88,-3928.87,-5399.55,-6995.94,-4000.70
2025-02-24,4574.54,3027.22,461.58,694.16,3850.85,4574.54,461.58,1795.03
2025-02-25,-1329.50,-1329.50,-4073.28,-1942.35,-1942.35,-1329.50,-4073.28,-408.78
2025-02-27,-3786.75,-4671.43,-4673.07,-4671.43,-3786.75,-3786.75,-4673.07,-10731.04
2025-02-28,-3313.59,-5666.11,816.34,-3313.59,816.34,-3313.59,-1536.17,-8045.83
2025-03-03,-3268.07,-7129.84,-7264.62,-5375.16,-4717.38,-1953.54,-7264.62,-6143.90
2025-03-04,-5807.43,-5807.43,-5825.74,-5794.59,-5807.43,-5807.43,-5825.74,-12171.22
2025-03-05,1455.62,1455.62,-82.85,-503.84,1455.62,1455.62,-82.85,3722.80
2025-03-06,1580.29,1580.29,0.00,1580.29,1881.11,-300.82,0.00,2418.20
2025-03-07,-3398.04,-3398.04,-3258.18,-3457.92,-2339.27,-2549.93,-3258.18,-4823.06
2025-03-11,-1483.37,-1483.37,-1483.37,-1483.37,-1483.37,-1483.37,-1483.37,-3761.38
2025-03-12,3751.98,8493.38,2782.36,2987.81,3751.98,3751.98,4711.07,5170.35
2025-03-13,-10835.21,-9039.89,-6913.34,-10835.21,-11245.11,-12275.94,-5118.02,-6064.28
2025-03-17,-9388.92,-6284.31,-6730.31,-7735.68,-9480.64,-9388.92,-3625.70,-3327.91
2025-03-19,-375.67,-375.67,-2107.62,-2896.53,-375.67,-375.67,-2107.62,-4007.71
2025-03-20,-4389.66,-4389.66,-543.30,-543.30,-4389.66,-4389.66,-543.30,-8374.50
2025-03-21,1474.45,1474.45,2547.62,156.96,1119.45,1474.45,2547.62,-4616.93
2025-03-24,7012.36,7012.36,7012.36,7012.36,7958.90,7958.90,7012.36,4893.08
2025-03-25,-3292.37,-3292.37,-6741.75,-3903.55,-2722.47,-3292.37,-6741.75,-6102.48
2025-03-27,-4259.49,-7619.05,-3923.06,-6817.69,-4744.08,-4259.49,-3923.06,-6946.25
2025-03-28,-10236.45,-10236.45,-6759.62,-7463.90,-6759.62,-10236.45,-5145.44,-2730.51
2025-04-01,-7132.29,-7132.29,-2676.05,-7132.29,-7132.29,-7132.29,-1669.31,1046.16
2025-04-02,-8373.76,-8373.76,-10609.59,-8394.98,-8373.76,-8373.76,-10609.59,-9193.23
2025-04-04,-4705.71,-4705.71,-3859.19,-3603.60,-3603.60,-4705.71,-3859.19,-3881.79
2025-04-07,-1852.79,-1852.79,0.00,-1852.79,-1852.79,-1852.79,0.00,467.02
2025-04-08,3900.28,484.56,-2033.32,-2033.32,3900.28,3900.28,-2033.32,-9282.69
2025-04-09,-10162.04,-10162.04,-6599.64,-9067.29,-9067.29,-11849.25,-5028.87,-1619.37
2025-04-15,54.46,257.64,54.46,54.46,54.46,54.46,257.64,357.82
2025-04-16,-5888.00,-5888.00,-753.48,-440.88,-6002.84,-5888.00,-753.48,-10615.97
2025-04-17,-1902.59,-1902.59,-1902.59,-1902.59,-4603.67,-1902.59,-1902.59,7836.46
2025-04-21,-3438.85,-1751.33,-1743.70,-3536.71,-3438.85,-3438.85,-1743.70,2397.27
2025-04-22,-6193.02,-6193.02,-2944.20,-3708.51,-5553.80,-6193.02,-2944.20,-252.84
2025-04-23,-10175.55,-12335.91,-5585.19,-10246.25,-7770.20,-9508.30,-7745.55,-5634.86
2025-04-24,-2096.12,-2096.12,730.68,-1072.21,1205.86,-2096.12,730.68,-3337.96
2025-04-25,-7550.57,-7550.57,-12693.85,-7247.63,-5080.92,-7550.57,-10170.70,-13308.93
2025-04-28,2183.33,2183.33,3229.49,-296.32,2476.19,2183.33,3229.49,478.02
2025-04-29,-2632.74,-2632.74,-2742.36,-4447.65,-2398.56,-2632.74,-2963.08,-3499.98
2025-04-30,-2312.53,-3381.94,119.13,-2312.53,-720.58,-2312.53,-950.28,-7234.38
2025-05-02,-14326.56,-14326.56,-12288.39,-14326.56,-11724.92,-14326.56,-12288.39,-17365.73
2025-05-06,-2040.05,-5242.80,-6486.00,-5242.80,-1459.51,-2040.05,-4391.67,-2304.49
2025-05-07,-1840.73,-1840.73,544.57,-3397.22,-389.93,-1840.73,544.57,-2598.37
2025-05-08,4279.47,4279.47,4279.47,4279.47,3523.79,4279.47,4279.47,5059.78
2025-05-09,-619.57,-619.57,-3944.39,-965.34,-624.15,-619.57,-2552.68,-4819.45
2025-05-12,3323.71,3323.71,3323.71,3323.71,0.00,3323.71,3323.71,3323.71
2025-05-14,-2169.15,-1472.83,-696.32,-1146.14,-2169.15,-2169.15,0.00,-3455.74
2025-05-15,384.84,384.84,4394.75,3297.72,-1645.60,384.84,4394.75,-9169.39
2025-05-16,-3179.89,-3179.89,0.00,0.00,-3179.89,-3179.89,0.00,1315.47
2025-05-19,486.57,167.64,-3061.11,-3782.11,486.57,486.57,-3061.11,-5204.46
2025-05-20,134.81,2485.69,-1965.40,-1438.31,-1438.31,134.81,1738.48,-967.39
2025-05-22,-7577.06,771.14,-7577.06,-7577.06,-7577.06,-7577.06,-2779.93,-3671.54
2025-05-23,1175.20,1175.20,839.38,2771.05,1318.34,1175.20,839.38,-1114.21
2025-05-26,-165.86,-165.86,26.99,-165.86,72.51,-165.86,26.99,-1971.00
2025-05-27,-16258.88,-16388.22,-16258.88,-16258.88,-15449.39,-16258.88,-16388.22,-10264.07
2025-05-28,-2414.78,-2414.78,-2695.75,-2421.90,-1263.66,-2414.78,-2695.75,-632.23
2025-05-30,-7565.00,-3349.95,-1839.98,-5295.83,-8108.41,-7565.00,-437.51,-1962.60
2025-06-02,-2080.35,-973.65,-511.83,-555.84,-555.84,-2080.35,-511.83,-6284.81
2025-06-03,-6654.83,-9782.08,-1867.41,-5820.54,-8070.36,-9782.08,-1867.41,-5340.64
2025-06-04,-4013.54,-4013.54,-1079.64,-4013.54,-2442.00,-4013.54,-1079.64,-6249.47
2025-06-05,-5184.70,-5184.70,-6511.90,-5184.70,-5184.70,-5184.70,-6511.90,-10238.69
2025-06-09,-993.77,-993.77,0.00,-993.77,-993.77,-993.77,0.00,-1126.40
2025-06-10,-2975.88,-2975.88,-2029.19,-3111.95,-1914.67,-2975.88,-2029.19,-1246.63
2025-06-11,901.96,901.96,2218.71,3283.80,1187.44,901.96,2218.71,-2239.52
2025-06-12,-1057.03,-1057.03,-1057.03,-1057.03,767.79,-1057.03,-1057.03,-4146.53
2025-06-13,-3266.87,-3266.87,-3689.96,-3660.74,-2083.43,-3266.87,-3689.96,-1821.80
2025-06-16,-773.07,-773.07,-988.92,-2438.47,-773.07,-773.07,-988.92,8.21
2025-06-17,3809.92,3809.92,3451.48,3451.48,-412.80,1939.39,3451.48,4868.11
2025-06-18,-2661.49,-2661.49,-613.63,-3739.03,-3739.03,-2661.49,-613.63,-3807.47
2025-06-19,-2633.42,-4499.41,-2861.25,-2916.05,-2916.05,-2633.42,-4727.24,-3137.15
2025-06-20,-4844.45,-4844.45,-4517.20,-4855.88,-4844.45,-4844.45,-4517.20,-13072.02
2025-06-23,-6957.65,-6957.65,-4979.11,-4979.11,-4686.36,-4686.36,-4979.11,-5463.51
2025-06-24,-5275.93,-1165.37,-4309.76,-5275.93,-1996.53,-5275.93,-199.20,138.00
2025-06-25,-3462.18,-3462.18,-1228.92,-1228.92,-2192.30,-3462.18,-1228.92,-5270.19
2025-06-26,-6224.43,-6224.43,-4346.18,-4346.18,-2057.62,-2967.45,-6391.73,-8290.00
2025-06-27,-2349.41,-2349.41,0.00,-1958.87,-390.54,-2349.41,0.00,2825.55
2025-07-01,-4698.79,-4698.79,-4580.70,-4698.79,-4832.49,-4698.79,-4580.70,-5347.43
2025-07-02,-8577.60,-4224.02,-1867.37,-6665.75,-8577.60,-8577.60,-1911.04,-8479.82
2025-07-03,2970.23,2970.23,-3484.41,-4096.49,-1080.99,2970.23,-3484.41,99.51
2025-07-04,2689.99,2689.99,1816.53,1816.53,851.62,1816.53,1816.53,-7645.43
2025-07-07,-4614.61,-4614.61,-4730.59,-3488.07,-2611.59,-4722.27,-4730.59,-7069.94
2025-07-09,-2369.29,-2369.29,-2456.63,-2369.29,-980.59,-2369.29,-2456.63,-5324.31
2025-07-10,-7397.37,-7397.37,-4604.34,-7397.37,-5743.00,-5743.00,-4604.34,-8572.69
2025-07-11,-3943.84,-3943.84,-776.76,-2426.91,-2426.91,-3943.84,-776.76,-2071.43
2025-07-14,-6275.84,-4379.77,-7636.00,-7636.00,-3168.79,-3168.79,-6137.09,-581.99
2025-07-15,-9920.63,-9920.63,-6740.93,-8814.28,-9920.63,-9920.63,-6740.93,-11532.14
2025-07-17,1968.62,1820.57,2437.07,-512.19,1968.62,1968.62,2437.07,3350.13
2025-07-18,-5004.04,-5004.04,-391.22,-6028.28,-2558.10,-5004.04,-391.22,-1037.86
2025-07-21,-3312.57,-3312.57,-2739.09,-2972.62,-202.42,-3312.57,-2739.09,-2800.39
2025-07-22,-2927.37,-2927.37,-1282.02,-251.54,-2927.37,-2927.37,-1282.02,-661.55
2025-07-23,713.55,2088.52,-104.15,2088.52,452.02,713.55,-104.15,-6015.66
2025-07-25,-3007.98,-3007.98,-1270.00,-3007.98,-3007.98,-3007.98,-1270.00,4236.29
2025-07-28,106.20,106.20,862.16,-3949.72,106.20,106.20,862.16,-4242.50
2025-07-29,5538.55,5538.55,126.36,6049.62,4088.09,5319.92,126.36,-2201.59
2025-07-30,-3745.90,-3745.90,-5940.30,-3745.90,-2789.91,-3745.90,-5940.30,-10470.23
2025-07-31,-9776.20,-9776.20,-4602.26,-12279.92,-2238.82,-9776.20,-6279.47,-8851.13
2025-08-04,3924.54,3924.54,-813.56,3924.54,3924.54,3924.54,-813.56,6017.70
2025-08-05,-8227.89,-8227.89,-6393.83,-6573.89,-2144.12,-6573.89,-6393.83,-13682.00
2025-08-06,-7247.75,-6508.24,-3995.34,-6906.10,-6485.62,-7645.61,-1781.08,-14032.77
2025-08-07,4244.00,4244.00,2198.19,5525.63,3086.30,4244.00,2198.19,4870.51
2025-08-08,2931.07,2931.07,2931.07,2931.07,2931.07,2706.49,2931.07,1209.04
2025-08-11,-2043.34,-2043.34,-6455.88,-4582.30,-3070.61,-4582.30,-6455.88,-3699.78
2025-08-12,-6263.82,-6263.82,-5763.41,-6302.34,-5838.95,-6263.82,-5763.41,-10799.83
2025-08-13,-9243.95,-10326.40,-10795.17,-10795.17,-7530.74,-9243.95,-10795.17,-6007.33
2025-08-14,-3352.43,-3352.43,4352.28,4235.86,-3352.43,-3352.43,3148.49,-2643.53
2025-08-18,-6295.85,-3515.23,-2780.62,-6295.85,-6295.85,-6295.85,0.00,-1489.76
2025-08-19,-4877.63,-4877.63,-4616.37,-4427.57,-4877.63,-4877.63,-4616.37,-4976.14
2025-08-20,1805.54,1916.57,2858.18,1916.57,274.21,1805.54,2858.18,3613.28
2025-08-21,-4573.53,-4604.01,-3898.33,-4604.01,-5542.53,-4573.53,-3898.33,-7663.65
2025-08-22,360.24,360.24,1294.54,360.24,360.24,360.24,1294.54,-3570.44
2025-08-26,-4999.23,-4936.92,-2761.63,-3304.88,-3304.88,-4999.23,-1046.71,-4400.21
2025-08-28,-10185.30,-10185.30,-7050.76,-7050.76,-5680.73,-8431.74,-7050.76,-2335.07
2025-08-29,-7051.96,-7051.96,-5220.23,-3788.56,-2683.65,-7051.96,-5220.23,-13148.51
2025-09-01,-3989.79,-4291.44,-3224.05,-6026.34,-5791.10,-3989.79,-3525.70,-733.42
2025-09-03,-1983.68,-141.94,838.05,-986.39,-1983.68,-1983.68,1839.25,-327.43
2025-09-04,1725.15,1725.15,413.31,-397.72,1725.15,1725.15,413.31,-808.33
2025-09-05,-6401.54,-6401.54,-5199.88,-4723.62,-4184.06,-6401.54,-5199.88,-9608.82
2025-09-08,2996.61,2996.61,1685.73,2996.61,2996.61,2996.61,1685.73,-1740.26
2025-09-09,849.16,849.16,-1900.84,-1215.71,-1215.71,849.16,-1900.84,-3783.62
2025-09-11,3276.46,-373.56,1880.57,2202.94,931.14,-513.91,115.17,-2631.08
2025-09-12,-4906.29,-1801.31,-1298.15,142.33,-4906.29,-4906.29,-1298.15,-4697.46
2025-09-15,502.48,502.48,303.34,502.48,387.20,502.48,303.34,-371.04
2025-09-16,-1705.50,-1705.50,-5090.49,-5090.49,-93.87,-1705.50,-5090.49,-1548.35
2025-09-17,-194.83,252.17,539.57,-194.83,-194.83,-194.83,539.57,-939.41
2025-09-19,926.68,-432.29,-691.04,879.33,-98.17,926.68,-2050.01,-4470.05
2025-09-22,712.72,712.72,0.00,712.72,712.72,712.72,0.00,1188.16
2025-09-23,-4480.29,-4480.29,-1231.28,-4480.29,-2887.88,-4858.05,-1231.28,579.71
2025-09-24,-4669.78,-4421.61,-5510.59,-4669.78,-4669.78,-6642.92,-5262.41,-5768.18
2025-09-25,-4372.34,-4372.34,-5772.38,-6150.33,-5035.29,-4372.34,-3983.53,-9879.76
2025-09-29,447.48,1769.95,-1000.71,-1069.56,-3091.94,447.48,-76.12,-8978.26
2025-09-30,1434.31,1434.31,1741.20,1741.20,1434.31,1434.31,1741.20,1981.23
2025-10-01,-7949.81,-7949.81,-3259.51,-5969.17,-9763.40,-10665.27,-3259.51,-3102.27
2025-10-03,3131.02,3131.02,3131.02,3131.02,3131.02,3131.02,3131.02,-436.61
2025-10-06,-331.37,-331.37,-3058.30,-190.93,-862.43,-331.37,-3058.30,-2972.64
2025-10-07,-2951.38,-709.86,-676.49,-2951.38,-2951.38,-2951.38,-676.49,-2476.87
2025-10-08,-5704.08,-5704.08,-6771.87,-5704.08,-3718.97,-5704.08,-6771.87,-1242.34
2025-10-09,469.77,-568.53,123.80,186.91,406.67,469.77,123.80,-4055.83
2025-10-10,-853.54,-4553.30,-1945.35,-1945.35,-500.91,-1945.35,-4553.30,-1018.67
2025-10-13,-2266.05,-2266.05,2200.06,1598.38,-3786.58,-2266.05,2200.06,-3350.35
2025-10-14,6523.39,6523.39,3306.12,4828.60,6553.76,6523.39,5116.44,2977.98
2025-10-15,-3070.85,-2856.11,-3027.52,-2856.11,-1436.71,-3070.85,-3027.52,-1674.64
2025-10-16,-3702.29,-3702.29,-3702.29,-3702.29,-3702.29,-3702.29,-3702.29,-7519.92
2025-10-17,951.85,951.85,-199.40,-352.25,951.85,951.85,-199.40,-76.56
2025-10-21,-8284.90,-4051.79,-8284.90,-8284.90,-8284.90,-8284.90,-4051.79,-10087.86
2025-10-23,2236.43,2236.43,654.97,2236.43,2236.43,2236.43,1457.50,4731.66
2025-10-24,-1615.06,-1615.06,-2161.34,-2161.34,-1615.06,-1615.06,-2161.34,-1683.16
2025-10-27,-113.20,129.37,609.88,609.88,-113.20,-113.20,852.46,-2417.81
2025-10-29,-342.39,-342.39,-1070.62,-342.39,1934.83,-342.39,-1070.62,1331.28
2025-10-30,-10110.86,-12047.21,-6765.70,-6953.09,-6308.28,-12047.21,-6765.70,-10330.36
2025-10-31,-1152.23,-1152.23,-2733.69,-1179.77,-1152.23,-1152.23,-2733.69,-5474.76
2025-11-03,-8476.43,-8476.43,-8324.51,-7089.25,-3193.87,-8476.43,-8324.51,-12924.01
2025-11-04,-1562.05,-1562.05,1226.41,-955.80,-1562.05,-1562.05,1226.41,3106.10
2025-11-06,58.88,1879.04,4020.50,4066.67,2246.51,58.88,4020.50,-1894.01
2025-11-07,10848.06,10848.06,1887.79,1886.58,3887.62,7559.33,1887.79,8700.25
2025-11-10,-467.77,-467.77,-1744.84,-467.77,-412.23,-467.77,-1744.84,-4036.73
2025-11-11,-12015.94,-12015.94,-5485.50,-8178.85,-10037.77,-10122.46,-3592.02,13956.16
2025-11-12,-4728.27,-4728.27,-985.93,-3117.81,-4728.27,-5060.28,-985.93,510.56
2025-11-14,-5641.92,-5641.92,-449.92,-5549.35,-3454.44,-5641.92,-449.92,-5894.75
2025-11-17,-6553.34,-6509.62,-3692.35,-4329.44,-5859.78,-6553.34,-3692.35,-5928.20
2025-11-18,1511.17,2169.15,4285.57,3656.51,-116.04,-116.04,4285.57,-4747.99
2025-11-19,1934.76,1934.76,1580.06,1568.48,1568.48,1934.76,1580.06,-2784.01
2025-11-20,-1647.99,-1647.99,-3003.64,-3003.64,-1647.99,-1647.99,-3003.64,-854.14
2025-11-24,-3500.14,-3862.52,-3862.52,-3862.52,-3500.14,-3862.52,-3862.52,61.61
2025-11-25,-6694.49,-6694.49,-3933.31,-6185.84,-6694.49,-6694.49,-3933.31,-10558.35
2025-11-26,-116.26,-116.26,-116.26,-116.26,-116.26,-116.26,-116.26,707.63
2025-11-27,-10131.47,-10131.47,-1314.15,-9472.11,-7345.69,-10131.47,-1314.15,-4872.85
2025-11-28,-5034.13,-5034.13,-1519.20,-3657.01,-5159.11,-5034.13,-1519.20,-6451.06
2025-12-01,-4996.70,-4998.13,-5653.75,-4018.30,-4998.13,-4996.70,-4423.68,-1033.08
2025-12-02,-3623.84,-3086.26,-624.46,-3088.26,-3623.84,-3086.26,-86.88,-953.73
2025-12-03,-5922.12,-5922.12,-2348.45,-5922.12,-4699.29,-5922.12,-2348.45,-2114.10
2025-12-04,-763.13,-763.13,981.30,1095.68,981.30,-1.07,981.30,-11167.61
2025-12-05,-7537.44,-7537.44,2416.67,-2054.74,-635.31,-7537.44,2416.67,257.68
2025-12-08,199.76,199.76,634.89,1086.65,-370.98,199.76,634.89,6304.82
2025-12-09,-4448.98,-4448.98,-2672.08,-886.52,-2132.99,-4448.98,-2672.08,6282.57
2025-12-10,-4115.97,-4328.84,-4115.97,-4115.97,-4228.51,-4115.97,-4328.84,-7208.90
2025-12-11,-14888.52,-14888.52,-12673.44,-14786.86,-15783.87,-14888.52,-10836.33,-19426.03
2025-12-12,-292.97,-292.97,-292.97,-292.97,-1979.07,-292.97,-292.97,4633.42
2025-12-16,-1196.09,-1196.09,-1785.60,-2023.79,-1102.06,-1196.09,-1052.19,-3264.37
2025-12-17,-2703.09,-2703.09,-1040.11,-1513.21,-1513.21,-2494.52,-1040.11,-2798.99
2025-12-18,-8943.76,-8943.76,-5900.09,-8631.84,-7572.91,-8943.76,-5900.09,-11084.17
2025-12-19,2013.29,2013.29,1883.46,2013.29,3286.30,2013.29,1883.46,-4335.10
2025-12-22,-1819.67,-1819.67,359.38,-1081.93,-1081.93,-1819.67,359.35,-5927.71
2025-12-24,-5030.40,-5080.05,-4940.36,-5600.63,-4444.69,-5030.40,-4940.36,-3696.49
2025-12-26,-2796.97,-2796.97,-2292.08,-3494.70,-2796.97,-2796.97,-1613.00,-7368.81
2025-12-29,-877.91,-877.91,-2630.09,-2174.45,-2439.28,-1995.68,-2630.09,-1134.54
2025-12-30,967.79,967.79,150.62,2449.45,967.79,613.38,150.62,-2008.17
2026-01-01,1277.10,-179.73,2766.87,1277.10,1277.10,1277.10,1310.04,-140.38
2026-01-02,-2369.28,-2369.28,-1630.17,-2369.28,-2541.58,-2369.28,-1630.17,-6940.84
2026-01-05,-4718.14,-4718.14,-3505.66,-5716.99,-4718.14,-4718.14,-3505.66,-4141.89
2026-01-06,-4248.07,-5120.10,-6617.07,-7510.43,-3037.20,-2165.16,-6617.07,-9157.76
2026-01-07,2341.45,1144.68,-315.56,3464.52,1262.80,2341.45,-315.56,3682.52
2026-01-09,3922.83,3922.83,1944.48,2089.94,3922.83,1978.35,1944.48,315.59
2026-01-12,1758.84,1758.84,68.02,746.84,-290.20,1758.84,1312.62,11461.55
2026-01-13,-8712.24,-8712.24,-8717.75,-10034.72,-7395.27,-7395.27,-8717.75,-3497.17
2026-01-14,-2782.90,-2782.90,-3455.04,-2782.90,-2782.90,-2782.90,-3455.04,-2961.62
2026-01-19,-4253.67,-4253.67,-2789.75,-2811.93,-3514.64,-4253.67,-2789.75,-4518.01
2026-01-20,-3407.32,-3407.32,-2286.62,-2286.62,-2450.22,-3407.32,-2286.62,-1.57
2026-01-21,-6759.00,-6759.00,-6029.65,-6029.65,-6759.00,-6759.00,-4843.18,-22550.29
2026-01-22,-6154.79,-5292.87,-6198.62,-6198.62,-6154.79,-6154.79,-5292.87,-3527.07
2026-01-23,5440.94,5440.94,5753.53,6274.51,5906.28,5440.94,7789.06,5188.91
2026-01-27,-9136.07,-9136.07,-7502.74,-9136.07,-9136.07,-9136.07,-7502.74,-13878.68
2026-01-28,-857.55,-857.55,1768.48,1768.48,-857.55,-857.55,1768.48,-2888.05
2026-01-29,-4332.04,-4332.04,-4332.04,-4332.04,-4332.04,-4332.04,-4332.04,-6585.58
2026-01-30,-8235.79,-5901.09,-4189.44,-4189.44,-6047.77,-8235.79,-2914.89,-11363.85
2026-02-02,2824.98,2824.98,-1029.15,2824.98,2824.98,2824.98,-1029.15,4698.35
2026-02-03,-775.93,0.00,0.00,0.00,-775.93,-775.93,0.00,1723.71
2026-02-04,-1223.42,-1223.42,-982.65,-982.65,-1223.42,-1223.42,-982.65,-4140.24
2026-02-05,-6869.46,-6869.46,-636.96,280.88,-6869.46,-6869.46,-636.96,-327.00
2026-02-06,-3895.43,-3765.32,-3687.53,-6442.86,-501.74,-3895.43,-3687.53,-7930.41
2026-02-10,1557.60,1557.60,2652.46,1557.60,1557.60,-1094.86,2652.46,-6335.53
2026-02-11,-6010.45,-6010.45,-891.96,-6273.05,-6572.94,-6010.45,-891.96,-1993.59
2026-02-12,-2866.64,-3779.11,-2313.99,-2581.68,-1998.15,-2628.32,-2313.99,-3100.65
2026-02-13,2603.16,2603.16,2603.16,2603.16,90.45,90.45,2603.16,-4000.66
2026-02-16,7541.06,7541.06,2935.19,4085.73,7541.06,6568.00,2935.19,5981.12
2026-02-18,-544.92,0.00,0.00,0.00,-544.92,-544.92,0.00,-3097.96
2026-02-19,8723.03,8723.03,4111.13,4588.92,6079.24,8678.91,6002.76,603.63
2026-02-20,-3976.25,-940.73,-2086.40,-2253.03,-3809.62,-940.73,949.11,1313.51
2026-02-23,-2625.10,-2625.10,-5424.39,-2625.10,645.01,-964.45,-5424.39,-3362.08
2026-02-24,-5482.15,-5482.15,-3515.08,-6994.37,-5135.53,-5135.53,-3515.08,-3397.12
2026-02-26,-7413.81,-1566.64,-3910.41,-3910.41,-7413.81,-6393.30,-3910.41,-468.11
2026-02-27,-8365.95,-8365.95,-2700.50,-6565.90,-6607.88,-8365.95,-1271.13,-11313.92
2026-03-02,-2880.12,-2880.12,-2880.12,-2880.12,-2880.12,-2880.12,-2880.12,-183.44
2026-03-04,376.16,376.16,376.16,376.16,376.16,376.16,376.16,2637.58
2026-03-06,-3235.68,-3235.68,-2937.97,-2937.97,-3000.05,-3235.68,-2937.97,-238.60
2026-03-09,-4147.55,-4147.55,-3202.45,-4147.55,-3202.45,-4147.55,-3202.45,-2562.70
2026-03-10,1288.30,3163.78,-469.55,2049.26,1288.30,3089.93,-469.55,1044.21
2026-03-11,15298.06,15298.06,11547.46,13834.94,15298.06,15298.06,11547.46,21860.31
2026-03-12,-4053.90,-4053.90,-1471.89,-4053.90,-3341.65,-4053.90,-1471.89,-3218.90
