label,series,cons,action,freq,n,exit,offset,tax,cash_y,rt,w0_cagr,w0_dd,w0_sharpe,w0_calmar,wa_cagr,wa_dd,wa_sharpe,wa_calmar,w1_cagr,w1_dd,w1_sharpe,w1_calmar,w2_cagr,w2_dd,w2_sharpe,w2_calmar,fills,donch_exits,gate_events,cost_pct,tax_pct,avg_inv,secs
C_NIFTYBEES_sma100_n5_donch10_tax0,NIFTYBEES,sma100,cash,weekly,5,donch10,0,0,0.065,0.003,23.63,-25.35,1.33,0.93,25.6,-25.35,1.42,1.01,17.72,-23.46,1.01,0.75,35.46,-25.35,1.73,1.4,159,579,42,728.6,0.0,0.35,0.8
C_NIFTYBEES_sma100_n5_donch10_tax1,NIFTYBEES,sma100,cash,weekly,5,donch10,0,1,0.065,0.003,19.56,-31.52,1.12,0.62,21.1,-31.52,1.19,0.67,13.43,-28.87,0.78,0.47,29.48,-31.52,1.46,0.94,159,579,42,430.0,1007.9,0.35,0.1
C_NIFTYBEES_sma100_n5_donch15_tax0,NIFTYBEES,sma100,cash,weekly,5,donch15,0,0,0.065,0.003,26.57,-23.15,1.34,1.15,30.67,-23.15,1.52,1.32,23.75,-19.17,1.22,1.24,37.99,-23.15,1.7,1.64,159,446,42,751.8,0.0,0.43,0.6
C_NIFTYBEES_sma100_n5_donch15_tax1,NIFTYBEES,sma100,cash,weekly,5,donch15,0,1,0.065,0.003,22.13,-25.52,1.14,0.87,25.44,-25.52,1.28,1.0,19.12,-25.52,1.0,0.75,31.58,-25.3,1.44,1.25,159,446,42,435.1,1316.9,0.43,0.1
C_NIFTYBEES_sma100_n5_donch20_tax0,NIFTYBEES,sma100,cash,weekly,5,donch20,0,0,0.065,0.003,29.07,-24.5,1.37,1.19,31.3,-24.5,1.49,1.28,26.8,-21.56,1.3,1.24,37.53,-24.5,1.63,1.53,159,338,42,971.5,0.0,0.48,0.6
C_NIFTYBEES_sma100_n5_donch20_tax1,NIFTYBEES,sma100,cash,weekly,5,donch20,0,1,0.065,0.003,24.2,-27.75,1.16,0.87,26.05,-27.75,1.26,0.94,21.9,-27.75,1.08,0.79,31.21,-27.63,1.38,1.13,159,338,42,527.2,1865.2,0.48,0.1
C_NIFTYBEES_sma100_n5_donch25_tax0,NIFTYBEES,sma100,cash,weekly,5,donch25,0,0,0.065,0.003,29.13,-27.87,1.33,1.05,30.57,-27.87,1.41,1.1,22.11,-27.87,1.07,0.79,36.82,-27.08,1.55,1.36,159,260,42,968.7,0.0,0.51,0.8
C_NIFTYBEES_sma100_n5_donch25_tax1,NIFTYBEES,sma100,cash,weekly,5,donch25,0,1,0.065,0.003,24.25,-33.23,1.13,0.73,25.48,-33.23,1.19,0.77,17.65,-33.23,0.88,0.53,30.8,-29.49,1.32,1.04,159,260,42,515.2,1915.2,0.51,0.1
C_NIFTYBEES_sma100_n5_none_tax0,NIFTYBEES,sma100,cash,weekly,5,none,0,0,0.065,0.003,30.39,-36.99,1.22,0.82,32.68,-36.99,1.34,0.88,28.65,-26.11,1.16,1.1,29.07,-36.99,1.2,0.79,159,0,42,837.1,0.0,0.6,0.0
C_NIFTYBEES_sma100_n5_none_tax1,NIFTYBEES,sma100,cash,weekly,5,none,0,1,0.065,0.003,25.5,-37.18,1.05,0.69,27.5,-37.18,1.14,0.74,23.56,-26.11,0.98,0.9,24.31,-37.18,1.02,0.65,159,0,42,437.8,2687.2,0.61,0.1
C_NIFTYBEES_sma100_n5_atr20_tax0,NIFTYBEES,sma100,cash,weekly,5,atr20,0,0,0.065,0.003,18.61,-37.35,1.12,0.5,17.85,-37.35,1.1,0.48,10.71,-33.8,0.7,0.32,22.99,-37.35,1.27,0.62,159,658,42,505.6,0.0,0.33,0.6
C_NIFTYBEES_sma100_n5_atr20_tax1,NIFTYBEES,sma100,cash,weekly,5,atr20,0,1,0.065,0.003,15.06,-41.3,0.93,0.36,14.24,-41.3,0.9,0.34,7.13,-37.07,0.49,0.19,18.34,-41.3,1.05,0.44,159,658,42,322.7,543.8,0.33,0.1
C_NIFTYBEES_sma100_n5_smatr50_tax0,NIFTYBEES,sma100,cash,weekly,5,smatr50,0,0,0.065,0.003,23.57,-28.08,1.2,0.84,27.0,-28.08,1.35,0.96,24.42,-28.08,1.26,0.87,30.86,-27.79,1.43,1.11,159,353,42,487.9,0.0,0.45,0.6
C_NIFTYBEES_sma100_n5_smatr50_tax1,NIFTYBEES,sma100,cash,weekly,5,smatr50,0,1,0.065,0.003,19.51,-34.04,1.01,0.57,22.32,-34.04,1.14,0.66,20.09,-34.04,1.05,0.59,25.59,-30.1,1.21,0.85,159,353,42,291.9,901.1,0.45,0.1
C_NIFTYBEES_sma100_n5_smatr100_tax0,NIFTYBEES,sma100,cash,weekly,5,smatr100,0,0,0.065,0.003,29.45,-39.75,1.29,0.74,32.89,-39.75,1.43,0.83,28.55,-29.44,1.27,0.97,32.48,-39.75,1.37,0.82,159,168,42,873.8,0.0,0.54,0.7
C_NIFTYBEES_sma100_n5_smatr100_tax1,NIFTYBEES,sma100,cash,weekly,5,smatr100,0,1,0.065,0.003,24.6,-40.94,1.1,0.6,27.49,-40.94,1.22,0.67,23.61,-35.25,1.07,0.67,26.81,-40.94,1.16,0.65,159,168,42,465.8,2320.7,0.54,0.1
C_NIFTYBEES_sma100_n8_donch10_tax0,NIFTYBEES,sma100,cash,weekly,8,donch10,0,0,0.065,0.003,20.59,-21.66,1.34,0.95,21.55,-21.66,1.41,0.99,13.67,-20.48,0.97,0.67,28.81,-17.35,1.64,1.66,159,936,42,479.7,0.0,0.35,0.0
C_NIFTYBEES_sma100_n8_donch10_tax1,NIFTYBEES,sma100,cash,weekly,8,donch10,0,1,0.065,0.003,17.08,-26.73,1.13,0.64,17.72,-26.73,1.17,0.66,10.21,-25.63,0.74,0.4,24.12,-22.92,1.41,1.05,159,936,42,305.2,577.4,0.35,0.1
C_NIFTYBEES_sma100_n8_donch15_tax0,NIFTYBEES,sma100,cash,weekly,8,donch15,0,0,0.065,0.003,23.41,-20.86,1.34,1.12,25.26,-17.1,1.46,1.48,19.25,-16.39,1.21,1.17,32.87,-16.47,1.65,2.0,159,723,42,504.7,0.0,0.43,0.0
C_NIFTYBEES_sma100_n8_donch15_tax1,NIFTYBEES,sma100,cash,weekly,8,donch15,0,1,0.065,0.003,19.48,-23.67,1.13,0.82,20.9,-23.67,1.22,0.88,15.28,-23.02,0.96,0.66,27.3,-18.37,1.41,1.49,159,723,42,312.2,833.8,0.43,0.1
C_NIFTYBEES_sma100_n8_donch20_tax0,NIFTYBEES,sma100,cash,weekly,8,donch20,0,0,0.065,0.003,24.85,-22.6,1.33,1.1,26.47,-19.49,1.43,1.36,20.08,-19.49,1.18,1.03,34.5,-18.99,1.64,1.82,159,562,42,541.4,0.0,0.48,0.0
C_NIFTYBEES_sma100_n8_donch20_tax1,NIFTYBEES,sma100,cash,weekly,8,donch20,0,1,0.065,0.003,20.67,-25.96,1.12,0.8,21.95,-25.96,1.2,0.85,16.12,-25.96,0.96,0.62,28.67,-21.57,1.39,1.33,159,562,42,321.7,1028.7,0.48,0.1
C_NIFTYBEES_sma100_n8_donch25_tax0,NIFTYBEES,sma100,cash,weekly,8,donch25,0,0,0.065,0.003,25.38,-30.51,1.3,0.83,25.5,-30.51,1.34,0.84,14.94,-30.51,0.89,0.49,33.48,-19.75,1.56,1.7,159,436,42,556.9,0.0,0.5,0.0
C_NIFTYBEES_sma100_n8_donch25_tax1,NIFTYBEES,sma100,cash,weekly,8,donch25,0,1,0.065,0.003,21.07,-35.43,1.1,0.59,21.12,-35.43,1.13,0.6,11.42,-35.43,0.7,0.32,27.9,-21.56,1.33,1.29,159,436,42,321.8,1118.3,0.51,0.1
C_NIFTYBEES_sma100_n8_none_tax0,NIFTYBEES,sma100,cash,weekly,8,none,0,0,0.065,0.003,28.75,-31.44,1.28,0.91,28.71,-31.44,1.32,0.91,17.5,-31.44,0.87,0.56,30.45,-28.6,1.32,1.06,159,0,42,617.5,0.0,0.6,0.0
C_NIFTYBEES_sma100_n8_none_tax1,NIFTYBEES,sma100,cash,weekly,8,none,0,1,0.065,0.003,24.1,-36.29,1.1,0.66,24.11,-36.29,1.13,0.66,13.21,-36.29,0.68,0.36,25.47,-31.68,1.13,0.8,159,0,42,340.6,1980.6,0.6,0.1
C_NIFTYBEES_sma100_n8_atr20_tax0,NIFTYBEES,sma100,cash,weekly,8,atr20,0,0,0.065,0.003,16.53,-29.94,1.14,0.55,16.15,-29.94,1.14,0.54,10.55,-29.86,0.79,0.35,19.22,-28.54,1.23,0.67,159,1051,42,360.0,0.0,0.33,0.0
C_NIFTYBEES_sma100_n8_atr20_tax1,NIFTYBEES,sma100,cash,weekly,8,atr20,0,1,0.065,0.003,13.46,-34.01,0.95,0.4,12.94,-34.01,0.94,0.38,7.35,-33.94,0.57,0.22,15.47,-32.1,1.02,0.48,159,1051,42,244.3,348.3,0.33,0.1
C_NIFTYBEES_sma100_n8_smatr50_tax0,NIFTYBEES,sma100,cash,weekly,8,smatr50,0,0,0.065,0.003,22.39,-30.01,1.26,0.75,23.22,-30.01,1.32,0.77,17.82,-30.01,1.11,0.59,28.28,-17.81,1.45,1.59,159,567,42,413.4,0.0,0.45,0.0
C_NIFTYBEES_sma100_n8_smatr50_tax1,NIFTYBEES,sma100,cash,weekly,8,smatr50,0,1,0.065,0.003,18.55,-35.6,1.06,0.52,19.12,-35.6,1.1,0.54,14.34,-35.6,0.9,0.4,23.49,-21.45,1.23,1.1,159,567,42,255.5,726.1,0.45,0.1
C_NIFTYBEES_sma100_n8_smatr100_tax0,NIFTYBEES,sma100,cash,weekly,8,smatr100,0,0,0.065,0.003,26.33,-29.56,1.31,0.89,26.92,-29.56,1.39,0.91,17.93,-29.56,0.99,0.61,32.47,-23.23,1.54,1.4,159,284,42,539.9,0.0,0.54,0.0
C_NIFTYBEES_sma100_n8_smatr100_tax1,NIFTYBEES,sma100,cash,weekly,8,smatr100,0,1,0.065,0.003,22.2,-34.59,1.12,0.64,22.74,-34.59,1.18,0.66,14.36,-34.59,0.81,0.42,27.53,-25.56,1.33,1.08,159,284,42,316.1,1311.3,0.54,0.1
C_NIFTYBEES_sma100_n10_donch10_tax0,NIFTYBEES,sma100,cash,weekly,10,donch10,0,0,0.065,0.003,20.37,-22.31,1.38,0.91,21.4,-22.31,1.46,0.96,11.62,-21.29,0.92,0.55,27.49,-19.17,1.63,1.43,159,1169,42,464.8,0.0,0.35,0.0
C_NIFTYBEES_sma100_n10_donch10_tax1,NIFTYBEES,sma100,cash,weekly,10,donch10,0,1,0.065,0.003,16.93,-27.1,1.16,0.62,17.63,-27.1,1.21,0.65,8.54,-26.15,0.69,0.33,23.11,-24.19,1.4,0.96,159,1169,42,298.6,539.4,0.35,0.1
C_NIFTYBEES_sma100_n10_donch15_tax0,NIFTYBEES,sma100,cash,weekly,10,donch15,0,0,0.065,0.003,23.19,-20.62,1.39,1.12,24.73,-20.22,1.49,1.22,15.43,-18.91,1.09,0.82,31.46,-18.53,1.63,1.7,159,902,42,504.4,0.0,0.42,0.0
C_NIFTYBEES_sma100_n10_donch15_tax1,NIFTYBEES,sma100,cash,weekly,10,donch15,0,1,0.065,0.003,19.28,-25.94,1.17,0.74,20.41,-25.94,1.24,0.79,12.01,-24.71,0.86,0.49,26.18,-21.28,1.39,1.23,159,902,42,312.1,811.5,0.42,0.1
C_NIFTYBEES_sma100_n10_donch20_tax0,NIFTYBEES,sma100,cash,weekly,10,donch20,0,0,0.065,0.003,24.54,-25.3,1.35,0.97,25.35,-25.3,1.43,1.0,16.23,-24.52,1.06,0.66,33.3,-20.22,1.61,1.65,159,712,42,524.7,0.0,0.47,0.1
C_NIFTYBEES_sma100_n10_donch20_tax1,NIFTYBEES,sma100,cash,weekly,10,donch20,0,1,0.065,0.003,20.35,-30.93,1.14,0.66,20.91,-30.93,1.2,0.68,12.64,-30.21,0.84,0.42,27.58,-22.82,1.37,1.21,159,712,42,312.4,986.3,0.47,0.1
C_NIFTYBEES_sma100_n10_donch25_tax0,NIFTYBEES,sma100,cash,weekly,10,donch25,0,0,0.065,0.003,25.41,-32.39,1.34,0.78,24.87,-32.39,1.37,0.77,11.83,-32.39,0.79,0.37,33.59,-21.0,1.58,1.6,159,558,42,561.8,0.0,0.5,0.1
C_NIFTYBEES_sma100_n10_donch25_tax1,NIFTYBEES,sma100,cash,weekly,10,donch25,0,1,0.065,0.003,21.08,-36.76,1.13,0.57,20.56,-36.76,1.15,0.56,8.68,-36.76,0.6,0.24,27.97,-23.58,1.34,1.19,159,558,42,324.9,1127.6,0.5,0.1
C_NIFTYBEES_sma100_n10_none_tax0,NIFTYBEES,sma100,cash,weekly,10,none,0,0,0.065,0.003,28.4,-34.74,1.29,0.82,27.54,-34.74,1.32,0.79,14.26,-34.74,0.76,0.41,31.57,-25.97,1.41,1.22,159,0,42,554.0,0.0,0.6,0.0
C_NIFTYBEES_sma100_n10_none_tax1,NIFTYBEES,sma100,cash,weekly,10,none,0,1,0.065,0.003,23.84,-39.75,1.11,0.6,23.21,-39.75,1.13,0.58,10.42,-39.75,0.58,0.26,26.72,-29.81,1.22,0.9,159,0,42,308.5,1805.2,0.6,0.1
C_NIFTYBEES_sma100_n10_atr20_tax0,NIFTYBEES,sma100,cash,weekly,10,atr20,0,0,0.065,0.003,17.08,-29.77,1.22,0.57,16.27,-29.77,1.21,0.55,9.02,-29.23,0.75,0.31,19.29,-24.1,1.28,0.8,159,1303,42,389.1,0.0,0.33,0.0
C_NIFTYBEES_sma100_n10_atr20_tax1,NIFTYBEES,sma100,cash,weekly,10,atr20,0,1,0.065,0.003,13.99,-33.74,1.02,0.41,13.14,-33.74,0.99,0.39,6.11,-33.24,0.53,0.18,15.69,-27.26,1.07,0.58,159,1303,42,261.9,361.9,0.33,0.1
C_NIFTYBEES_sma100_n10_smatr50_tax0,NIFTYBEES,sma100,cash,weekly,10,smatr50,0,0,0.065,0.003,23.87,-33.82,1.35,0.71,23.13,-33.82,1.37,0.68,13.54,-33.82,0.92,0.4,30.97,-18.52,1.58,1.67,159,727,42,513.2,0.0,0.44,0.0
C_NIFTYBEES_sma100_n10_smatr50_tax1,NIFTYBEES,sma100,cash,weekly,10,smatr50,0,1,0.065,0.003,19.77,-38.65,1.14,0.51,19.07,-38.65,1.14,0.49,10.47,-38.65,0.73,0.27,25.89,-23.22,1.35,1.12,159,727,42,306.6,896.2,0.45,0.1
C_NIFTYBEES_sma100_n10_smatr100_tax0,NIFTYBEES,sma100,cash,weekly,10,smatr100,0,0,0.065,0.003,27.0,-35.08,1.36,0.77,27.74,-35.08,1.47,0.79,14.0,-35.08,0.86,0.4,33.28,-21.51,1.59,1.55,159,358,42,561.1,0.0,0.54,0.1
C_NIFTYBEES_sma100_n10_smatr100_tax1,NIFTYBEES,sma100,cash,weekly,10,smatr100,0,1,0.065,0.003,22.71,-39.08,1.16,0.58,23.34,-39.08,1.25,0.6,10.77,-39.08,0.68,0.28,28.3,-25.13,1.37,1.13,159,358,42,323.2,1419.3,0.54,0.1
C_NIFTYBEES_sma100_n12_donch10_tax0,NIFTYBEES,sma100,cash,weekly,12,donch10,0,0,0.065,0.003,19.33,-22.86,1.37,0.85,20.1,-22.86,1.44,0.88,8.61,-22.86,0.75,0.38,27.8,-16.87,1.69,1.65,159,1409,42,394.8,0.0,0.35,0.0
C_NIFTYBEES_sma100_n12_donch10_tax1,NIFTYBEES,sma100,cash,weekly,12,donch10,0,1,0.065,0.003,16.09,-26.77,1.15,0.6,16.58,-26.77,1.2,0.62,6.16,-26.77,0.55,0.23,23.38,-21.76,1.45,1.07,159,1409,42,261.0,453.3,0.35,0.1
C_NIFTYBEES_sma100_n12_donch15_tax0,NIFTYBEES,sma100,cash,weekly,12,donch15,0,0,0.065,0.003,22.87,-21.92,1.42,1.04,23.79,-21.92,1.5,1.09,12.3,-21.54,0.94,0.57,32.78,-16.98,1.75,1.93,159,1085,42,466.0,0.0,0.43,0.1
C_NIFTYBEES_sma100_n12_donch15_tax1,NIFTYBEES,sma100,cash,weekly,12,donch15,0,1,0.065,0.003,19.08,-26.45,1.19,0.72,19.72,-26.45,1.25,0.75,9.51,-26.1,0.74,0.36,27.46,-18.99,1.49,1.45,159,1085,42,291.8,780.4,0.43,0.1
C_NIFTYBEES_sma100_n12_donch20_tax0,NIFTYBEES,sma100,cash,weekly,12,donch20,0,0,0.065,0.003,24.46,-24.04,1.39,1.02,25.43,-23.51,1.49,1.08,14.47,-23.51,1.02,0.62,35.04,-20.64,1.72,1.7,159,861,42,503.7,0.0,0.47,0.1
C_NIFTYBEES_sma100_n12_donch20_tax1,NIFTYBEES,sma100,cash,weekly,12,donch20,0,1,0.065,0.003,20.45,-28.53,1.17,0.72,21.2,-28.53,1.25,0.74,11.31,-28.53,0.81,0.4,29.49,-22.39,1.47,1.32,159,861,42,304.1,995.8,0.47,0.1
C_NIFTYBEES_sma100_n12_donch25_tax0,NIFTYBEES,sma100,cash,weekly,12,donch25,0,0,0.065,0.003,25.24,-29.74,1.37,0.85,24.47,-29.74,1.4,0.82,10.79,-29.74,0.77,0.36,34.25,-21.51,1.64,1.59,159,680,42,543.9,0.0,0.5,0.1
C_NIFTYBEES_sma100_n12_donch25_tax1,NIFTYBEES,sma100,cash,weekly,12,donch25,0,1,0.065,0.003,21.06,-33.38,1.16,0.63,20.36,-33.38,1.18,0.61,8.01,-33.38,0.59,0.24,28.89,-23.36,1.41,1.24,159,680,42,317.5,1113.9,0.5,0.1
C_NIFTYBEES_sma100_n12_none_tax0,NIFTYBEES,sma100,cash,weekly,12,none,0,0,0.065,0.003,26.06,-39.16,1.25,0.67,24.01,-39.16,1.22,0.61,11.24,-39.16,0.65,0.29,29.4,-28.33,1.36,1.04,159,0,42,405.0,0.0,0.6,0.0
C_NIFTYBEES_sma100_n12_none_tax1,NIFTYBEES,sma100,cash,weekly,12,none,0,1,0.065,0.003,21.93,-42.95,1.06,0.51,20.24,-42.95,1.04,0.47,8.14,-42.95,0.5,0.19,24.96,-32.03,1.18,0.78,159,0,42,237.7,1358.0,0.6,0.1
C_NIFTYBEES_sma100_n12_atr20_tax0,NIFTYBEES,sma100,cash,weekly,12,atr20,0,0,0.065,0.003,17.27,-26.97,1.28,0.64,16.19,-26.97,1.24,0.6,7.4,-26.97,0.67,0.27,19.44,-22.87,1.31,0.85,159,1562,42,402.4,0.0,0.33,0.0
C_NIFTYBEES_sma100_n12_atr20_tax1,NIFTYBEES,sma100,cash,weekly,12,atr20,0,1,0.065,0.003,14.19,-30.44,1.07,0.47,13.11,-30.44,1.02,0.43,4.99,-30.44,0.47,0.16,15.92,-25.58,1.11,0.62,159,1562,42,269.6,362.4,0.33,0.1
C_NIFTYBEES_sma100_n12_smatr50_tax0,NIFTYBEES,sma100,cash,weekly,12,smatr50,0,0,0.065,0.003,23.75,-29.28,1.4,0.81,22.75,-29.28,1.41,0.78,11.72,-29.28,0.87,0.4,31.39,-16.79,1.66,1.87,159,886,42,507.1,0.0,0.44,0.0
C_NIFTYBEES_sma100_n12_smatr50_tax1,NIFTYBEES,sma100,cash,weekly,12,smatr50,0,1,0.065,0.003,19.75,-33.74,1.18,0.59,18.84,-33.74,1.18,0.56,9.09,-33.74,0.69,0.27,26.36,-20.95,1.41,1.26,159,886,42,304.7,881.6,0.44,0.1
C_NIFTYBEES_sma100_n12_smatr100_tax0,NIFTYBEES,sma100,cash,weekly,12,smatr100,0,0,0.065,0.003,26.17,-34.17,1.37,0.77,25.55,-34.17,1.41,0.75,12.33,-34.17,0.81,0.36,31.64,-20.5,1.55,1.54,159,443,42,524.0,0.0,0.54,0.1
C_NIFTYBEES_sma100_n12_smatr100_tax1,NIFTYBEES,sma100,cash,weekly,12,smatr100,0,1,0.065,0.003,21.99,-37.76,1.16,0.58,21.39,-37.76,1.19,0.57,9.45,-37.76,0.64,0.25,26.85,-24.37,1.33,1.1,159,443,42,305.0,1281.3,0.54,0.1
C_NIFTYBEES_sma100_n16_donch10_tax0,NIFTYBEES,sma100,cash,weekly,16,donch10,0,0,0.065,0.003,17.64,-24.84,1.33,0.71,18.13,-24.84,1.4,0.73,6.61,-24.54,0.64,0.27,25.21,-17.97,1.63,1.4,159,1894,42,322.4,0.0,0.35,0.1
C_NIFTYBEES_sma100_n16_donch10_tax1,NIFTYBEES,sma100,cash,weekly,16,donch10,0,1,0.065,0.003,14.68,-28.26,1.11,0.52,14.93,-28.26,1.15,0.53,4.43,-27.97,0.45,0.16,21.2,-22.33,1.39,0.95,159,1894,42,221.6,353.7,0.35,0.1
C_NIFTYBEES_sma100_n16_donch15_tax0,NIFTYBEES,sma100,cash,weekly,16,donch15,0,0,0.065,0.003,21.53,-24.68,1.43,0.87,22.12,-24.68,1.51,0.9,9.32,-24.17,0.79,0.39,30.84,-15.54,1.77,1.98,159,1462,42,402.6,0.0,0.43,0.1
C_NIFTYBEES_sma100_n16_donch15_tax1,NIFTYBEES,sma100,cash,weekly,16,donch15,0,1,0.065,0.003,17.95,-28.73,1.19,0.62,18.29,-28.73,1.25,0.64,6.87,-28.24,0.59,0.24,25.81,-18.51,1.49,1.39,159,1462,42,258.6,642.8,0.43,0.1
C_NIFTYBEES_sma100_n16_donch20_tax0,NIFTYBEES,sma100,cash,weekly,16,donch20,0,0,0.065,0.003,22.95,-24.53,1.4,0.94,23.54,-24.53,1.48,0.96,10.98,-24.53,0.86,0.45,33.52,-17.94,1.75,1.87,159,1162,42,409.5,0.0,0.47,0.1
C_NIFTYBEES_sma100_n16_donch20_tax1,NIFTYBEES,sma100,cash,weekly,16,donch20,0,1,0.065,0.003,19.17,-28.8,1.17,0.67,19.59,-28.8,1.24,0.68,8.35,-28.8,0.66,0.29,28.21,-20.99,1.48,1.34,159,1162,42,255.5,796.8,0.47,0.1
C_NIFTYBEES_sma100_n16_donch25_tax0,NIFTYBEES,sma100,cash,weekly,16,donch25,0,0,0.065,0.003,23.72,-33.27,1.38,0.71,22.81,-33.27,1.39,0.69,7.45,-33.27,0.58,0.22,33.88,-18.95,1.71,1.79,159,928,42,427.0,0.0,0.5,0.1
C_NIFTYBEES_sma100_n16_donch25_tax1,NIFTYBEES,sma100,cash,weekly,16,donch25,0,1,0.065,0.003,19.78,-36.15,1.16,0.55,18.96,-36.15,1.16,0.52,5.2,-36.15,0.43,0.14,28.54,-22.88,1.45,1.25,159,928,42,258.8,893.8,0.5,0.1
C_NIFTYBEES_sma100_n16_none_tax0,NIFTYBEES,sma100,cash,weekly,16,none,0,0,0.065,0.003,23.1,-42.41,1.19,0.54,21.24,-42.41,1.16,0.5,7.01,-42.41,0.47,0.17,29.79,-28.86,1.42,1.03,159,0,42,247.3,0.0,0.6,0.1
C_NIFTYBEES_sma100_n16_none_tax1,NIFTYBEES,sma100,cash,weekly,16,none,0,1,0.065,0.003,19.52,-44.82,1.02,0.44,18.04,-44.82,1.0,0.4,4.36,-44.82,0.33,0.1,25.74,-33.13,1.24,0.78,159,0,42,156.3,820.7,0.6,0.1
C_NIFTYBEES_sma100_n16_atr20_tax0,NIFTYBEES,sma100,cash,weekly,16,atr20,0,0,0.065,0.003,16.06,-29.92,1.26,0.54,14.99,-29.92,1.21,0.5,4.74,-29.29,0.47,0.16,18.87,-24.2,1.33,0.78,159,2084,42,337.6,0.0,0.33,0.1
C_NIFTYBEES_sma100_n16_atr20_tax1,NIFTYBEES,sma100,cash,weekly,16,atr20,0,1,0.065,0.003,13.16,-32.53,1.04,0.4,12.08,-32.53,0.99,0.37,2.77,-31.92,0.3,0.09,15.37,-27.31,1.11,0.56,159,2084,42,233.1,305.9,0.33,0.1
C_NIFTYBEES_sma100_n16_smatr50_tax0,NIFTYBEES,sma100,cash,weekly,16,smatr50,0,0,0.065,0.003,22.64,-27.94,1.43,0.81,20.83,-27.94,1.4,0.75,9.96,-27.94,0.81,0.36,28.18,-15.93,1.62,1.77,159,1197,42,458.4,0.0,0.44,0.1
C_NIFTYBEES_sma100_n16_smatr50_tax1,NIFTYBEES,sma100,cash,weekly,16,smatr50,0,1,0.065,0.003,18.82,-31.67,1.2,0.59,17.23,-31.67,1.16,0.54,7.63,-31.67,0.63,0.24,23.64,-19.99,1.37,1.18,159,1197,42,281.6,744.2,0.44,0.1
C_NIFTYBEES_sma100_n16_smatr100_tax0,NIFTYBEES,sma100,cash,weekly,16,smatr100,0,0,0.065,0.003,24.05,-35.21,1.35,0.68,23.29,-35.21,1.38,0.66,8.25,-35.21,0.61,0.23,31.36,-21.45,1.59,1.46,159,626,42,375.7,0.0,0.53,0.1
C_NIFTYBEES_sma100_n16_smatr100_tax1,NIFTYBEES,sma100,cash,weekly,16,smatr100,0,1,0.065,0.003,20.19,-38.05,1.14,0.53,19.53,-38.05,1.16,0.51,6.01,-38.05,0.47,0.16,26.69,-26.39,1.36,1.01,159,626,42,228.8,924.2,0.53,0.1
C_NIFTY50_sma100_n5_donch10_tax0,NIFTY50,sma100,cash,weekly,5,donch10,0,0,0.065,0.003,18.38,-54.54,1.03,0.34,24.34,-26.88,1.38,0.91,17.9,-23.46,1.02,0.76,35.91,-26.88,1.77,1.34,184,677,42,313.6,0.0,0.39,0.0
C_NIFTY50_sma100_n5_donch10_tax1,NIFTY50,sma100,cash,weekly,5,donch10,0,1,0.065,0.003,14.67,-55.92,0.85,0.26,19.96,-32.92,1.15,0.61,13.98,-28.87,0.82,0.48,29.71,-32.92,1.49,0.9,184,677,42,195.3,443.1,0.39,0.1
C_NIFTY50_sma100_n5_donch15_tax0,NIFTY50,sma100,cash,weekly,5,donch15,0,0,0.065,0.003,21.31,-54.35,1.07,0.39,29.4,-23.15,1.49,1.27,23.93,-19.17,1.23,1.25,38.54,-23.15,1.74,1.66,184,528,42,323.3,0.0,0.48,0.0
C_NIFTY50_sma100_n5_donch15_tax1,NIFTY50,sma100,cash,weekly,5,donch15,0,1,0.065,0.003,17.3,-55.29,0.89,0.31,24.42,-25.51,1.26,0.96,19.66,-25.51,1.03,0.77,32.32,-25.3,1.5,1.28,184,528,42,194.2,516.8,0.48,0.1
C_NIFTY50_sma100_n5_donch20_tax0,NIFTY50,sma100,cash,weekly,5,donch20,0,0,0.065,0.003,23.09,-60.65,1.09,0.38,30.0,-24.5,1.46,1.22,27.33,-21.56,1.33,1.27,37.09,-24.5,1.64,1.51,184,409,42,383.5,0.0,0.53,0.0
C_NIFTY50_sma100_n5_donch20_tax1,NIFTY50,sma100,cash,weekly,5,donch20,0,1,0.065,0.003,18.82,-61.88,0.91,0.3,24.86,-27.75,1.23,0.9,22.69,-27.75,1.12,0.82,31.12,-27.63,1.41,1.13,184,409,42,220.2,676.0,0.53,0.1
C_NIFTY50_sma100_n5_donch25_tax0,NIFTY50,sma100,cash,weekly,5,donch25,0,0,0.065,0.003,22.05,-64.38,1.01,0.34,28.96,-27.87,1.37,1.04,23.43,-27.87,1.14,0.84,35.82,-27.08,1.54,1.32,184,325,42,323.3,0.0,0.56,0.0
C_NIFTY50_sma100_n5_donch25_tax1,NIFTY50,sma100,cash,weekly,5,donch25,0,1,0.065,0.003,17.92,-65.14,0.85,0.28,23.98,-33.21,1.16,0.72,19.39,-33.21,0.96,0.58,30.2,-29.49,1.33,1.02,184,325,42,185.6,595.7,0.57,0.1
C_NIFTY50_sma100_n5_none_tax0,NIFTY50,sma100,cash,weekly,5,none,0,0,0.065,0.003,20.96,-81.89,0.83,0.26,31.45,-35.76,1.32,0.88,28.44,-26.11,1.17,1.09,29.6,-35.76,1.24,0.83,184,0,42,184.0,0.0,0.7,0.0
C_NIFTY50_sma100_n5_none_tax1,NIFTY50,sma100,cash,weekly,5,none,0,1,0.065,0.003,16.78,-82.41,0.69,0.2,26.16,-35.95,1.11,0.73,23.75,-26.11,1.0,0.91,25.01,-35.95,1.06,0.7,184,0,42,101.2,557.7,0.7,0.1
C_NIFTY50_sma100_n5_atr20_tax0,NIFTY50,sma100,cash,weekly,5,atr20,0,0,0.065,0.003,13.57,-47.71,0.81,0.28,16.82,-38.22,1.06,0.44,11.03,-33.8,0.72,0.33,23.3,-38.22,1.29,0.61,184,754,42,218.9,0.0,0.37,0.0
C_NIFTY50_sma100_n5_atr20_tax1,NIFTY50,sma100,cash,weekly,5,atr20,0,1,0.065,0.003,10.55,-48.57,0.65,0.22,13.3,-42.12,0.86,0.32,7.72,-37.07,0.53,0.21,18.51,-42.12,1.06,0.44,184,754,42,152.8,241.7,0.37,0.1
C_NIFTY50_sma100_n5_smatr50_tax0,NIFTY50,sma100,cash,weekly,5,smatr50,0,0,0.065,0.003,20.36,-56.2,1.03,0.36,26.25,-28.08,1.34,0.94,24.4,-28.08,1.25,0.87,29.75,-27.86,1.4,1.07,184,447,42,301.8,0.0,0.48,0.0
C_NIFTY50_sma100_n5_smatr50_tax1,NIFTY50,sma100,cash,weekly,5,smatr50,0,1,0.065,0.003,16.52,-56.2,0.86,0.29,21.65,-34.04,1.12,0.64,20.05,-34.04,1.04,0.59,24.99,-30.17,1.21,0.83,184,447,42,182.5,489.0,0.48,0.1
C_NIFTY50_sma100_n5_smatr100_tax0,NIFTY50,sma100,cash,weekly,5,smatr100,0,0,0.065,0.003,26.54,-62.91,1.13,0.42,32.94,-37.64,1.44,0.88,29.29,-29.44,1.3,0.99,32.77,-37.64,1.38,0.87,184,256,42,546.4,0.0,0.58,0.0
C_NIFTY50_sma100_n5_smatr100_tax1,NIFTY50,sma100,cash,weekly,5,smatr100,0,1,0.065,0.003,21.86,-64.05,0.96,0.34,27.37,-38.87,1.22,0.7,24.41,-35.24,1.1,0.69,27.22,-38.87,1.17,0.7,184,256,42,293.0,1336.6,0.58,0.1
C_NIFTY50_sma100_n8_donch10_tax0,NIFTY50,sma100,cash,weekly,8,donch10,0,0,0.065,0.003,16.53,-51.65,1.05,0.32,20.71,-21.66,1.37,0.96,13.68,-20.48,0.98,0.67,28.61,-17.35,1.65,1.65,184,1087,42,250.5,0.0,0.39,0.0
C_NIFTY50_sma100_n8_donch10_tax1,NIFTY50,sma100,cash,weekly,8,donch10,0,1,0.065,0.003,13.22,-52.97,0.86,0.25,16.88,-26.73,1.14,0.63,10.47,-25.63,0.76,0.41,23.84,-22.92,1.41,1.04,184,1087,42,164.6,293.0,0.39,0.1
C_NIFTY50_sma100_n8_donch15_tax0,NIFTY50,sma100,cash,weekly,8,donch15,0,0,0.065,0.003,19.99,-50.08,1.12,0.4,24.95,-17.1,1.46,1.46,19.24,-16.39,1.21,1.17,33.59,-16.47,1.71,2.04,184,846,42,286.6,0.0,0.48,0.0
C_NIFTY50_sma100_n8_donch15_tax1,NIFTY50,sma100,cash,weekly,8,donch15,0,1,0.065,0.003,16.28,-52.02,0.93,0.31,20.57,-23.67,1.22,0.87,15.52,-23.02,0.98,0.67,28.15,-18.37,1.46,1.53,184,846,42,180.6,439.5,0.48,0.1
C_NIFTY50_sma100_n8_donch20_tax0,NIFTY50,sma100,cash,weekly,8,donch20,0,0,0.065,0.003,21.78,-57.13,1.13,0.38,25.94,-19.49,1.43,1.33,20.17,-19.49,1.19,1.03,34.19,-18.99,1.66,1.8,184,666,42,333.1,0.0,0.53,0.0
C_NIFTY50_sma100_n8_donch20_tax1,NIFTY50,sma100,cash,weekly,8,donch20,0,1,0.065,0.003,17.85,-58.32,0.95,0.31,21.38,-25.95,1.19,0.82,16.4,-25.95,0.97,0.63,28.72,-21.57,1.42,1.33,184,666,42,202.0,574.4,0.53,0.1
C_NIFTY50_sma100_n8_donch25_tax0,NIFTY50,sma100,cash,weekly,8,donch25,0,0,0.065,0.003,22.45,-59.4,1.12,0.38,24.62,-30.51,1.32,0.81,15.05,-30.51,0.89,0.49,32.47,-19.06,1.54,1.7,184,529,42,356.0,0.0,0.57,0.0
C_NIFTY50_sma100_n8_donch25_tax1,NIFTY50,sma100,cash,weekly,8,donch25,0,1,0.065,0.003,18.37,-60.72,0.94,0.3,20.16,-35.42,1.1,0.57,11.87,-35.42,0.72,0.34,27.28,-21.56,1.33,1.27,184,529,42,210.0,648.1,0.57,0.1
C_NIFTY50_sma100_n8_none_tax0,NIFTY50,sma100,cash,weekly,8,none,0,0,0.065,0.003,18.96,-81.0,0.82,0.23,27.42,-31.44,1.28,0.87,16.41,-31.44,0.82,0.52,28.99,-26.54,1.28,1.09,184,0,42,128.1,0.0,0.7,0.0
C_NIFTY50_sma100_n8_none_tax1,NIFTY50,sma100,cash,weekly,8,none,0,1,0.065,0.003,15.05,-81.78,0.68,0.18,22.72,-36.27,1.08,0.63,12.66,-36.27,0.66,0.35,23.98,-29.72,1.08,0.81,184,0,42,76.2,411.7,0.7,0.1
C_NIFTY50_sma100_n8_atr20_tax0,NIFTY50,sma100,cash,weekly,8,atr20,0,0,0.065,0.003,12.63,-46.21,0.83,0.27,15.9,-29.94,1.14,0.53,10.72,-29.86,0.8,0.36,19.54,-28.17,1.25,0.69,184,1198,42,185.2,0.0,0.37,0.0
C_NIFTY50_sma100_n8_atr20_tax1,NIFTY50,sma100,cash,weekly,8,atr20,0,1,0.065,0.003,9.9,-46.29,0.68,0.21,12.6,-34.01,0.92,0.37,7.71,-33.94,0.6,0.23,15.72,-31.75,1.04,0.5,184,1198,42,133.9,179.6,0.37,0.1
C_NIFTY50_sma100_n8_smatr50_tax0,NIFTY50,sma100,cash,weekly,8,smatr50,0,0,0.065,0.003,20.17,-54.99,1.12,0.37,22.88,-30.01,1.32,0.76,17.81,-30.01,1.11,0.59,27.73,-16.87,1.44,1.64,184,714,42,295.8,0.0,0.48,0.0
C_NIFTY50_sma100_n8_smatr50_tax1,NIFTY50,sma100,cash,weekly,8,smatr50,0,1,0.065,0.003,16.37,-55.63,0.92,0.29,18.77,-35.6,1.1,0.53,14.36,-35.6,0.9,0.4,23.32,-21.45,1.24,1.09,184,714,42,181.6,460.1,0.48,0.1
C_NIFTY50_sma100_n8_smatr100_tax0,NIFTY50,sma100,cash,weekly,8,smatr100,0,0,0.065,0.003,23.32,-62.39,1.13,0.37,26.16,-29.56,1.35,0.89,17.98,-29.56,0.99,0.61,29.88,-23.23,1.43,1.29,184,420,42,350.3,0.0,0.58,0.0
C_NIFTY50_sma100_n8_smatr100_tax1,NIFTY50,sma100,cash,weekly,8,smatr100,0,1,0.065,0.003,19.24,-63.89,0.95,0.3,21.8,-34.58,1.14,0.63,14.47,-34.58,0.81,0.42,25.16,-25.56,1.22,0.98,184,420,42,205.3,769.7,0.58,0.1
C_NIFTY50_sma100_n10_donch10_tax0,NIFTY50,sma100,cash,weekly,10,donch10,0,0,0.065,0.003,17.31,-47.64,1.13,0.36,20.97,-22.31,1.44,0.94,11.6,-21.29,0.92,0.54,27.66,-19.17,1.65,1.44,184,1354,42,284.2,0.0,0.39,0.0
C_NIFTY50_sma100_n10_donch10_tax1,NIFTY50,sma100,cash,weekly,10,donch10,0,1,0.065,0.003,14.0,-49.38,0.93,0.28,17.09,-27.1,1.19,0.63,8.72,-26.15,0.7,0.33,23.15,-24.19,1.41,0.96,184,1354,42,186.6,320.1,0.39,0.1
C_NIFTY50_sma100_n10_donch15_tax0,NIFTY50,sma100,cash,weekly,10,donch15,0,0,0.065,0.003,20.09,-47.34,1.16,0.42,24.4,-20.22,1.49,1.21,15.41,-18.91,1.09,0.82,31.75,-18.53,1.66,1.71,184,1065,42,304.4,0.0,0.47,0.1
C_NIFTY50_sma100_n10_donch15_tax1,NIFTY50,sma100,cash,weekly,10,donch15,0,1,0.065,0.003,16.37,-50.07,0.97,0.33,20.05,-25.93,1.24,0.77,12.19,-24.71,0.87,0.49,26.61,-21.28,1.42,1.25,184,1065,42,192.0,454.4,0.47,0.1
C_NIFTY50_sma100_n10_donch20_tax0,NIFTY50,sma100,cash,weekly,10,donch20,0,0,0.065,0.003,21.3,-54.2,1.14,0.39,24.8,-25.3,1.42,0.98,16.25,-24.52,1.06,0.66,33.0,-20.22,1.62,1.63,184,847,42,312.6,0.0,0.53,0.0
C_NIFTY50_sma100_n10_donch20_tax1,NIFTY50,sma100,cash,weekly,10,donch20,0,1,0.065,0.003,17.4,-56.13,0.95,0.31,20.29,-30.92,1.18,0.66,12.9,-30.2,0.85,0.43,27.55,-22.82,1.38,1.21,184,847,42,192.2,543.6,0.53,0.1
C_NIFTY50_sma100_n10_donch25_tax0,NIFTY50,sma100,cash,weekly,10,donch25,0,0,0.065,0.003,22.11,-58.44,1.13,0.38,24.36,-32.39,1.37,0.75,12.67,-32.39,0.84,0.39,32.96,-21.0,1.58,1.57,184,684,42,334.4,0.0,0.56,0.1
C_NIFTY50_sma100_n10_donch25_tax1,NIFTY50,sma100,cash,weekly,10,donch25,0,1,0.065,0.003,18.08,-59.97,0.95,0.3,19.91,-36.76,1.13,0.54,9.7,-36.76,0.66,0.26,27.65,-23.58,1.35,1.17,184,684,42,199.9,620.0,0.56,0.1
C_NIFTY50_sma100_n10_none_tax0,NIFTY50,sma100,cash,weekly,10,none,0,0,0.065,0.003,18.15,-81.39,0.8,0.22,26.3,-34.74,1.28,0.76,15.34,-34.74,0.81,0.44,28.72,-25.15,1.31,1.14,184,0,42,109.1,0.0,0.7,0.0
C_NIFTY50_sma100_n10_none_tax1,NIFTY50,sma100,cash,weekly,10,none,0,1,0.065,0.003,14.46,-82.16,0.67,0.18,21.87,-39.74,1.08,0.55,11.61,-39.74,0.64,0.29,24.01,-29.03,1.12,0.83,184,0,42,67.2,356.7,0.7,0.1
C_NIFTY50_sma100_n10_atr20_tax0,NIFTY50,sma100,cash,weekly,10,atr20,0,0,0.065,0.003,13.03,-46.56,0.88,0.28,15.92,-29.77,1.19,0.53,9.13,-29.23,0.76,0.31,19.53,-23.89,1.3,0.82,184,1492,42,196.9,0.0,0.37,0.1
C_NIFTY50_sma100_n10_atr20_tax1,NIFTY50,sma100,cash,weekly,10,atr20,0,1,0.065,0.003,10.31,-47.67,0.72,0.22,12.72,-33.74,0.97,0.38,6.5,-33.24,0.56,0.2,15.89,-27.06,1.09,0.59,184,1492,42,141.6,182.5,0.37,0.1
C_NIFTY50_sma100_n10_smatr50_tax0,NIFTY50,sma100,cash,weekly,10,smatr50,0,0,0.065,0.003,21.06,-53.42,1.18,0.39,22.45,-33.82,1.34,0.66,13.55,-33.82,0.92,0.4,29.85,-18.52,1.55,1.61,184,921,42,337.0,0.0,0.48,0.0
C_NIFTY50_sma100_n10_smatr50_tax1,NIFTY50,sma100,cash,weekly,10,smatr50,0,1,0.065,0.003,17.08,-55.69,0.98,0.31,18.43,-38.65,1.12,0.48,10.57,-38.65,0.73,0.27,25.19,-23.22,1.33,1.09,184,921,42,202.7,525.5,0.48,0.1
C_NIFTY50_sma100_n10_smatr100_tax0,NIFTY50,sma100,cash,weekly,10,smatr100,0,0,0.065,0.003,23.54,-61.77,1.17,0.38,27.59,-35.08,1.47,0.79,14.02,-35.08,0.86,0.4,32.17,-21.51,1.54,1.5,184,531,42,333.7,0.0,0.58,0.1
C_NIFTY50_sma100_n10_smatr100_tax1,NIFTY50,sma100,cash,weekly,10,smatr100,0,1,0.065,0.003,19.39,-63.38,0.98,0.31,22.97,-39.08,1.23,0.59,10.83,-39.08,0.68,0.28,27.33,-25.13,1.32,1.09,184,531,42,194.4,774.4,0.58,0.1
C_NIFTY50_sma100_n12_donch10_tax0,NIFTY50,sma100,cash,weekly,12,donch10,0,0,0.065,0.003,16.55,-46.07,1.13,0.36,19.56,-22.86,1.41,0.86,8.58,-22.86,0.75,0.38,27.75,-16.87,1.69,1.65,184,1629,42,253.0,0.0,0.39,0.1
C_NIFTY50_sma100_n12_donch10_tax1,NIFTY50,sma100,cash,weekly,12,donch10,0,1,0.065,0.003,13.38,-48.15,0.93,0.28,15.95,-26.77,1.16,0.6,6.3,-26.77,0.57,0.24,23.24,-21.76,1.45,1.07,184,1629,42,169.9,281.6,0.39,0.1
C_NIFTY50_sma100_n12_donch15_tax0,NIFTY50,sma100,cash,weekly,12,donch15,0,0,0.065,0.003,19.8,-47.81,1.18,0.41,23.54,-21.92,1.5,1.07,12.27,-21.54,0.94,0.57,33.21,-16.98,1.78,1.96,184,1274,42,282.0,0.0,0.47,0.1
C_NIFTY50_sma100_n12_donch15_tax1,NIFTY50,sma100,cash,weekly,12,donch15,0,1,0.065,0.003,16.19,-49.95,0.98,0.32,19.42,-26.45,1.25,0.73,9.64,-26.09,0.75,0.37,27.97,-18.99,1.52,1.47,184,1274,42,180.4,442.1,0.48,0.1
C_NIFTY50_sma100_n12_donch20_tax0,NIFTY50,sma100,cash,weekly,12,donch20,0,0,0.065,0.003,21.46,-54.94,1.18,0.39,24.79,-23.51,1.47,1.05,14.55,-23.51,1.03,0.62,34.49,-20.64,1.72,1.67,184,1025,42,313.5,0.0,0.52,0.1
C_NIFTY50_sma100_n12_donch20_tax1,NIFTY50,sma100,cash,weekly,12,donch20,0,1,0.065,0.003,17.68,-56.73,0.99,0.31,20.5,-28.52,1.23,0.72,11.59,-28.52,0.83,0.41,29.21,-22.39,1.48,1.3,184,1025,42,194.2,573.9,0.53,0.1
C_NIFTY50_sma100_n12_donch25_tax0,NIFTY50,sma100,cash,weekly,12,donch25,0,0,0.065,0.003,21.9,-58.43,1.15,0.37,23.52,-29.74,1.37,0.79,10.84,-29.74,0.77,0.36,33.14,-21.51,1.62,1.54,184,835,42,324.6,0.0,0.56,0.1
C_NIFTY50_sma100_n12_donch25_tax1,NIFTY50,sma100,cash,weekly,12,donch25,0,1,0.065,0.003,18.03,-60.29,0.97,0.3,19.36,-33.37,1.14,0.58,8.35,-33.37,0.61,0.25,28.12,-23.36,1.4,1.2,184,835,42,196.8,615.6,0.56,0.1
C_NIFTY50_sma100_n12_none_tax0,NIFTY50,sma100,cash,weekly,12,none,0,0,0.065,0.003,16.91,-80.46,0.77,0.21,23.03,-39.16,1.18,0.59,12.13,-39.16,0.69,0.31,27.4,-26.62,1.29,1.03,184,0,42,93.0,0.0,0.7,0.1
C_NIFTY50_sma100_n12_none_tax1,NIFTY50,sma100,cash,weekly,12,none,0,1,0.065,0.003,13.49,-81.47,0.65,0.17,19.21,-42.94,1.0,0.45,9.11,-42.94,0.55,0.21,23.15,-30.41,1.11,0.76,184,0,42,59.2,303.1,0.7,0.1
C_NIFTY50_sma100_n12_atr20_tax0,NIFTY50,sma100,cash,weekly,12,atr20,0,0,0.065,0.003,13.35,-45.19,0.93,0.3,15.67,-26.97,1.22,0.58,7.48,-26.97,0.67,0.28,19.43,-22.87,1.32,0.85,184,1793,42,209.0,0.0,0.37,0.1
C_NIFTY50_sma100_n12_atr20_tax1,NIFTY50,sma100,cash,weekly,12,atr20,0,1,0.065,0.003,10.66,-46.21,0.76,0.23,12.56,-30.44,0.99,0.41,5.3,-30.44,0.49,0.17,15.89,-25.58,1.11,0.62,184,1793,42,150.1,187.9,0.37,0.1
C_NIFTY50_sma100_n12_smatr50_tax0,NIFTY50,sma100,cash,weekly,12,smatr50,0,0,0.065,0.003,20.59,-53.08,1.2,0.39,21.94,-29.28,1.38,0.75,11.73,-29.28,0.87,0.4,30.08,-16.79,1.61,1.79,184,1117,42,313.5,0.0,0.47,0.1
C_NIFTY50_sma100_n12_smatr50_tax1,NIFTY50,sma100,cash,weekly,12,smatr50,0,1,0.065,0.003,16.75,-55.5,0.99,0.3,18.09,-33.73,1.15,0.54,9.22,-33.73,0.69,0.27,25.44,-20.95,1.39,1.21,184,1117,42,192.0,496.2,0.47,0.1
C_NIFTY50_sma100_n12_smatr100_tax0,NIFTY50,sma100,cash,weekly,12,smatr100,0,0,0.065,0.003,23.19,-59.25,1.19,0.39,25.19,-34.17,1.39,0.74,12.35,-34.17,0.81,0.36,30.2,-20.5,1.49,1.47,184,652,42,337.6,0.0,0.57,0.1
C_NIFTY50_sma100_n12_smatr100_tax1,NIFTY50,sma100,cash,weekly,12,smatr100,0,1,0.065,0.003,19.07,-61.29,0.99,0.31,20.87,-37.76,1.17,0.55,9.48,-37.76,0.64,0.25,25.58,-24.37,1.27,1.05,184,652,42,197.0,756.6,0.57,0.1
C_NIFTY50_sma100_n16_donch10_tax0,NIFTY50,sma100,cash,weekly,16,donch10,0,0,0.065,0.003,14.72,-46.22,1.06,0.32,17.32,-24.84,1.35,0.7,6.59,-24.54,0.64,0.27,24.69,-17.97,1.62,1.37,184,2190,42,204.5,0.0,0.39,0.1
C_NIFTY50_sma100_n16_donch10_tax1,NIFTY50,sma100,cash,weekly,16,donch10,0,1,0.065,0.003,11.84,-48.82,0.87,0.24,14.12,-28.26,1.11,0.5,4.57,-27.97,0.46,0.16,20.68,-22.33,1.38,0.93,184,2190,42,143.5,210.7,0.39,0.1
C_NIFTY50_sma100_n16_donch15_tax0,NIFTY50,sma100,cash,weekly,16,donch15,0,0,0.065,0.003,18.41,-49.97,1.17,0.37,21.69,-24.68,1.49,0.88,9.32,-24.17,0.79,0.39,31.16,-15.54,1.8,2.01,184,1713,42,241.8,0.0,0.48,0.1
C_NIFTY50_sma100_n16_donch15_tax1,NIFTY50,sma100,cash,weekly,16,donch15,0,1,0.065,0.003,15.0,-52.63,0.96,0.28,17.85,-28.72,1.23,0.62,7.02,-28.24,0.61,0.25,26.18,-18.51,1.53,1.41,184,1713,42,159.1,362.2,0.48,0.1
C_NIFTY50_sma100_n16_donch20_tax0,NIFTY50,sma100,cash,weekly,16,donch20,0,0,0.065,0.003,19.65,-53.66,1.15,0.37,22.64,-24.53,1.45,0.92,11.02,-24.53,0.86,0.45,32.75,-17.94,1.74,1.83,184,1381,42,243.6,0.0,0.53,0.1
C_NIFTY50_sma100_n16_donch20_tax1,NIFTY50,sma100,cash,weekly,16,donch20,0,1,0.065,0.003,16.12,-56.11,0.95,0.29,18.7,-28.8,1.2,0.65,8.59,-28.8,0.68,0.3,27.68,-20.99,1.48,1.32,184,1381,42,157.5,440.7,0.53,0.1
C_NIFTY50_sma100_n16_donch25_tax0,NIFTY50,sma100,cash,weekly,16,donch25,0,0,0.065,0.003,20.07,-55.68,1.12,0.36,21.63,-33.27,1.34,0.65,7.46,-33.27,0.58,0.22,32.41,-18.95,1.67,1.71,184,1136,42,242.9,0.0,0.56,0.1
C_NIFTY50_sma100_n16_donch25_tax1,NIFTY50,sma100,cash,weekly,16,donch25,0,1,0.065,0.003,16.42,-58.24,0.93,0.28,17.79,-36.14,1.11,0.49,5.48,-36.14,0.45,0.15,27.4,-22.88,1.43,1.2,184,1136,42,153.3,470.7,0.56,0.1
C_NIFTY50_sma100_n16_none_tax0,NIFTY50,sma100,cash,weekly,16,none,0,0,0.065,0.003,15.0,-77.32,0.74,0.19,19.82,-42.41,1.1,0.47,6.61,-42.41,0.45,0.16,27.49,-28.86,1.35,0.95,184,0,42,66.6,0.0,0.7,0.1
C_NIFTY50_sma100_n16_none_tax1,NIFTY50,sma100,cash,weekly,16,none,0,1,0.065,0.003,12.16,-78.16,0.62,0.16,16.46,-44.82,0.93,0.37,4.22,-44.82,0.32,0.09,23.27,-33.13,1.15,0.7,184,0,42,46.9,228.3,0.7,0.1
C_NIFTY50_sma100_n16_atr20_tax0,NIFTY50,sma100,cash,weekly,16,atr20,0,0,0.065,0.003,12.63,-44.64,0.92,0.28,14.72,-29.92,1.2,0.49,4.81,-29.29,0.48,0.16,19.01,-24.2,1.34,0.79,184,2388,42,190.1,0.0,0.37,0.1
C_NIFTY50_sma100_n16_atr20_tax1,NIFTY50,sma100,cash,weekly,16,atr20,0,1,0.065,0.003,10.03,-46.26,0.74,0.22,11.75,-32.52,0.97,0.36,3.03,-31.92,0.32,0.09,15.49,-27.31,1.12,0.57,184,2388,42,138.8,169.7,0.37,0.1
C_NIFTY50_sma100_n16_smatr50_tax0,NIFTY50,sma100,cash,weekly,16,smatr50,0,0,0.065,0.003,19.5,-49.76,1.21,0.39,19.89,-27.94,1.36,0.71,9.95,-27.94,0.81,0.36,26.74,-15.93,1.57,1.68,184,1500,42,286.5,0.0,0.47,0.1
C_NIFTY50_sma100_n16_smatr50_tax1,NIFTY50,sma100,cash,weekly,16,smatr50,0,1,0.065,0.003,15.84,-53.0,1.0,0.3,16.4,-31.67,1.13,0.52,7.75,-31.67,0.64,0.24,22.59,-19.99,1.35,1.13,184,1500,42,179.9,419.8,0.47,0.1
C_NIFTY50_sma100_n16_smatr100_tax0,NIFTY50,sma100,cash,weekly,16,smatr100,0,0,0.065,0.003,21.51,-54.85,1.17,0.39,23.24,-35.21,1.38,0.66,8.27,-35.21,0.62,0.23,30.67,-21.45,1.57,1.43,184,901,42,256.6,0.0,0.57,0.1
C_NIFTY50_sma100_n16_smatr100_tax1,NIFTY50,sma100,cash,weekly,16,smatr100,0,1,0.065,0.003,17.74,-57.53,0.98,0.31,19.29,-38.05,1.15,0.51,6.09,-38.05,0.47,0.16,26.02,-26.39,1.34,0.99,184,901,42,158.9,592.5,0.57,0.1
C_NIFTYBEES_xo20_100_n5_donch10_tax0,NIFTYBEES,xo20_100,cash,weekly,5,donch10,0,0,0.065,0.003,17.13,-25.92,1.01,0.66,19.67,-25.92,1.14,0.76,16.09,-24.12,0.94,0.67,32.27,-24.01,1.57,1.34,164,610,27,283.2,0.0,0.35,0.0
C_NIFTYBEES_xo20_100_n5_donch10_tax1,NIFTYBEES,xo20_100,cash,weekly,5,donch10,0,1,0.065,0.003,13.95,-30.96,0.84,0.45,16.03,-30.96,0.94,0.52,12.51,-29.48,0.75,0.42,26.7,-30.96,1.32,0.86,164,610,27,190.4,388.6,0.35,0.1
C_NIFTYBEES_xo20_100_n5_donch15_tax0,NIFTYBEES,xo20_100,cash,weekly,5,donch15,0,0,0.065,0.003,19.88,-27.55,1.05,0.72,24.1,-27.55,1.25,0.87,20.77,-19.17,1.09,1.08,34.73,-22.35,1.56,1.55,164,483,27,305.4,0.0,0.42,0.0
C_NIFTYBEES_xo20_100_n5_donch15_tax1,NIFTYBEES,xo20_100,cash,weekly,5,donch15,0,1,0.065,0.003,16.24,-30.78,0.88,0.53,19.77,-30.78,1.05,0.64,17.1,-25.51,0.91,0.67,28.79,-24.06,1.33,1.2,164,483,27,193.7,469.5,0.43,0.1
C_NIFTYBEES_xo20_100_n5_donch20_tax0,NIFTYBEES,xo20_100,cash,weekly,5,donch20,0,0,0.065,0.003,22.21,-29.29,1.08,0.76,25.18,-27.07,1.23,0.93,22.03,-21.56,1.11,1.02,33.84,-23.63,1.48,1.43,164,377,27,385.9,0.0,0.47,0.0
C_NIFTYBEES_xo20_100_n5_donch20_tax1,NIFTYBEES,xo20_100,cash,weekly,5,donch20,0,1,0.065,0.003,18.39,-30.94,0.92,0.59,20.84,-30.94,1.04,0.67,18.23,-27.2,0.94,0.67,28.24,-26.45,1.26,1.07,164,377,27,236.6,667.9,0.47,0.1
C_NIFTYBEES_xo20_100_n5_donch25_tax0,NIFTYBEES,xo20_100,cash,weekly,5,donch25,0,0,0.065,0.003,20.94,-30.01,1.0,0.7,22.38,-28.9,1.09,0.77,17.52,-27.87,0.88,0.63,31.9,-28.9,1.36,1.1,164,303,27,315.5,0.0,0.5,0.0
C_NIFTYBEES_xo20_100_n5_donch25_tax1,NIFTYBEES,xo20_100,cash,weekly,5,donch25,0,1,0.065,0.003,17.25,-32.68,0.85,0.53,18.41,-32.68,0.92,0.56,14.27,-32.68,0.74,0.44,26.6,-30.85,1.17,0.86,164,303,27,194.9,590.6,0.51,0.1
C_NIFTYBEES_xo20_100_n5_none_tax0,NIFTYBEES,xo20_100,cash,weekly,5,none,0,0,0.065,0.003,20.21,-36.66,0.86,0.55,23.33,-36.66,1.0,0.64,24.26,-29.26,0.99,0.83,25.77,-36.66,1.05,0.7,164,0,27,163.6,0.0,0.61,0.0
C_NIFTYBEES_xo20_100_n5_none_tax1,NIFTYBEES,xo20_100,cash,weekly,5,none,0,1,0.065,0.003,16.33,-43.27,0.72,0.38,18.99,-43.27,0.84,0.44,20.24,-29.26,0.85,0.69,21.35,-43.27,0.9,0.49,164,0,27,97.7,591.9,0.61,0.1
C_NIFTYBEES_xo20_100_n5_atr20_tax0,NIFTYBEES,xo20_100,cash,weekly,5,atr20,0,0,0.065,0.003,12.32,-40.24,0.78,0.31,12.96,-40.24,0.84,0.32,8.04,-35.27,0.56,0.23,19.95,-39.11,1.11,0.51,164,677,27,198.7,0.0,0.33,0.0
C_NIFTYBEES_xo20_100_n5_atr20_tax1,NIFTYBEES,xo20_100,cash,weekly,5,atr20,0,1,0.065,0.003,9.71,-43.46,0.64,0.22,10.11,-43.46,0.68,0.23,5.22,-38.48,0.39,0.14,15.61,-43.46,0.9,0.36,164,677,27,146.5,209.0,0.33,0.1
C_NIFTYBEES_xo20_100_n5_smatr50_tax0,NIFTYBEES,xo20_100,cash,weekly,5,smatr50,0,0,0.065,0.003,18.16,-30.58,0.95,0.59,21.34,-30.58,1.09,0.7,21.86,-28.08,1.13,0.78,26.03,-28.29,1.22,0.92,164,403,27,239.3,0.0,0.44,0.0
C_NIFTYBEES_xo20_100_n5_smatr50_tax1,NIFTYBEES,xo20_100,cash,weekly,5,smatr50,0,1,0.065,0.003,14.81,-34.81,0.8,0.43,17.47,-34.81,0.91,0.5,17.86,-33.9,0.94,0.53,21.61,-31.11,1.04,0.69,164,403,27,155.6,385.7,0.44,0.1
C_NIFTYBEES_xo20_100_n5_smatr100_tax0,NIFTYBEES,xo20_100,cash,weekly,5,smatr100,0,0,0.065,0.003,21.02,-42.54,0.96,0.49,24.37,-42.54,1.11,0.57,21.83,-29.35,0.98,0.74,27.19,-42.54,1.17,0.64,164,188,27,260.8,0.0,0.54,0.0
C_NIFTYBEES_xo20_100_n5_smatr100_tax1,NIFTYBEES,xo20_100,cash,weekly,5,smatr100,0,1,0.065,0.003,17.3,-43.5,0.82,0.4,20.08,-43.5,0.94,0.46,17.72,-34.61,0.82,0.51,22.61,-43.5,1.0,0.52,164,188,27,159.3,648.3,0.54,0.1
C_NIFTYBEES_xo20_100_n8_donch10_tax0,NIFTYBEES,xo20_100,cash,weekly,8,donch10,0,0,0.065,0.003,16.38,-22.66,1.1,0.72,18.52,-22.66,1.23,0.82,11.75,-21.5,0.86,0.55,28.88,-17.35,1.62,1.66,164,978,27,250.5,0.0,0.35,0.0
C_NIFTYBEES_xo20_100_n8_donch10_tax1,NIFTYBEES,xo20_100,cash,weekly,8,donch10,0,1,0.065,0.003,13.34,-27.67,0.91,0.48,15.09,-27.67,1.02,0.55,8.96,-26.58,0.67,0.34,23.96,-23.97,1.37,1.0,164,978,27,172.6,309.2,0.35,0.1
C_NIFTYBEES_xo20_100_n8_donch15_tax0,NIFTYBEES,xo20_100,cash,weekly,8,donch15,0,0,0.065,0.003,20.07,-24.18,1.17,0.83,22.32,-22.39,1.31,1.0,16.38,-17.6,1.05,0.93,33.15,-15.73,1.65,2.11,164,772,27,309.7,0.0,0.42,0.0
C_NIFTYBEES_xo20_100_n8_donch15_tax1,NIFTYBEES,xo20_100,cash,weekly,8,donch15,0,1,0.065,0.003,16.32,-25.98,0.97,0.63,18.16,-25.98,1.08,0.7,13.26,-24.15,0.85,0.55,27.37,-20.15,1.39,1.36,164,772,27,196.0,489.4,0.42,0.1
C_NIFTYBEES_xo20_100_n8_donch20_tax0,NIFTYBEES,xo20_100,cash,weekly,8,donch20,0,0,0.065,0.003,21.19,-26.1,1.15,0.81,23.4,-26.1,1.28,0.9,15.82,-20.78,0.96,0.76,34.16,-18.99,1.61,1.8,164,617,27,315.0,0.0,0.47,0.0
C_NIFTYBEES_xo20_100_n8_donch20_tax1,NIFTYBEES,xo20_100,cash,weekly,8,donch20,0,1,0.065,0.003,17.33,-30.0,0.96,0.58,19.12,-30.0,1.07,0.64,12.77,-26.74,0.79,0.48,28.21,-22.95,1.35,1.23,164,617,27,196.3,583.9,0.47,0.1
C_NIFTYBEES_xo20_100_n8_donch25_tax0,NIFTYBEES,xo20_100,cash,weekly,8,donch25,0,0,0.065,0.003,20.22,-32.93,1.07,0.61,20.94,-32.93,1.13,0.64,10.29,-32.93,0.64,0.31,31.76,-19.75,1.47,1.61,164,504,27,258.7,0.0,0.5,0.0
C_NIFTYBEES_xo20_100_n8_donch25_tax1,NIFTYBEES,xo20_100,cash,weekly,8,donch25,0,1,0.065,0.003,16.59,-37.19,0.9,0.45,17.03,-37.19,0.94,0.46,7.85,-37.19,0.51,0.21,26.22,-24.27,1.24,1.08,164,504,27,166.4,527.0,0.5,0.1
C_NIFTYBEES_xo20_100_n8_none_tax0,NIFTYBEES,xo20_100,cash,weekly,8,none,0,0,0.065,0.003,20.45,-33.5,0.93,0.61,22.31,-33.04,1.04,0.68,12.38,-33.04,0.63,0.37,28.23,-33.0,1.21,0.86,164,0,27,146.2,0.0,0.61,0.0
C_NIFTYBEES_xo20_100_n8_none_tax1,NIFTYBEES,xo20_100,cash,weekly,8,none,0,1,0.065,0.003,16.89,-38.92,0.8,0.43,18.55,-38.92,0.89,0.48,9.92,-37.34,0.53,0.27,23.16,-38.92,1.02,0.6,164,0,27,95.7,568.6,0.61,0.1
C_NIFTYBEES_xo20_100_n8_atr20_tax0,NIFTYBEES,xo20_100,cash,weekly,8,atr20,0,0,0.065,0.003,12.39,-31.5,0.88,0.39,13.54,-31.5,0.97,0.43,7.94,-31.5,0.62,0.25,19.27,-27.09,1.21,0.71,164,1071,27,183.4,0.0,0.33,0.0
C_NIFTYBEES_xo20_100_n8_atr20_tax1,NIFTYBEES,xo20_100,cash,weekly,8,atr20,0,1,0.065,0.003,9.81,-35.48,0.71,0.28,10.7,-35.48,0.79,0.3,5.45,-35.48,0.45,0.15,15.43,-31.55,1.0,0.49,164,1071,27,135.3,177.4,0.33,0.1
C_NIFTYBEES_xo20_100_n8_smatr50_tax0,NIFTYBEES,xo20_100,cash,weekly,8,smatr50,0,0,0.065,0.003,19.06,-30.35,1.08,0.63,19.64,-30.35,1.13,0.65,14.65,-29.71,0.93,0.49,25.85,-17.81,1.33,1.45,164,643,27,272.8,0.0,0.44,0.0
C_NIFTYBEES_xo20_100_n8_smatr50_tax1,NIFTYBEES,xo20_100,cash,weekly,8,smatr50,0,1,0.065,0.003,15.59,-35.61,0.9,0.44,15.9,-35.61,0.94,0.45,11.64,-35.02,0.75,0.33,21.52,-22.96,1.13,0.94,164,643,27,175.9,430.9,0.44,0.1
C_NIFTYBEES_xo20_100_n8_smatr100_tax0,NIFTYBEES,xo20_100,cash,weekly,8,smatr100,0,0,0.065,0.003,21.87,-31.93,1.09,0.69,23.55,-31.91,1.21,0.74,11.06,-31.91,0.64,0.35,30.69,-21.13,1.45,1.45,164,317,27,257.5,0.0,0.54,0.0
C_NIFTYBEES_xo20_100_n8_smatr100_tax1,NIFTYBEES,xo20_100,cash,weekly,8,smatr100,0,1,0.065,0.003,18.42,-36.19,0.94,0.51,19.83,-36.19,1.03,0.55,8.51,-36.19,0.52,0.24,26.01,-25.72,1.24,1.01,164,317,27,167.1,662.2,0.54,0.1
C_NIFTYBEES_xo20_100_n10_donch10_tax0,NIFTYBEES,xo20_100,cash,weekly,10,donch10,0,0,0.065,0.003,16.77,-23.98,1.16,0.7,18.57,-23.98,1.28,0.77,9.13,-22.88,0.75,0.4,27.73,-19.17,1.61,1.45,164,1224,27,266.7,0.0,0.35,0.0
C_NIFTYBEES_xo20_100_n10_donch10_tax1,NIFTYBEES,xo20_100,cash,weekly,10,donch10,0,1,0.065,0.003,13.65,-28.39,0.96,0.48,15.06,-28.39,1.05,0.53,6.68,-27.35,0.56,0.24,22.93,-25.41,1.35,0.9,164,1224,27,182.5,327.0,0.35,0.1
C_NIFTYBEES_xo20_100_n10_donch15_tax0,NIFTYBEES,xo20_100,cash,weekly,10,donch15,0,0,0.065,0.003,20.69,-24.63,1.24,0.84,21.76,-22.16,1.33,0.98,11.9,-20.93,0.87,0.57,32.45,-18.53,1.65,1.75,164,964,27,345.2,0.0,0.42,0.0
C_NIFTYBEES_xo20_100_n10_donch15_tax1,NIFTYBEES,xo20_100,cash,weekly,10,donch15,0,1,0.065,0.003,16.82,-27.39,1.02,0.61,17.62,-27.39,1.09,0.64,9.26,-26.24,0.68,0.35,26.81,-22.82,1.39,1.17,164,964,27,216.0,547.2,0.42,0.1
C_NIFTYBEES_xo20_100_n10_donch20_tax0,NIFTYBEES,xo20_100,cash,weekly,10,donch20,0,0,0.065,0.003,21.26,-28.11,1.18,0.76,21.93,-28.11,1.25,0.78,11.25,-27.44,0.77,0.41,33.48,-20.22,1.6,1.66,164,788,27,323.5,0.0,0.47,0.0
C_NIFTYBEES_xo20_100_n10_donch20_tax1,NIFTYBEES,xo20_100,cash,weekly,10,donch20,0,1,0.065,0.003,17.34,-32.89,0.98,0.53,17.76,-32.89,1.03,0.54,8.62,-32.26,0.6,0.27,27.45,-24.37,1.34,1.13,164,788,27,202.2,602.0,0.47,0.1
C_NIFTYBEES_xo20_100_n10_donch25_tax0,NIFTYBEES,xo20_100,cash,weekly,10,donch25,0,0,0.065,0.003,21.33,-35.52,1.14,0.6,20.94,-35.52,1.17,0.59,7.07,-35.52,0.5,0.2,33.23,-21.0,1.54,1.58,164,636,27,304.8,0.0,0.5,0.1
C_NIFTYBEES_xo20_100_n10_donch25_tax1,NIFTYBEES,xo20_100,cash,weekly,10,donch25,0,1,0.065,0.003,17.48,-38.95,0.95,0.45,16.95,-38.95,0.96,0.44,4.89,-38.95,0.38,0.13,27.35,-25.08,1.3,1.09,164,636,27,191.1,626.9,0.5,0.1
C_NIFTYBEES_xo20_100_n10_none_tax0,NIFTYBEES,xo20_100,cash,weekly,10,none,0,0,0.065,0.003,20.37,-41.14,0.96,0.5,20.71,-41.14,1.01,0.5,8.21,-41.14,0.48,0.2,27.77,-29.51,1.24,0.94,164,0,27,145.8,0.0,0.61,0.1
C_NIFTYBEES_xo20_100_n10_none_tax1,NIFTYBEES,xo20_100,cash,weekly,10,none,0,1,0.065,0.003,16.99,-44.46,0.82,0.38,17.31,-44.46,0.87,0.39,6.0,-44.46,0.38,0.13,23.1,-35.69,1.06,0.65,164,0,27,97.5,561.5,0.61,0.1
C_NIFTYBEES_xo20_100_n10_atr20_tax0,NIFTYBEES,xo20_100,cash,weekly,10,atr20,0,0,0.065,0.003,13.28,-31.77,0.96,0.42,13.71,-31.77,1.03,0.43,6.01,-31.34,0.53,0.19,19.35,-23.89,1.26,0.81,164,1331,27,211.9,0.0,0.33,0.0
C_NIFTYBEES_xo20_100_n10_atr20_tax1,NIFTYBEES,xo20_100,cash,weekly,10,atr20,0,1,0.065,0.003,10.61,-35.37,0.78,0.3,10.92,-35.37,0.83,0.31,3.85,-34.96,0.36,0.11,15.71,-28.18,1.05,0.56,164,1331,27,152.6,193.8,0.33,0.1
C_NIFTYBEES_xo20_100_n10_smatr50_tax0,NIFTYBEES,xo20_100,cash,weekly,10,smatr50,0,0,0.065,0.003,21.21,-34.59,1.21,0.61,20.22,-34.59,1.2,0.58,9.43,-34.59,0.67,0.27,30.31,-18.52,1.54,1.64,164,819,27,357.7,0.0,0.44,0.1
C_NIFTYBEES_xo20_100_n10_smatr50_tax1,NIFTYBEES,xo20_100,cash,weekly,10,smatr50,0,1,0.065,0.003,17.34,-38.81,1.0,0.45,16.36,-38.81,0.98,0.42,6.99,-38.81,0.52,0.18,25.19,-24.73,1.3,1.02,164,819,27,221.5,605.9,0.44,0.1
C_NIFTYBEES_xo20_100_n10_smatr100_tax0,NIFTYBEES,xo20_100,cash,weekly,10,smatr100,0,0,0.065,0.003,21.54,-38.46,1.1,0.56,22.54,-38.46,1.2,0.59,6.9,-38.46,0.47,0.18,31.58,-18.71,1.5,1.69,164,412,27,243.4,0.0,0.54,0.1
C_NIFTYBEES_xo20_100_n10_smatr100_tax1,NIFTYBEES,xo20_100,cash,weekly,10,smatr100,0,1,0.065,0.003,18.05,-41.51,0.94,0.43,18.92,-41.51,1.02,0.46,4.63,-41.51,0.34,0.11,26.85,-25.24,1.29,1.06,164,412,27,157.7,633.5,0.54,0.1
C_NIFTYBEES_xo20_100_n12_donch10_tax0,NIFTYBEES,xo20_100,cash,weekly,12,donch10,0,0,0.065,0.003,15.79,-24.25,1.14,0.65,17.4,-24.25,1.26,0.72,6.7,-24.25,0.61,0.28,27.81,-16.87,1.66,1.65,164,1478,27,226.9,0.0,0.35,0.1
C_NIFTYBEES_xo20_100_n12_donch10_tax1,NIFTYBEES,xo20_100,cash,weekly,12,donch10,0,1,0.065,0.003,12.85,-27.84,0.94,0.46,14.13,-27.84,1.04,0.51,4.76,-27.84,0.45,0.17,23.0,-22.88,1.39,1.01,164,1478,27,160.0,277.1,0.35,0.1
C_NIFTYBEES_xo20_100_n12_donch15_tax0,NIFTYBEES,xo20_100,cash,weekly,12,donch15,0,0,0.065,0.003,19.78,-23.55,1.24,0.84,21.07,-23.55,1.34,0.89,9.59,-23.27,0.76,0.41,33.4,-16.98,1.75,1.97,164,1156,27,285.0,0.0,0.42,0.1
C_NIFTYBEES_xo20_100_n12_donch15_tax1,NIFTYBEES,xo20_100,cash,weekly,12,donch15,0,1,0.065,0.003,16.18,-27.67,1.02,0.58,17.2,-27.67,1.1,0.62,7.43,-27.41,0.6,0.27,27.85,-20.24,1.47,1.38,164,1156,27,185.3,482.5,0.42,0.1
C_NIFTYBEES_xo20_100_n12_donch20_tax0,NIFTYBEES,xo20_100,cash,weekly,12,donch20,0,0,0.065,0.003,20.3,-26.11,1.17,0.78,21.63,-26.03,1.28,0.83,10.78,-26.03,0.79,0.41,34.66,-20.64,1.68,1.68,164,944,27,262.0,0.0,0.47,0.1
C_NIFTYBEES_xo20_100_n12_donch20_tax1,NIFTYBEES,xo20_100,cash,weekly,12,donch20,0,1,0.065,0.003,16.77,-30.31,0.98,0.55,17.83,-30.31,1.07,0.59,8.36,-30.31,0.62,0.28,29.0,-23.46,1.42,1.24,164,944,27,171.7,533.8,0.47,0.1
C_NIFTYBEES_xo20_100_n12_donch25_tax0,NIFTYBEES,xo20_100,cash,weekly,12,donch25,0,0,0.065,0.003,20.3,-32.46,1.13,0.63,20.21,-32.46,1.17,0.62,6.9,-32.46,0.52,0.21,33.57,-21.51,1.59,1.56,164,771,27,249.6,0.0,0.5,0.1
C_NIFTYBEES_xo20_100_n12_donch25_tax1,NIFTYBEES,xo20_100,cash,weekly,12,donch25,0,1,0.065,0.003,16.78,-35.45,0.95,0.47,16.6,-35.45,0.98,0.47,4.98,-35.45,0.4,0.14,28.11,-24.46,1.34,1.15,164,771,27,162.8,544.0,0.5,0.1
C_NIFTYBEES_xo20_100_n12_none_tax0,NIFTYBEES,xo20_100,cash,weekly,12,none,0,0,0.065,0.003,17.87,-41.01,0.88,0.44,18.08,-41.01,0.93,0.44,7.71,-41.01,0.47,0.19,25.78,-28.05,1.19,0.92,164,0,27,101.8,0.0,0.61,0.1
C_NIFTYBEES_xo20_100_n12_none_tax1,NIFTYBEES,xo20_100,cash,weekly,12,none,0,1,0.065,0.003,14.9,-43.98,0.76,0.34,15.12,-43.98,0.8,0.34,5.69,-43.98,0.38,0.13,21.57,-34.6,1.01,0.62,164,0,27,71.8,395.2,0.61,0.1
C_NIFTYBEES_xo20_100_n12_atr20_tax0,NIFTYBEES,xo20_100,cash,weekly,12,atr20,0,0,0.065,0.003,13.31,-28.44,1.0,0.47,13.74,-28.44,1.07,0.48,5.01,-28.44,0.48,0.18,19.38,-22.26,1.29,0.87,164,1596,27,212.7,0.0,0.33,0.1
C_NIFTYBEES_xo20_100_n12_atr20_tax1,NIFTYBEES,xo20_100,cash,weekly,12,atr20,0,1,0.065,0.003,10.72,-31.59,0.82,0.34,11.03,-31.59,0.87,0.35,3.24,-31.59,0.33,0.1,15.82,-26.11,1.08,0.61,164,1596,27,154.5,190.6,0.33,0.1
C_NIFTYBEES_xo20_100_n12_smatr50_tax0,NIFTYBEES,xo20_100,cash,weekly,12,smatr50,0,0,0.065,0.003,20.73,-30.02,1.24,0.69,19.84,-30.02,1.23,0.66,8.84,-30.02,0.68,0.29,29.93,-16.79,1.58,1.78,164,992,27,329.1,0.0,0.44,0.1
C_NIFTYBEES_xo20_100_n12_smatr50_tax1,NIFTYBEES,xo20_100,cash,weekly,12,smatr50,0,1,0.065,0.003,17.07,-34.04,1.03,0.5,16.24,-34.04,1.02,0.48,6.71,-34.04,0.53,0.2,25.02,-21.92,1.33,1.14,164,992,27,209.2,563.1,0.44,0.1
C_NIFTYBEES_xo20_100_n12_smatr100_tax0,NIFTYBEES,xo20_100,cash,weekly,12,smatr100,0,0,0.065,0.003,20.6,-37.58,1.09,0.55,21.08,-37.58,1.16,0.56,6.25,-37.58,0.45,0.17,30.56,-18.34,1.48,1.67,164,509,27,213.8,0.0,0.54,0.1
C_NIFTYBEES_xo20_100_n12_smatr100_tax1,NIFTYBEES,xo20_100,cash,weekly,12,smatr100,0,1,0.065,0.003,17.24,-40.42,0.93,0.43,17.63,-40.42,0.99,0.44,4.19,-40.42,0.33,0.1,25.82,-24.09,1.26,1.07,164,509,27,141.4,560.2,0.54,0.1
C_NIFTYBEES_xo20_100_n16_donch10_tax0,NIFTYBEES,xo20_100,cash,weekly,16,donch10,0,0,0.065,0.003,14.03,-25.91,1.07,0.54,15.06,-25.91,1.17,0.58,4.96,-25.62,0.5,0.19,24.22,-17.97,1.54,1.35,164,1983,27,191.6,0.0,0.34,0.1
C_NIFTYBEES_xo20_100_n16_donch10_tax1,NIFTYBEES,xo20_100,cash,weekly,16,donch10,0,1,0.065,0.003,11.42,-29.1,0.88,0.39,12.2,-29.1,0.96,0.42,3.24,-28.82,0.35,0.11,20.07,-23.25,1.29,0.86,164,1983,27,140.6,210.6,0.35,0.1
C_NIFTYBEES_xo20_100_n16_donch15_tax0,NIFTYBEES,xo20_100,cash,weekly,16,donch15,0,0,0.065,0.003,17.92,-25.89,1.19,0.69,19.22,-25.89,1.31,0.74,7.06,-25.48,0.62,0.28,30.71,-15.54,1.72,1.98,164,1561,27,235.3,0.0,0.42,0.1
C_NIFTYBEES_xo20_100_n16_donch15_tax1,NIFTYBEES,xo20_100,cash,weekly,16,donch15,0,1,0.065,0.003,14.6,-29.65,0.98,0.49,15.63,-29.65,1.07,0.53,5.17,-29.26,0.47,0.18,25.51,-21.27,1.44,1.2,164,1561,27,158.2,371.6,0.42,0.1
C_NIFTYBEES_xo20_100_n16_donch20_tax0,NIFTYBEES,xo20_100,cash,weekly,16,donch20,0,0,0.065,0.003,19.32,-26.48,1.18,0.73,20.76,-26.48,1.3,0.78,8.06,-26.48,0.65,0.3,33.4,-17.94,1.71,1.86,164,1271,27,235.5,0.0,0.47,0.1
C_NIFTYBEES_xo20_100_n16_donch20_tax1,NIFTYBEES,xo20_100,cash,weekly,16,donch20,0,1,0.065,0.003,15.97,-30.23,0.99,0.53,17.1,-30.23,1.08,0.57,6.08,-30.23,0.51,0.2,27.86,-23.55,1.43,1.18,164,1271,27,158.3,470.2,0.47,0.1
C_NIFTYBEES_xo20_100_n16_donch25_tax0,NIFTYBEES,xo20_100,cash,weekly,16,donch25,0,0,0.065,0.003,19.52,-35.48,1.14,0.55,19.47,-35.48,1.18,0.55,3.67,-35.48,0.32,0.1,32.85,-18.76,1.63,1.75,164,1052,27,225.9,0.0,0.5,0.1
C_NIFTYBEES_xo20_100_n16_donch25_tax1,NIFTYBEES,xo20_100,cash,weekly,16,donch25,0,1,0.065,0.003,16.14,-37.83,0.96,0.43,16.02,-37.83,0.98,0.42,2.26,-37.83,0.23,0.06,27.44,-23.07,1.37,1.19,164,1052,27,150.4,486.7,0.5,0.1
C_NIFTYBEES_xo20_100_n16_none_tax0,NIFTYBEES,xo20_100,cash,weekly,16,none,0,0,0.065,0.003,17.72,-42.54,0.91,0.42,18.89,-42.54,1.01,0.44,4.19,-42.54,0.32,0.1,28.47,-25.85,1.34,1.1,164,0,27,89.6,0.0,0.61,0.1
C_NIFTYBEES_xo20_100_n16_none_tax1,NIFTYBEES,xo20_100,cash,weekly,16,none,0,1,0.065,0.003,14.86,-44.67,0.78,0.33,16.0,-44.67,0.87,0.36,2.24,-44.67,0.21,0.05,24.41,-27.97,1.17,0.87,164,0,27,64.1,363.2,0.61,0.1
C_NIFTYBEES_xo20_100_n16_atr20_tax0,NIFTYBEES,xo20_100,cash,weekly,16,atr20,0,0,0.065,0.003,12.25,-31.38,0.96,0.39,12.61,-31.38,1.02,0.4,2.54,-30.85,0.28,0.08,18.27,-22.68,1.26,0.81,164,2129,27,188.9,0.0,0.33,0.1
C_NIFTYBEES_xo20_100_n16_atr20_tax1,NIFTYBEES,xo20_100,cash,weekly,16,atr20,0,1,0.065,0.003,9.8,-33.74,0.78,0.29,10.05,-33.74,0.83,0.3,1.12,-33.23,0.16,0.03,14.84,-26.74,1.04,0.55,164,2129,27,139.7,165.7,0.33,0.1
C_NIFTYBEES_xo20_100_n16_smatr50_tax0,NIFTYBEES,xo20_100,cash,weekly,16,smatr50,0,0,0.065,0.003,19.14,-28.8,1.21,0.66,18.16,-28.8,1.21,0.63,7.01,-28.8,0.59,0.24,26.96,-14.99,1.53,1.8,164,1343,27,278.2,0.0,0.43,0.1
C_NIFTYBEES_xo20_100_n16_smatr50_tax1,NIFTYBEES,xo20_100,cash,weekly,16,smatr50,0,1,0.065,0.003,15.76,-32.12,1.01,0.49,14.88,-32.12,1.0,0.46,5.23,-32.12,0.46,0.16,22.48,-20.67,1.29,1.09,164,1343,27,183.4,446.4,0.43,0.1
C_NIFTYBEES_xo20_100_n16_smatr100_tax0,NIFTYBEES,xo20_100,cash,weekly,16,smatr100,0,0,0.065,0.003,19.7,-38.08,1.09,0.52,20.13,-38.08,1.17,0.53,3.42,-38.08,0.3,0.09,30.68,-19.2,1.53,1.6,164,697,27,185.4,0.0,0.53,0.1
C_NIFTYBEES_xo20_100_n16_smatr100_tax1,NIFTYBEES,xo20_100,cash,weekly,16,smatr100,0,1,0.065,0.003,16.52,-40.34,0.93,0.41,16.9,-40.34,0.99,0.42,1.88,-40.34,0.2,0.05,26.1,-23.49,1.31,1.11,164,697,27,125.8,486.9,0.53,0.1
