book,venue,day,dte_trd,cfg,entry_hm,win_end,sl_shape,qty,lots,mode,mgmt,k_actual,k_fwd,misstrike,steps_off,fwd,spot_rec,booked_credit,booked_exit,booked_reason,booked_exit_ts,booked_pnl,rep_a_credit,rep_a_exit,rep_a_reason,rep_a_exit_hm,rep_a_gross,rep_a_net,rep_f_credit,rep_f_exit,rep_f_reason,rep_f_exit_hm,rep_f_gross,rep_f_net,delta_net,dwell_mode
CSL_TIMEB_NIFTY,NIFTY,2026-08-14,2,10:00->12:00 SL20,10:00,12:00,20,130,2,PAPER,,24350,24350,0,0,24374.25,24343.55,183.2,174.05,TIME_EXIT,12:00:04,1029,183.75,173.7,TIME,12:00,1307,1197,183.75,173.7,TIME,12:00,1307,1197,0,TOUCH
CSL_TIMEB_SENSEX,SENSEX,2026-08-14,4,10:30->12:00 SL20,10:30,12:00,20,120,6,PAPER,,77800,77900,1,1,77942.5,77787.14,826.4,809.25,TIME_EXIT,12:00:04,1898,826.1,808.3,TIME,12:00,2136,1852,815.3,800.6,TIME,12:00,1764,1482,-370,TOUCH
NAS_COMB20,NIFTY,2026-08-14,2,09:16->15:20 SL30,09:16,15:20,30,130,2,PAPER,,24300,24350,1,1,24370.1,24329.0,202.05,197.25,TIME_EXIT,15:20:01,464,200.7,198.55,TIME,15:20,279,166,192.1,178.2,TIME,15:20,1807,1696,1530,TOUCH
CSL30F_NIFTY,NIFTY,2026-08-14,2,09:16->15:20 SL30,09:16,15:20,30,130,2,PAPER,,24300,24350,1,1,24370.1,24329.0,201.45,198.4,TIME_EXIT,15:20:01,236,200.7,198.55,TIME,15:20,279,166,192.1,178.2,TIME,15:20,1807,1696,1530,TOUCH
CSL30F_SENSEX,SENSEX,2026-08-14,4,09:16->15:20 SL30,09:16,15:20,30,60,3,PAPER,,77800,77900,1,1,77937.35,77774.37,884.7,848.35,TIME_EXIT,15:20:01,2021,876.15,851.05,TIME,15:20,1506,1359,869.55,821.6,TIME,15:20,2877,2731,1372,TOUCH
NAS_C20_TRAIL,NIFTY,2026-08-14,2,09:16->15:20 SL20,09:16,15:20,20,130,2,PAPER,trail,24300,24350,1,1,24370.1,24329.0,201.45,198.45,TIME_EXIT,15:20:01,230,200.7,198.55,TIME,15:20,279,166,192.1,178.2,TIME,15:20,1807,1696,1530,TOUCH
NAS_C20_SHIFT,NIFTY,2026-08-14,2,09:16->15:20 SL20,09:16,15:20,20,130,2,PAPER,shift,24300,24350,1,1,24370.1,24329.0,201.45,198.45,TIME_EXIT,15:20:01,230,200.7,198.55,TIME,15:20,279,166,192.1,178.2,TIME,15:20,1807,1696,1530,TOUCH
CSL_TIMEB_NIFTY,NIFTY,2026-08-17,1,13:00->14:00 SL20,13:00,14:00,20,390,6,REAL,,24350,24400,1,1,24375.95,24334.0,124.35,120.85,TIME_EXIT,14:00:03,1205,125.05,121.1,TIME,14:00,1540,1254,125.8,119.0,TIME,14:00,2652,2366,1111,TOUCH
CSL_TIMEB_SENSEX,SENSEX,2026-08-17,3,13:00->14:00 SL20,13:00,14:00,20,120,6,PAPER,,77800,78000,1,2,78002.5,77841.43,693.25,686.35,TIME_EXIT,14:00:03,668,693.5,684.95,TIME,14:00,1026,771,670.8,658.45,TIME,14:00,1482,1233,461,TOUCH
NAS_COMB20,NIFTY,2026-08-17,1,09:16->15:20 SL30,09:16,15:20,30,130,2,PAPER,,24300,24300,0,0,24323.6,24307.95,133.35,133.05,TIME_EXIT,15:20:10,-121,135.0,133.05,TIME,15:20,253,156,135.0,133.05,TIME,15:20,253,156,0,TOUCH
CSL_TIMEB_NIFTY,NIFTY,2026-08-18,0,09:30->11:00 SL25,09:30,11:00,25,520,8,REAL,,24250,24250,0,0,24237.15,24245.1,81.8,77.25,TIME_EXIT,11:00:03,2206,80.45,78.5,TIME,11:00,1014,676,80.45,78.5,TIME,11:00,1014,676,0,TOUCH
CSL_TIMEB_SENSEX,SENSEX,2026-08-18,2,09:25->11:00 SL20,09:25,11:00,20,120,6,PAPER,,77500,77600,1,1,77555.15,77498.77,588.95,569.45,TIME_EXIT,11:00:03,2180,594.05,573.1,TIME,11:00,2514,2282,592.65,592.35,TIME,11:00,36,-196,-2479,TOUCH
NAS_COMB20,NIFTY,2026-08-18,0,09:16->15:20 SL25,09:16,15:20,25,130,2,PAPER,,24250,24250,0,0,24241.0,24244.35,86.95,58.45,TIME_EXIT,15:20:15,3545,87.6,57.25,TIME,15:20,3945,3861,87.6,57.25,TIME,15:20,3945,3861,0,TOUCH
CSL30F_SENSEX,SENSEX,2026-08-18,2,09:16->15:20 SL30,09:16,15:20,30,60,3,PAPER,,77500,77600,1,1,77567.65,77527.32,575.2,531.3,TIME_EXIT,15:20:00,2474,585.65,531.3,TIME,15:20,3261,3147,581.5,547.95,TIME,15:20,2013,1899,-1248,TOUCH
CSL_TIMEB_SENSEX,SENSEX,2026-08-19,1,10:30->12:00 SL20,10:30,12:00,20,160,8,REAL,,76900,77000,1,1,77014.3,76935.64,441.62,439.19,TIME_EXIT,12:00:09,229,441.4,435.6,TIME,12:00,928,664,431.35,419.35,TIME,12:00,1920,1659,995,TOUCH
CSL30F_NIFTY,NIFTY,2026-08-19,4,09:16->15:20 SL30,09:16,15:20,30,130,2,PAPER,,24100,24150,1,1,24145.3,24120.3,262.3,234.15,TIME_EXIT,15:20:00,3500,262.5,234.15,TIME,15:20,3686,3558,258.6,235.15,TIME,15:20,3049,2922,-636,TOUCH
CSL30F_SENSEX,SENSEX,2026-08-19,1,09:16->15:20 SL30,09:16,15:20,30,60,3,PAPER,,77100,77200,1,1,77164.8,77141.55,468.8,397.75,TIME_EXIT,15:20:00,4103,465.9,395.95,TIME,15:20,4197,4097,464.65,424.75,TIME,15:20,2394,2293,-1804,TOUCH
NAS_C20_TRAIL,NIFTY,2026-08-19,4,09:16->15:20 SL20,09:16,15:20,20,130,2,PAPER,trail,24100,24150,1,1,24145.3,24120.3,262.75,234.15,TIME_EXIT,15:20:00,3558,262.5,234.15,TIME,15:20,3686,3558,258.6,235.15,TIME,15:20,3049,2922,-636,TOUCH
NAS_C20_SHIFT,NIFTY,2026-08-19,4,09:16->15:20 SL20,09:16,15:20,20,130,2,PAPER,shift,24100,24150,1,1,24145.3,24120.3,262.75,234.15,TIME_EXIT,15:20:00,3558,262.5,234.15,TIME,15:20,3686,3558,258.6,235.15,TIME,15:20,3049,2922,-636,TOUCH
CSL_TIMEB_SENSEX,SENSEX,2026-08-20,0,13:00->15:20 SLnone,13:00,15:20,none,160,8,REAL,,77600,77600,0,0,77572.65,77521.99,173.79,144.45,TIME_EXIT,15:20:00,4534,173.55,142.5,TIME,15:20,4968,4786,173.55,142.5,TIME,15:20,4968,4786,0,TOUCH
NAS_COMB20,NIFTY,2026-08-20,3,09:16->15:20 SL20,09:16,15:20,20,325,5,REAL,,24200,24250,1,1,24258.7,24213.45,207.75,208.45,TIME_EXIT,15:20:00,-387,210.2,208.7,TIME,15:20,487,197,206.75,193.0,TIME,15:20,4469,4182,3985,TOUCH
CSL30F_NIFTY,NIFTY,2026-08-20,3,09:16->15:20 SL30,09:16,15:20,30,130,2,PAPER,,24200,24250,1,1,24258.7,24213.45,211.25,208.45,TIME_EXIT,15:20:00,204,210.2,208.7,TIME,15:20,195,79,206.75,193.0,TIME,15:20,1788,1673,1594,TOUCH
CSL30F_SENSEX,SENSEX,2026-08-20,0,09:16->15:20 SL30,09:16,15:20,30,60,3,PAPER,,77500,77500,0,0,77472.65,77465.68,267.3,123.25,TIME_EXIT,15:20:00,8483,271.15,123.1,TIME,15:20,8883,8807,271.15,123.1,TIME,15:20,8883,8807,0,TOUCH
NAS_C20_TRAIL,NIFTY,2026-08-20,3,09:16->15:20 SL20,09:16,15:20,20,130,2,PAPER,trail,24200,24250,1,1,24258.7,24213.45,211.35,208.45,TIME_EXIT,15:20:00,217,210.2,208.7,TIME,15:20,195,79,206.75,193.0,TIME,15:20,1788,1673,1594,TOUCH
NAS_C20_SHIFT,NIFTY,2026-08-20,3,09:16->15:20 SL20,09:16,15:20,20,130,2,PAPER,shift,24200,24250,1,1,24258.7,24213.45,211.35,208.45,TIME_EXIT,15:20:00,217,210.2,208.7,TIME,15:20,195,79,206.75,193.0,TIME,15:20,1788,1673,1594,TOUCH
CSL_TIMEB_NIFTY,NIFTY,2026-08-21,2,10:00->12:00 SL20,10:00,12:00,20,520,8,REAL,,24250,24300,1,1,24295.4,24246.9,175.13,168.29,TIME_EXIT,12:00:05,3399,175.8,168.65,TIME,12:00,3718,3288,169.4,163.35,TIME,12:00,3146,2722,-566,TOUCH
NAS_COMB20,NIFTY,2026-08-21,2,09:16->15:20 SL30,09:16,15:20,30,130,2,REAL,,24250,24300,1,1,24307.35,24261.15,184.2,163.7,TIME_EXIT,15:20:03,2505,179.45,162.95,TIME,15:20,2145,2037,170.35,157.75,TIME,15:20,1638,1532,-505,TOUCH
CSL30F_NIFTY,NIFTY,2026-08-21,2,09:16->15:20 SL40,09:16,15:20,40,130,2,PAPER,,24250,24300,1,1,24307.35,24261.15,179.45,163.7,TIME_EXIT,15:20:03,1888,179.45,162.95,TIME,15:20,2145,2037,170.35,157.75,TIME,15:20,1638,1532,-505,TOUCH
CSL30F_SENSEX,SENSEX,2026-08-21,4,09:16->15:20 SL25,09:16,15:20,25,60,3,PAPER,,77600,77800,1,2,77793.15,77593.11,815.55,753.55,TIME_EXIT,15:20:03,3560,809.55,750.1,TIME,15:20,3567,3428,783.3,737.9,TIME,15:20,2724,2588,-840,TOUCH
NAS_C20_TRAIL,NIFTY,2026-08-21,2,09:16->15:20 SL20,09:16,15:20,20,130,2,PAPER,trail,24250,24300,1,1,24307.35,24261.15,179.45,163.7,TIME_EXIT,15:20:03,1888,179.45,162.95,TIME,15:20,2145,2037,170.35,157.75,TIME,15:20,1638,1532,-505,TOUCH
NAS_C20_SHIFT,NIFTY,2026-08-21,2,09:16->15:20 SL20,09:16,15:20,20,130,2,PAPER,shift,24250,24300,1,1,24307.35,24261.15,179.45,163.7,TIME_EXIT,15:20:03,1888,179.45,162.95,TIME,15:20,2145,2037,170.35,157.75,TIME,15:20,1638,1532,-505,TOUCH
NAS_COMB20,NIFTY,2026-08-24,1,09:16->15:20 SL30,09:16,15:20,30,130,2,REAL,,24300,24350,1,1,24335.75,24297.35,125.25,161.7,SL_DWELL,11:37:00,-4899,124.85,164.05,SL,13:06,-5096,-6850,118.5,156.8,SL,11:06,-4979,-6731,119,TOUCH
CSL30F_NIFTY,NIFTY,2026-08-24,1,09:16->15:20 SL30,09:16,15:20,30,130,2,PAPER,,24300,24350,1,1,24335.75,24297.35,125.85,163.05,SL_DWELL,11:37:00,-4996,124.85,164.05,SL,13:06,-5096,-6850,118.5,156.8,SL,11:06,-4979,-6731,119,TOUCH
CSL_TIMEB2_NIFTY,NIFTY,2026-08-24,1,10:00->12:00 SL25,10:00,12:00,25,130,2,PAPER,,24250,24300,1,1,24308.6,24268.2,130.5,134.3,TIME_EXIT,12:00:04,-654,130.4,134.45,TIME,12:00,-526,-624,116.9,149.25,SL,11:31,-4205,-5957,-5334,TOUCH
CSL_TIMEB_NIFTY_MON,NIFTY,2026-08-24,1,13:00->14:00 SL20,13:00,14:00,20,520,8,PAPER,,24200,24200,0,0,24200.55,24181.85,123.35,119.65,TIME_EXIT,14:00:02,1764,123.75,119.65,TIME,14:00,2132,1752,123.75,119.65,TIME,14:00,2132,1752,0,TOUCH
NAS_C20_TRAIL,NIFTY,2026-08-24,1,09:16->15:20 SL20+trail,09:16,15:20,20,130,2,PAPER,trail,24300,24350,1,1,24335.75,24297.35,126.0,26,TRAIL_EXIT,14:31:11,-3442,124.85,156.05,SL,11:32,-4056,-5810,118.5,147.6,SL,11:04,-3783,-5535,275,TOUCH
CSL30F_SENSEX,SENSEX,2026-08-24,3,09:16->15:20 SL20,09:16,15:20,20,60,3,PAPER,,77700,77900,1,2,77868.3,77742.17,663.3,688.6,TIME_EXIT,15:20:00,-1678,664.8,683.4,TIME,15:20,-1116,-1241,642.65,784.05,SL,11:32,-8484,-9374,-8133,TOUCH
NAS_C20_SHIFT,NIFTY,2026-08-24,1,09:16->15:20 SL20,09:16,15:20,20,130,2,PAPER,shift,24200,24350,1,3,24335.75,24297.35,132.5,119.8,TIME_EXIT,15:20:00,-2348,173.8,118.7,TIME,15:20,7163,7059,118.5,147.6,SL,11:04,-3783,-5535,-12594,TOUCH
NAS_C20_TRAIL,NIFTY,2026-08-25,0,09:16->15:20 SL20+trail,09:16,15:20,20,130,2,PAPER,trail,24150,24150,0,0,24145.5,24147.45,81.75,22.3,TRAIL_EXIT,09:39:02,-2246,83.4,108.1,SL,14:52,-3211,-4954,83.4,108.1,SL,14:52,-3211,-4954,0,TOUCH
CSL_TIMEB_NIFTY,NIFTY,2026-08-25,0,09:30->11:00 SL25,09:30,11:00,25,520,8,REAL,,24200,24200,0,0,24199.1,24181.5,82.7,75.85,TIME_EXIT,11:00:06,3402,82.2,75.8,TIME,11:00,3328,2989,82.2,75.8,TIME,11:00,3328,2989,0,TOUCH
CSL_TIMEB2_NIFTY,NIFTY,2026-08-25,0,13:00->14:00 SL25,13:00,14:00,25,130,2,PAPER,,24150,24150,0,0,24169.0,24157.05,53.7,45.8,TIME_EXIT,14:00:01,867,54.4,45.4,TIME,14:00,1170,1092,54.4,45.4,TIME,14:00,1170,1092,0,TOUCH
CSL30F_NIFTY,NIFTY,2026-08-25,0,09:16->15:20 SL25,09:16,15:20,25,130,2,PAPER,,24150,24150,0,0,24145.5,24147.45,81.75,104.25,SL_DWELL,14:51:58,-3085,83.4,108.1,SL,14:52,-3211,-4954,83.4,108.1,SL,14:52,-3211,-4954,0,TOUCH
NAS_COMB20,NIFTY,2026-08-25,0,09:16->15:20 SL25,09:16,15:20,25,130,2,REAL,,24150,24150,0,0,24145.5,24147.45,83.25,110.67,SL_DWELL,14:52:07,-3725,83.4,108.1,SL,14:52,-3211,-4954,83.4,108.1,SL,14:52,-3211,-4954,0,TOUCH
CSL30F_SENSEX,SENSEX,2026-08-25,2,09:16->15:20 SL20,09:16,15:20,20,60,3,PAPER,,77200,77200,0,0,77247.8,77172.52,583.85,720.1,SL_DWELL,14:52:07,-8335,574.1,690.75,SL,14:50,-6999,-7881,574.1,690.75,SL,14:50,-6999,-7881,0,TOUCH
NAS_C20_SHIFT,NIFTY,2026-08-25,0,09:16->15:20 SL20,09:16,15:20,20,130,2,PAPER,shift,24200,24150,1,-1,24145.5,24147.45,88.3,81.25,TIME_EXIT,15:20:04,-1535,97.55,87.15,TIME,15:20,1352,1264,83.4,108.1,SL,14:52,-3211,-4954,-6218,TOUCH
CSL_TIMEB_SENSEX,SENSEX,2026-08-26,1,10:30->12:00 SL20,10:30,12:00,20,160,8,REAL,,77700,77900,1,2,77868.8,77737.28,419.67,404.41,TIME_EXIT,12:00:09,2282,422.3,403.45,TIME,12:00,3016,2758,388.5,398.2,TIME,12:00,-1552,-1801,-4560,TOUCH
CSL30F_SENSEX_WED,SENSEX,2026-08-26,1,09:16->15:20 SL30,09:16,15:20,30,60,3,REAL,,77900,78000,1,1,78007.35,77903.03,411.77,373.85,TIME_EXIT,15:20:05,2115,417.85,375.85,TIME,15:20,2520,2425,404.3,412.5,TIME,15:20,-492,-587,-3012,TOUCH
CSL30F_NIFTY,NIFTY,2026-08-26,4,09:16->15:20 SL30,09:16,15:20,30,130,2,PAPER,,24350,24450,1,2,24427.45,24337.3,227.5,214.75,TIME_EXIT,15:20:05,1498,229.45,214.2,TIME,15:20,1982,1862,216.0,218.6,TIME,15:20,-338,-456,-2318,TOUCH
CSL30F_SENSEX,SENSEX,2026-08-26,1,09:16->15:20 SL20,09:16,15:20,20,60,3,PAPER,,77900,78000,1,1,78007.35,77903.03,416.0,374.25,TIME_EXIT,15:20:06,2345,417.85,375.85,TIME,15:20,2520,2425,404.3,412.5,TIME,15:20,-492,-587,-3012,TOUCH
NAS_C20_TRAIL,NIFTY,2026-08-26,4,09:16->15:20 SL20,09:16,15:20,20,130,2,PAPER,trail,24350,24450,1,2,24427.45,24337.3,227.6,214.75,TIME_EXIT,15:20:06,1510,229.45,214.2,TIME,15:20,1982,1862,216.0,218.6,TIME,15:20,-338,-456,-2318,TOUCH
NAS_C20_SHIFT,NIFTY,2026-08-26,4,09:16->15:20 SL20,09:16,15:20,20,130,2,PAPER,shift,24350,24450,1,2,24427.45,24337.3,227.6,214.75,TIME_EXIT,15:20:06,1510,229.45,214.2,TIME,15:20,1982,1862,216.0,218.6,TIME,15:20,-338,-456,-2318,TOUCH
CSL_TIMEB_NIFTY,NIFTY,2026-08-14,2,10:00->12:00 SL20,10:00,12:00,20,130,2,PAPER,,24350,24350,0,0,24374.25,24343.55,183.2,174.05,TIME_EXIT,12:00:04,1029,183.75,173.7,TIME,12:00,1307,1197,183.75,173.7,TIME,12:00,1307,1197,0,DWELL2
CSL_TIMEB_SENSEX,SENSEX,2026-08-14,4,10:30->12:00 SL20,10:30,12:00,20,120,6,PAPER,,77800,77900,1,1,77942.5,77787.14,826.4,809.25,TIME_EXIT,12:00:04,1898,826.1,808.3,TIME,12:00,2136,1852,815.3,800.6,TIME,12:00,1764,1482,-370,DWELL2
NAS_COMB20,NIFTY,2026-08-14,2,09:16->15:20 SL30,09:16,15:20,30,130,2,PAPER,,24300,24350,1,1,24370.1,24329.0,202.05,197.25,TIME_EXIT,15:20:01,464,200.7,198.55,TIME,15:20,279,166,192.1,178.2,TIME,15:20,1807,1696,1530,DWELL2
CSL30F_NIFTY,NIFTY,2026-08-14,2,09:16->15:20 SL30,09:16,15:20,30,130,2,PAPER,,24300,24350,1,1,24370.1,24329.0,201.45,198.4,TIME_EXIT,15:20:01,236,200.7,198.55,TIME,15:20,279,166,192.1,178.2,TIME,15:20,1807,1696,1530,DWELL2
CSL30F_SENSEX,SENSEX,2026-08-14,4,09:16->15:20 SL30,09:16,15:20,30,60,3,PAPER,,77800,77900,1,1,77937.35,77774.37,884.7,848.35,TIME_EXIT,15:20:01,2021,876.15,851.05,TIME,15:20,1506,1359,869.55,821.6,TIME,15:20,2877,2731,1372,DWELL2
NAS_C20_TRAIL,NIFTY,2026-08-14,2,09:16->15:20 SL20,09:16,15:20,20,130,2,PAPER,trail,24300,24350,1,1,24370.1,24329.0,201.45,198.45,TIME_EXIT,15:20:01,230,200.7,198.55,TIME,15:20,279,166,192.1,178.2,TIME,15:20,1807,1696,1530,DWELL2
NAS_C20_SHIFT,NIFTY,2026-08-14,2,09:16->15:20 SL20,09:16,15:20,20,130,2,PAPER,shift,24300,24350,1,1,24370.1,24329.0,201.45,198.45,TIME_EXIT,15:20:01,230,200.7,198.55,TIME,15:20,279,166,192.1,178.2,TIME,15:20,1807,1696,1530,DWELL2
CSL_TIMEB_NIFTY,NIFTY,2026-08-17,1,13:00->14:00 SL20,13:00,14:00,20,390,6,REAL,,24350,24400,1,1,24375.95,24334.0,124.35,120.85,TIME_EXIT,14:00:03,1205,125.05,121.1,TIME,14:00,1540,1254,125.8,119.0,TIME,14:00,2652,2366,1111,DWELL2
CSL_TIMEB_SENSEX,SENSEX,2026-08-17,3,13:00->14:00 SL20,13:00,14:00,20,120,6,PAPER,,77800,78000,1,2,78002.5,77841.43,693.25,686.35,TIME_EXIT,14:00:03,668,693.5,684.95,TIME,14:00,1026,771,670.8,658.45,TIME,14:00,1482,1233,461,DWELL2
NAS_COMB20,NIFTY,2026-08-17,1,09:16->15:20 SL30,09:16,15:20,30,130,2,PAPER,,24300,24300,0,0,24323.6,24307.95,133.35,133.05,TIME_EXIT,15:20:10,-121,135.0,133.05,TIME,15:20,253,156,135.0,133.05,TIME,15:20,253,156,0,DWELL2
CSL_TIMEB_NIFTY,NIFTY,2026-08-18,0,09:30->11:00 SL25,09:30,11:00,25,520,8,REAL,,24250,24250,0,0,24237.15,24245.1,81.8,77.25,TIME_EXIT,11:00:03,2206,80.45,78.5,TIME,11:00,1014,676,80.45,78.5,TIME,11:00,1014,676,0,DWELL2
CSL_TIMEB_SENSEX,SENSEX,2026-08-18,2,09:25->11:00 SL20,09:25,11:00,20,120,6,PAPER,,77500,77600,1,1,77555.15,77498.77,588.95,569.45,TIME_EXIT,11:00:03,2180,594.05,573.1,TIME,11:00,2514,2282,592.65,592.35,TIME,11:00,36,-196,-2479,DWELL2
NAS_COMB20,NIFTY,2026-08-18,0,09:16->15:20 SL25,09:16,15:20,25,130,2,PAPER,,24250,24250,0,0,24241.0,24244.35,86.95,58.45,TIME_EXIT,15:20:15,3545,87.6,57.25,TIME,15:20,3945,3861,87.6,57.25,TIME,15:20,3945,3861,0,DWELL2
CSL30F_SENSEX,SENSEX,2026-08-18,2,09:16->15:20 SL30,09:16,15:20,30,60,3,PAPER,,77500,77600,1,1,77567.65,77527.32,575.2,531.3,TIME_EXIT,15:20:00,2474,585.65,531.3,TIME,15:20,3261,3147,581.5,547.95,TIME,15:20,2013,1899,-1248,DWELL2
CSL_TIMEB_SENSEX,SENSEX,2026-08-19,1,10:30->12:00 SL20,10:30,12:00,20,160,8,REAL,,76900,77000,1,1,77014.3,76935.64,441.62,439.19,TIME_EXIT,12:00:09,229,441.4,435.6,TIME,12:00,928,664,431.35,419.35,TIME,12:00,1920,1659,995,DWELL2
CSL30F_NIFTY,NIFTY,2026-08-19,4,09:16->15:20 SL30,09:16,15:20,30,130,2,PAPER,,24100,24150,1,1,24145.3,24120.3,262.3,234.15,TIME_EXIT,15:20:00,3500,262.5,234.15,TIME,15:20,3686,3558,258.6,235.15,TIME,15:20,3049,2922,-636,DWELL2
CSL30F_SENSEX,SENSEX,2026-08-19,1,09:16->15:20 SL30,09:16,15:20,30,60,3,PAPER,,77100,77200,1,1,77164.8,77141.55,468.8,397.75,TIME_EXIT,15:20:00,4103,465.9,395.95,TIME,15:20,4197,4097,464.65,424.75,TIME,15:20,2394,2293,-1804,DWELL2
NAS_C20_TRAIL,NIFTY,2026-08-19,4,09:16->15:20 SL20,09:16,15:20,20,130,2,PAPER,trail,24100,24150,1,1,24145.3,24120.3,262.75,234.15,TIME_EXIT,15:20:00,3558,262.5,234.15,TIME,15:20,3686,3558,258.6,235.15,TIME,15:20,3049,2922,-636,DWELL2
NAS_C20_SHIFT,NIFTY,2026-08-19,4,09:16->15:20 SL20,09:16,15:20,20,130,2,PAPER,shift,24100,24150,1,1,24145.3,24120.3,262.75,234.15,TIME_EXIT,15:20:00,3558,262.5,234.15,TIME,15:20,3686,3558,258.6,235.15,TIME,15:20,3049,2922,-636,DWELL2
CSL_TIMEB_SENSEX,SENSEX,2026-08-20,0,13:00->15:20 SLnone,13:00,15:20,none,160,8,REAL,,77600,77600,0,0,77572.65,77521.99,173.79,144.45,TIME_EXIT,15:20:00,4534,173.55,142.5,TIME,15:20,4968,4786,173.55,142.5,TIME,15:20,4968,4786,0,DWELL2
NAS_COMB20,NIFTY,2026-08-20,3,09:16->15:20 SL20,09:16,15:20,20,325,5,REAL,,24200,24250,1,1,24258.7,24213.45,207.75,208.45,TIME_EXIT,15:20:00,-387,210.2,208.7,TIME,15:20,487,197,206.75,193.0,TIME,15:20,4469,4182,3985,DWELL2
CSL30F_NIFTY,NIFTY,2026-08-20,3,09:16->15:20 SL30,09:16,15:20,30,130,2,PAPER,,24200,24250,1,1,24258.7,24213.45,211.25,208.45,TIME_EXIT,15:20:00,204,210.2,208.7,TIME,15:20,195,79,206.75,193.0,TIME,15:20,1788,1673,1594,DWELL2
CSL30F_SENSEX,SENSEX,2026-08-20,0,09:16->15:20 SL30,09:16,15:20,30,60,3,PAPER,,77500,77500,0,0,77472.65,77465.68,267.3,123.25,TIME_EXIT,15:20:00,8483,271.15,123.1,TIME,15:20,8883,8807,271.15,123.1,TIME,15:20,8883,8807,0,DWELL2
NAS_C20_TRAIL,NIFTY,2026-08-20,3,09:16->15:20 SL20,09:16,15:20,20,130,2,PAPER,trail,24200,24250,1,1,24258.7,24213.45,211.35,208.45,TIME_EXIT,15:20:00,217,210.2,208.7,TIME,15:20,195,79,206.75,193.0,TIME,15:20,1788,1673,1594,DWELL2
NAS_C20_SHIFT,NIFTY,2026-08-20,3,09:16->15:20 SL20,09:16,15:20,20,130,2,PAPER,shift,24200,24250,1,1,24258.7,24213.45,211.35,208.45,TIME_EXIT,15:20:00,217,210.2,208.7,TIME,15:20,195,79,206.75,193.0,TIME,15:20,1788,1673,1594,DWELL2
CSL_TIMEB_NIFTY,NIFTY,2026-08-21,2,10:00->12:00 SL20,10:00,12:00,20,520,8,REAL,,24250,24300,1,1,24295.4,24246.9,175.13,168.29,TIME_EXIT,12:00:05,3399,175.8,168.65,TIME,12:00,3718,3288,169.4,163.35,TIME,12:00,3146,2722,-566,DWELL2
NAS_COMB20,NIFTY,2026-08-21,2,09:16->15:20 SL30,09:16,15:20,30,130,2,REAL,,24250,24300,1,1,24307.35,24261.15,184.2,163.7,TIME_EXIT,15:20:03,2505,179.45,162.95,TIME,15:20,2145,2037,170.35,157.75,TIME,15:20,1638,1532,-505,DWELL2
CSL30F_NIFTY,NIFTY,2026-08-21,2,09:16->15:20 SL40,09:16,15:20,40,130,2,PAPER,,24250,24300,1,1,24307.35,24261.15,179.45,163.7,TIME_EXIT,15:20:03,1888,179.45,162.95,TIME,15:20,2145,2037,170.35,157.75,TIME,15:20,1638,1532,-505,DWELL2
CSL30F_SENSEX,SENSEX,2026-08-21,4,09:16->15:20 SL25,09:16,15:20,25,60,3,PAPER,,77600,77800,1,2,77793.15,77593.11,815.55,753.55,TIME_EXIT,15:20:03,3560,809.55,750.1,TIME,15:20,3567,3428,783.3,737.9,TIME,15:20,2724,2588,-840,DWELL2
NAS_C20_TRAIL,NIFTY,2026-08-21,2,09:16->15:20 SL20,09:16,15:20,20,130,2,PAPER,trail,24250,24300,1,1,24307.35,24261.15,179.45,163.7,TIME_EXIT,15:20:03,1888,179.45,162.95,TIME,15:20,2145,2037,170.35,157.75,TIME,15:20,1638,1532,-505,DWELL2
NAS_C20_SHIFT,NIFTY,2026-08-21,2,09:16->15:20 SL20,09:16,15:20,20,130,2,PAPER,shift,24250,24300,1,1,24307.35,24261.15,179.45,163.7,TIME_EXIT,15:20:03,1888,179.45,162.95,TIME,15:20,2145,2037,170.35,157.75,TIME,15:20,1638,1532,-505,DWELL2
NAS_COMB20,NIFTY,2026-08-24,1,09:16->15:20 SL30,09:16,15:20,30,130,2,REAL,,24300,24350,1,1,24335.75,24297.35,125.25,161.7,SL_DWELL,11:37:00,-4899,124.85,164.3,SL,13:08,-5129,-6883,118.5,159.65,SL,11:14,-5350,-7102,-220,DWELL2
CSL30F_NIFTY,NIFTY,2026-08-24,1,09:16->15:20 SL30,09:16,15:20,30,130,2,PAPER,,24300,24350,1,1,24335.75,24297.35,125.85,163.05,SL_DWELL,11:37:00,-4996,124.85,164.3,SL,13:08,-5129,-6883,118.5,159.65,SL,11:14,-5350,-7102,-220,DWELL2
CSL_TIMEB2_NIFTY,NIFTY,2026-08-24,1,10:00->12:00 SL25,10:00,12:00,25,130,2,PAPER,,24250,24300,1,1,24308.6,24268.2,130.5,134.3,TIME_EXIT,12:00:04,-654,130.4,134.45,TIME,12:00,-526,-624,116.9,159.05,SL,11:33,-5479,-7232,-6608,DWELL2
CSL_TIMEB_NIFTY_MON,NIFTY,2026-08-24,1,13:00->14:00 SL20,13:00,14:00,20,520,8,PAPER,,24200,24200,0,0,24200.55,24181.85,123.35,119.65,TIME_EXIT,14:00:02,1764,123.75,119.65,TIME,14:00,2132,1752,123.75,119.65,TIME,14:00,2132,1752,0,DWELL2
NAS_C20_TRAIL,NIFTY,2026-08-24,1,09:16->15:20 SL20+trail,09:16,15:20,20,130,2,PAPER,trail,24300,24350,1,1,24335.75,24297.35,126.0,26,TRAIL_EXIT,14:31:11,-3442,124.85,157.0,SL,11:34,-4180,-5933,118.5,156.8,SL,11:06,-4979,-6731,-798,DWELL2
CSL30F_SENSEX,SENSEX,2026-08-24,3,09:16->15:20 SL20,09:16,15:20,20,60,3,PAPER,,77700,77900,1,2,77868.3,77742.17,663.3,688.6,TIME_EXIT,15:20:00,-1678,664.8,683.4,TIME,15:20,-1116,-1241,642.65,792.95,SL,11:34,-9018,-9908,-8667,DWELL2
NAS_C20_SHIFT,NIFTY,2026-08-24,1,09:16->15:20 SL20,09:16,15:20,20,130,2,PAPER,shift,24200,24350,1,3,24335.75,24297.35,132.5,119.8,TIME_EXIT,15:20:00,-2348,173.8,118.7,TIME,15:20,7163,7059,118.5,156.8,SL,11:06,-4979,-6731,-13790,DWELL2
NAS_C20_TRAIL,NIFTY,2026-08-25,0,09:16->15:20 SL20+trail,09:16,15:20,20,130,2,PAPER,trail,24150,24150,0,0,24145.5,24147.45,81.75,22.3,TRAIL_EXIT,09:39:02,-2246,83.4,118.85,SL,14:54,-4608,-6352,83.4,118.85,SL,14:54,-4608,-6352,0,DWELL2
CSL_TIMEB_NIFTY,NIFTY,2026-08-25,0,09:30->11:00 SL25,09:30,11:00,25,520,8,REAL,,24200,24200,0,0,24199.1,24181.5,82.7,75.85,TIME_EXIT,11:00:06,3402,82.2,75.8,TIME,11:00,3328,2989,82.2,75.8,TIME,11:00,3328,2989,0,DWELL2
CSL_TIMEB2_NIFTY,NIFTY,2026-08-25,0,13:00->14:00 SL25,13:00,14:00,25,130,2,PAPER,,24150,24150,0,0,24169.0,24157.05,53.7,45.8,TIME_EXIT,14:00:01,867,54.4,45.4,TIME,14:00,1170,1092,54.4,45.4,TIME,14:00,1170,1092,0,DWELL2
CSL30F_NIFTY,NIFTY,2026-08-25,0,09:16->15:20 SL25,09:16,15:20,25,130,2,PAPER,,24150,24150,0,0,24145.5,24147.45,81.75,104.25,SL_DWELL,14:51:58,-3085,83.4,118.85,SL,14:54,-4608,-6352,83.4,118.85,SL,14:54,-4608,-6352,0,DWELL2
NAS_COMB20,NIFTY,2026-08-25,0,09:16->15:20 SL25,09:16,15:20,25,130,2,REAL,,24150,24150,0,0,24145.5,24147.45,83.25,110.67,SL_DWELL,14:52:07,-3725,83.4,118.85,SL,14:54,-4608,-6352,83.4,118.85,SL,14:54,-4608,-6352,0,DWELL2
CSL30F_SENSEX,SENSEX,2026-08-25,2,09:16->15:20 SL20,09:16,15:20,20,60,3,PAPER,,77200,77200,0,0,77247.8,77172.52,583.85,720.1,SL_DWELL,14:52:07,-8335,574.1,716.1,SL,14:52,-8520,-9402,574.1,716.1,SL,14:52,-8520,-9402,0,DWELL2
NAS_C20_SHIFT,NIFTY,2026-08-25,0,09:16->15:20 SL20,09:16,15:20,20,130,2,PAPER,shift,24200,24150,1,-1,24145.5,24147.45,88.3,81.25,TIME_EXIT,15:20:04,-1535,97.55,87.15,TIME,15:20,1352,1264,83.4,118.85,SL,14:54,-4608,-6352,-7616,DWELL2
CSL_TIMEB_SENSEX,SENSEX,2026-08-26,1,10:30->12:00 SL20,10:30,12:00,20,160,8,REAL,,77700,77900,1,2,77868.8,77737.28,419.67,404.41,TIME_EXIT,12:00:09,2282,422.3,403.45,TIME,12:00,3016,2758,388.5,398.2,TIME,12:00,-1552,-1801,-4560,DWELL2
CSL30F_SENSEX_WED,SENSEX,2026-08-26,1,09:16->15:20 SL30,09:16,15:20,30,60,3,REAL,,77900,78000,1,1,78007.35,77903.03,411.77,373.85,TIME_EXIT,15:20:05,2115,417.85,375.85,TIME,15:20,2520,2425,404.3,412.5,TIME,15:20,-492,-587,-3012,DWELL2
CSL30F_NIFTY,NIFTY,2026-08-26,4,09:16->15:20 SL30,09:16,15:20,30,130,2,PAPER,,24350,24450,1,2,24427.45,24337.3,227.5,214.75,TIME_EXIT,15:20:05,1498,229.45,214.2,TIME,15:20,1982,1862,216.0,218.6,TIME,15:20,-338,-456,-2318,DWELL2
CSL30F_SENSEX,SENSEX,2026-08-26,1,09:16->15:20 SL20,09:16,15:20,20,60,3,PAPER,,77900,78000,1,1,78007.35,77903.03,416.0,374.25,TIME_EXIT,15:20:06,2345,417.85,375.85,TIME,15:20,2520,2425,404.3,412.5,TIME,15:20,-492,-587,-3012,DWELL2
NAS_C20_TRAIL,NIFTY,2026-08-26,4,09:16->15:20 SL20,09:16,15:20,20,130,2,PAPER,trail,24350,24450,1,2,24427.45,24337.3,227.6,214.75,TIME_EXIT,15:20:06,1510,229.45,214.2,TIME,15:20,1982,1862,216.0,218.6,TIME,15:20,-338,-456,-2318,DWELL2
NAS_C20_SHIFT,NIFTY,2026-08-26,4,09:16->15:20 SL20,09:16,15:20,20,130,2,PAPER,shift,24350,24450,1,2,24427.45,24337.3,227.6,214.75,TIME_EXIT,15:20:06,1510,229.45,214.2,TIME,15:20,1982,1862,216.0,218.6,TIME,15:20,-338,-456,-2318,DWELL2
